1782437948749053517|536000.0|
1782437948848317618|538000.0|0.0201482709242488
1782437948950613798|533000.0|-0.0488776804764362
1782437949047892357|538000.0|0.0513987876814664
1782437949148567679|542000.0|0.0397316832023641
1782437949248646653|538000.0|-0.0399684353278842
1782437949348715515|539000.0|0.00999311853871187
1782437949449104839|533000.0|-0.0597673115121285
1782437949547888188|534000.0|0.010123163570816
1782437949648027641|535000.0|0.00998607412005736
1782437949748843971|534000.0|-0.0099190279987379
1782437949848074565|540000.0|0.0604652230540916
1782437949948065764|535000.0|-0.0500044008873221
1782437950048053744|536000.0|0.0100012021444978
1782437950148018492|546000.0|0.100035264431417
1782437950248012407|539000.0|-0.0700042597592063
1782437950348649391|555000.0|0.158987276486744
1782437950448067342|549000.0|-0.060351273986727
1782437950548072585|554000.0|0.049997378637438
1782437950648043220|547000.0|-0.0700205615378956
1782437950748672092|550000.0|0.0298125174254164
1782437950848092539|553000.0|0.0301748794189187
1782437950948706578|548000.0|-0.0496948542141321
1782437951048018400|550000.0|0.0201385893413576
1782437951148054696|552000.0|0.0199927434338433
1782437951248077024|553000.0|0.0099977676984283
1782437951348936420|552000.0|-0.00991479266839948
1782437951448014177|540000.0|-0.121116992989658
1782437951548004218|539000.0|-0.0100009959991916
1782437951647884947|541000.0|0.0200238826851174
1782437951747988970|539000.0|-0.0199792170190802
1782437951848002883|540000.0|0.00999860889354464
1782437951948836839|535000.0|-0.0495864706528027
1782437952048156545|535000.0|0.0
1782437952148061959|537000.0|0.0200189351099631
1782437952248700153|535000.0|-0.0198731706175093
1782437952348065394|542000.0|0.0704471697502349
1782437952448071703|540000.0|-0.0199987382796019
1782437952548090220|537000.0|-0.0299944459284474
1782437952648057122|535000.0|-0.0200066217916806
1782437952747892920|534000.0|-0.0100164472066423
1782437952848845464|536000.0|0.0198112887576166
1782437952948068754|532000.0|-0.0403131160033093
1782437953048942417|539000.0|0.0693937326336608
1782437953148003960|542000.0|0.0302842042345333
1782437953248020763|536000.0|-0.0599899198937602
1782437953348024925|537000.0|0.00999958381732152
1782437953448129087|541000.0|0.0399583785537309
1782437953548085153|543000.0|0.0200087906620895
1782437953648021460|536000.0|-0.0700446135156865
1782437953748064454|0.0|-5.35769651196165
1782437953848274567|539000.0|5.37869865489524
1782437953948072107|539000.0|0.0
1782437954048861080|535000.0|-0.0396868812226115
1782437954148723864|541000.0|0.060082442724609
1782437954248023340|542000.0|0.010070546595835
1782437954348002827|541000.0|-0.0100020517208695
1782437954448010715|541000.0|0.0
1782437954548002442|540000.0|-0.0100008273684482
1782437954648027930|541000.0|0.00999745184947261
1782437954748741029|543000.0|0.0198583900193559
1782437954848356279|542000.0|-0.0100386236043176
1782437954947896841|539000.0|-0.0301384675726464
1782437955048305621|537000.0|-0.019918576841587
1782437955147900836|545000.0|0.0803251441346856
1782437955248760347|541000.0|-0.0396591254542172
1782437955347907325|543000.0|0.0201720722138399
1782437955448018457|540000.0|-0.0299666974098345
1782437955547969878|544000.0|0.0400194410442649
1782437955647999298|544000.0|0.0
1782437955748706811|542000.0|-0.0198594915157919
1782437955848118026|545000.0|0.0301776816629794
1782437955947903800|541000.0|-0.0400858743652176
1782437956048061363|539000.0|-0.0199685369740875
1782437956147893773|547000.0|0.080134297068457
1782437956248054150|536000.0|-0.109823867775578
1782437956348391278|544000.0|0.079731203787296
1782437956449086675|539000.0|-0.0496547026871546
1782437956548706239|538000.0|-0.0100381888842637
1782437956648011421|541000.0|0.0302099038497306
1782437956747909127|540000.0|-0.0100102398747775
1782437956848894220|544000.0|0.0396098065681833
1782437956949782368|540000.0|-0.0396478682510853
1782437957047933970|540000.0|0.0
1782437957148305159|544000.0|0.0398520734869445
1782437957248621996|544000.0|0.0
1782437957348709554|539000.0|-0.0499562592984834
1782437957447998029|538000.0|-0.0100716623958622
1782437957548013476|542000.0|0.0399938221542918
1782437957648002251|546000.0|0.0400044905040591
1782437957747905346|547000.0|0.0100096998996878
1782437957848672468|549000.0|0.0198477435923991
1782437957947989055|552000.0|0.0302064347015872
1782437958047946549|551000.0|-0.0100042524075283
1782437958148002745|553000.0|0.0199887671124335
1782437958247967997|556000.0|0.0300104280235296
1782437958348655676|553000.0|-0.0297951053177023
1782437958447902068|557000.0|0.0403037321497793
1782437958548747556|550000.0|-0.069413120396621
1782437958647906348|537000.0|-0.131102847642597
1782437958748050639|534000.0|-0.0299567750696842
1782437958848152146|536000.0|0.0199797191864454
1782437958948942353|533000.0|-0.0297647964945642
1782437959049172419|536000.0|0.0299311386266073
1782437959148065274|534000.0|-0.0202239079860724
1782437959248069419|536000.0|0.0199991710343606
1782437959348071084|538000.0|0.0199996670055444
1782437959448128589|535000.0|-0.0299827584147736
1782437959548060447|536000.0|0.0100068188464984
1782437959647907824|540000.0|0.0400611425175445
1782437959748610733|537000.0|-0.0297905991970897
1782437959848616686|537000.0|0.0
1782437959948050387|541000.0|0.0402278096839622
1782437960048699358|537000.0|-0.0397420853910171
1782437960148055168|541000.0|0.0402593466854128
1782437960248059295|541000.0|0.0
1782437960348066029|536000.0|-0.0499966332267185
1782437960448065931|540000.0|0.0400000392000384
1782437960548062201|535000.0|-0.0500018650695671
1782437960647899576|534000.0|-0.0100162889899699
1782437960747976214|536000.0|0.0199846841377705
1782437960848073027|536000.0|0.0
1782437960948003506|534000.0|-0.0200139138730637
1782437961048911337|536000.0|0.0198200672849662
1782437961148010154|538000.0|0.0201818756322792
1782437961247994629|537000.0|-0.010001552741063
1782437961348497469|536000.0|-0.00994996758300561
1782437961448748407|534000.0|-0.01994993802452
1782437961548628259|531000.0|-0.0300360877587203
1782437961647905858|533000.0|0.0201455315211642
1782437961748001181|534000.0|0.00999047677782108
1782437961847997016|540000.0|0.0600024991040877
1782437961947995459|537000.0|-0.0300004671072729
1782437962048585802|534000.0|-0.0298239364786737
1782437962149021376|541000.0|0.0696964205133133
1782437962248808394|535000.0|-0.0601280619489
1782437962349083905|544000.0|0.0897527213797993
1782437962447998096|537000.0|-0.0707684097623565
1782437962548770675|537000.0|0.0
1782437962647920928|538000.0|0.0100857029583172
1782437962747997544|538000.0|0.0
1782437962847920737|542000.0|0.0400307464153993
1782437962948007177|535000.0|-0.0699395442579434
1782437963048003153|539000.0|0.0400016096647729
1782437963148004582|539000.0|0.0
1782437963247993100|538000.0|-0.0100011483318515
1782437963347995538|540000.0|0.0199995124118874
1782437963447997687|533000.0|-0.0699984957323267
1782437963547990845|540000.0|0.0700047897277132
1782437963647899187|541000.0|0.0100091742088964
1782437963748004472|537000.0|-0.0399579302930909
1782437963847914286|540000.0|0.0300270802225695
1782437963948007459|535000.0|-0.0499534568656346
1782437964048014279|538000.0|0.0299979541395277
1782437964147994074|546000.0|0.0800161672665962
1782437964248003309|541000.0|-0.0499953829263867
1782437964347997888|538000.0|-0.0300016263881665
1782437964448006179|536000.0|-0.01999834193747
1782437964548121700|534000.0|-0.0199769224594057
1782437964648029448|536000.0|0.0200184674365796
1782437964748084794|558000.0|0.219878306152677
1782437964848043981|552000.0|-0.0600244977982864
1782437964947993616|549000.0|-0.0300151171137343
1782437965048040640|550000.0|0.00999529981021724
1782437965148092208|551000.0|0.009994845857888
1782437965247987648|550000.0|-0.0100104669442369
1782437965348675532|553000.0|0.0297950446550252
1782437965448093695|552000.0|-0.01005852421554
1782437965548453309|551000.0|-0.00996416745883459
1782437965647996879|545000.0|-0.0602751137014676
1782437965747997375|544000.0|-0.00999995040024601
1782437965848015871|537000.0|-0.0699870551942713
1782437965948708346|537000.0|0.0
1782437966048265404|537000.0|0.0
1782437966148053321|540000.0|0.0300637601243846
1782437966248299573|535000.0|-0.049877176455435
1782437966347941332|542000.0|0.0702516702861498
1782437966448713532|533000.0|-0.0893103455119567
1782437966547922958|535000.0|0.020159374775538
1782437966647965690|534000.0|-0.00999572862524386
1782437966747904680|537000.0|0.0300183141734772
1782437966848037108|537000.0|0.0
1782437966948039233|535000.0|-0.0199995750090311
1782437967048448474|534000.0|-0.0099592426956001
1782437967148770786|539000.0|0.0498393617563359
1782437967248464126|536000.0|-0.0300922809888805
1782437967348911797|540000.0|0.0398217296645932
1782437967448659729|533000.0|-0.0701768934918871
1782437967548914010|536000.0|0.0299239091844866
1782437967648008873|534000.0|-0.0201826809125313
1782437967748104722|538000.0|0.0399616971129342
1782437967848044189|539000.0|0.0100060569664635
1782437967948034999|538000.0|-0.0100009190844639
1782437968047917809|544000.0|0.0600703964976556
1782437968148020055|542000.0|-0.0199795716871328
1782437968248512364|541000.0|-0.00995101028079671
1782437968348055014|540000.0|-0.0100459451300523
1782437968448582297|537000.0|-0.0298426448071814
1782437968548641056|540000.0|0.0299823826517776
1782437968647951036|542000.0|0.0201389628716067
1782437968747897283|544000.0|0.020010756381878
1782437968848028650|544000.0|0.0
1782437968948025105|544000.0|0.0
1782437969048058247|542000.0|-0.0199933737960565
1782437969148147323|543000.0|0.0099911003274723
1782437969248974763|543000.0|0.0
1782437969347916837|548000.0|0.0505346188720483
1782437969448500086|542000.0|-0.059652079840849
1782437969547900751|540000.0|-0.0201205897364972
1782437969647917059|546000.0|0.059990216795445
1782437969748374900|540000.0|-0.0597265473782181
1782437969848353513|543000.0|0.0300064174725048
1782437969948689804|542000.0|-0.00996648361259437
1782437970047919699|541000.0|-0.0100776081643541
1782437970148007044|552000.0|0.109904004347403
1782437970249122462|542000.0|-0.0988968863284529
1782437970348725123|543000.0|0.0100398924080954
1782437970448660004|543000.0|0.0
1782437970548353976|540000.0|-0.0300920902218642
1782437970648238586|546000.0|0.0600693139814031
1782437970747887854|540000.0|-0.0602111798754006
1782437970847896351|540000.0|0.0
1782437970948365630|539000.0|-0.00995329129414774
1782437971048014784|538000.0|-0.0100352081263028
1782437971147899871|547000.0|0.0901035406817036
1782437971248102621|545000.0|-0.0199595320487711
1782437971348768680|548000.0|0.0298015043978229
1782437971449101652|545000.0|-0.0299004399072321
1782437971548419959|542000.0|-0.0302059115848602
1782437971648779988|543000.0|0.00996412625588221
1782437971748283381|554000.0|0.110548994042846
1782437971848942208|566000.0|0.119214582144892
1782437971949030190|554000.0|-0.119894514408333
1782437972048654494|557000.0|0.0301131338393089
1782437972148038462|558000.0|0.0100619850477292
1782437972248832613|558000.0|0.0
1782437972347891719|561000.0|0.03028494927059
1782437972447883779|554000.0|-0.0700055584413402
1782437972547893487|0.0|-5.53946222900681
1782437972647890571|556000.0|5.56016213432784
1782437972747886215|560000.0|0.0400017424759022
1782437972847881460|559000.0|-0.0100004755226111
1782437972948762634|553000.0|-0.0594759137121065
1782437973047883146|540000.0|-0.131153479110358
1782437973147907459|538000.0|-0.0199951385819566
1782437973247892908|539000.0|0.0100014553117624
1782437973347896822|540000.0|0.0099996086153188
1782437973447925903|539000.0|-0.00999709274545869
1782437973547890600|541000.0|0.0200070630934839
1782437973649406599|540000.0|-0.00985066403178478
1782437973748922180|542000.0|0.0200973554080943
1782437973849859991|538000.0|-0.0396283608726169
1782437973947903708|542000.0|0.0407981268192841
1782437974047895316|538000.0|-0.0400033570817263
1782437974148366711|546000.0|0.0796246533652688
1782437974248309710|539000.0|-0.0700399234567696
1782437974347898599|542000.0|0.0301238424298518
1782437974448957383|544000.0|0.0197904617573867
1782437974547997475|539000.0|-0.0504846057695504
1782437974648246648|541000.0|0.0199502892657279
1782437974748291198|545000.0|0.0399821879352748
1782437974847980966|544000.0|-0.0100311197434024
1782437974948553545|542000.0|-0.0198861361604339
1782437975048047633|540000.0|-0.0201016968968046
1782437975147988837|543000.0|0.0300176491770101
1782437975248389798|538000.0|-0.04980032013837
1782437975348339242|537000.0|-0.010005058157202
1782437975447906752|538000.0|0.0100434368600761
1782437975547946388|541000.0|0.0299881139111702
1782437975647894567|540000.0|-0.0100051847868084
1782437975748214409|544000.0|0.0398724710910131
1782437975848414283|542000.0|-0.0199601049398525
1782437975947899266|538000.0|-0.0402070732625044
1782437976047970596|537000.0|-0.00999287208434224
1782437976147993813|543000.0|0.0599860730334238
1782437976248208996|536000.0|-0.0698496953300978
1782437976348050694|543000.0|0.0701109870947908
1782437976447920791|543000.0|0.0
1782437976548716771|538000.0|-0.0496051529039154
1782437976648039032|542000.0|0.0402729454578164
1782437976747908762|543000.0|0.0100130439924089
1782437976848020010|542000.0|-0.00998888756236462
1782437976948347320|540000.0|-0.0199347515646537
1782437977049015956|542000.0|0.0198671610093138
1782437977148105415|542000.0|0.0
1782437977247893383|540000.0|-0.020042496506192
1782437977349287404|543000.0|0.0295875434311852
1782437977447915123|538000.0|-0.0506956872844236
1782437977548452397|536000.0|-0.0198931194414521
1782437977648023294|539000.0|0.0301292856686829
1782437977747911132|542000.0|0.0300336863833213
1782437977848358583|543000.0|0.00995545422053567
1782437977947989880|543000.0|0.0
1782437978048572240|537000.0|-0.0596526070774239
1782437978148061327|538000.0|0.0100513536725892
1782437978247887419|535000.0|-0.0300522632900424
1782437978349080638|538000.0|0.0296462552495736
1782437978449019722|537000.0|-0.0100060953130209
1782437978548553544|543000.0|0.0602810168386782
1782437978649196911|545000.0|0.019872149150177
1782437978748432655|541000.0|-0.0403080567421352
1782437978848719464|537000.0|-0.0398856044965994
1782437978949000738|532000.0|-0.0498597574657857
1782437979048419360|546000.0|0.140818688877019
1782437979148004059|550000.0|0.0401668131767913
1782437979247927732|558000.0|0.0800611082420879
1782437979348707463|553000.0|-0.0496131508824924
1782437979448992717|550000.0|-0.029914667215182
1782437979547912588|548000.0|-0.0202183846357826
1782437979648913054|549000.0|0.00990094441742477
1782437979748600121|551000.0|0.0200627830689411
1782437979848630033|551000.0|0.0
1782437979947925534|553000.0|0.0201418994804206
1782437980047988917|545000.0|-0.0799493257188796
1782437980148678630|535000.0|-0.0993150114550431
1782437980247922320|536000.0|0.010076207363914
1782437980348021382|539000.0|0.0299703108107047
1782437980447910652|536000.0|-0.0300332558241741
1782437980548204240|535000.0|-0.00997072714159952
1782437980648014615|533000.0|-0.0200379970519097
1782437980748024732|536000.0|0.02999696520703
1782437980848024770|537000.0|0.00999999620000144
1782437980948902898|534000.0|-0.0297388547892165
1782437981048005469|539000.0|0.0504527778598196
1782437981148362830|547000.0|0.0797151292170786
1782437981248741086|539000.0|-0.0796985355075306
1782437981348581538|543000.0|0.0400639211849722
1782437981448693748|539000.0|-0.0399551663078859
1782437981548112011|534000.0|-0.050292570490796
1782437981648337628|536000.0|0.0199549781768867
1782437981747999345|541000.0|0.0501697156190877
1782437981849060381|540000.0|-0.00989501037768898
1782437981948645283|532000.0|-0.0803334625965691
1782437982048004152|533000.0|0.0100645268013266
1782437982148722915|544000.0|0.109215002968216
1782437982248012776|533000.0|-0.110786739846478
1782437982348005353|540000.0|0.0700051964857351
1782437982448821524|537000.0|-0.0297571309269423
1782437982547912249|536000.0|-0.0100917618677227
1782437982647923225|535000.0|-0.00999890252045935
1782437982748364583|539000.0|0.0398242325636418
1782437982848714917|542000.0|0.0298952667163021
1782437982948812835|539000.0|-0.0299706533356668
1782437983047908888|538000.0|-0.0100912192738897
1782437983148606481|544000.0|0.0595843437886346
1782437983248462239|541000.0|-0.0300433351074257
1782437983347911232|544000.0|0.0301662179726646
1782437983448550841|540000.0|-0.0397457823986578
1782437983548627382|540000.0|0.0
1782437983649323167|538000.0|-0.0198618045432587
1782437983748700160|538000.0|0.0
1782437983848608302|539000.0|0.0100091942456502
1782437983947890576|539000.0|0.0
1782437984048753638|536000.0|-0.0297432969068498
1782437984147893927|547000.0|0.110953882734798
1782437984249227128|542000.0|-0.0493421697001361
1782437984347893164|544000.0|0.0202703998364746
1782437984448718673|535000.0|-0.0892631248705127
1782437984548585452|532000.0|-0.0300400196145307
1782437984648661414|536000.0|0.0399696382633824
1782437984748949615|538000.0|0.0199425254422502
1782437984849188343|540000.0|0.0199523681106568
1782437984948048794|542000.0|0.0202305368807189
1782437985048359601|547000.0|0.0498450780083945
1782437985148062586|549000.0|0.0200595799614224
1782437985248748878|542000.0|-0.0695228701043038
1782437985348759701|543000.0|0.00999891781712465
1782437985448449983|537000.0|-0.0601864081395617
1782437985547898635|539000.0|0.0201108809398442
1782437985647892579|543000.0|0.0400024225467094
1782437985748674454|541000.0|-0.0198448381715462
1782437985848989611|544000.0|0.0299057499356752
1782437985948345431|541000.0|-0.0301945069750318
1782437986048689964|540000.0|-0.00996566499542132
1782437986148778513|550000.0|0.0999115293398848
1782437986249007860|560000.0|0.0997711777968582
1782437986347894912|555000.0|-0.0505627369698512
1782437986448642257|551000.0|-0.0397032795256292
1782437986548059722|555000.0|0.0402343793416982
1782437986648547515|553000.0|-0.0199029149739611
1782437986747953124|554000.0|0.010059794513205
1782437986848928355|552000.0|-0.0198068375798021
1782437986948033118|550000.0|-0.0201806647779381
1782437987047896243|553000.0|0.0300411187813319
1782437987147913029|554000.0|0.00999832168172251
1782437987248599603|548000.0|-0.0595908646171634
1782437987348692500|543000.0|-0.0499535946092159
1782437987448006923|533000.0|-0.100690309603873
1782437987548342715|538000.0|0.0498326658945394
1782437987647885985|541000.0|0.0301376476782408
1782437987748887116|541000.0|0.0
1782437987848842031|540000.0|-0.0100045105335741
1782437987948139574|535000.0|-0.050353713183014
1782437988048975826|540000.0|0.049585341589253
1782437988148675715|538000.0|-0.0200602028754515
1782437988248754562|538000.0|0.0
1782437988348820034|540000.0|0.0199869141675562
1782437988448671410|537000.0|-0.0300446535659158
1782437988548979664|542000.0|0.0498463466426203
1782437988648360084|540000.0|-0.0201246885452889
1782437988748495443|537000.0|-0.0299594471918756
1782437988847935318|544000.0|0.0703942960507543
1782437988949306493|538000.0|-0.0591884231390235
1782437989047893509|543000.0|0.0507166176933482
1782437989148751260|544000.0|0.00991495437965893
1782437989248012126|536000.0|-0.0805957102973492
1782437989348580151|540000.0|0.0397740733200239
1782437989448897457|531000.0|-0.0897153278817117
1782437989548785119|536000.0|0.0500562321700952
1782437989648924059|536000.0|0.0
1782437989748675850|539000.0|0.0300746479830122
1782437989848639783|543000.0|0.0400144320051913
1782437989947998824|533000.0|-0.100645093786684
1782437990048997421|536000.0|0.0297033829093685
1782437990148677514|545000.0|0.0902888403204038
1782437990248998402|536000.0|-0.0897121245577491
1782437990348489887|538000.0|0.0201022228183648
1782437990448617177|532000.0|-0.0599237230928751
1782437990547893912|537000.0|0.0503642671165606
1782437990648118849|534000.0|-0.0299326703492964
1782437990747913101|536000.0|0.0200412344390336
1782437990847992822|538000.0|0.0199840685007505
1782437990948000560|534000.0|-0.039996905039488
1782437991048832147|539000.0|0.0495876356681761
1782437991148896858|535000.0|-0.039974132339222
1782437991248017847|0.0|-5.39744412760046
1782437991348019823|538000.0|5.37989369330062
1782437991448509843|542000.0|0.0398049477948158
1782437991548363084|537000.0|-0.050073487349299
1782437991648158277|537000.0|0.0
1782437991748730664|535000.0|-0.0198861741245139
1782437991848354754|533000.0|-0.0200754656830491
1782437991947944716|535000.0|0.0200823452468031
1782437992048834092|533000.0|-0.019823692833624
1782437992148008007|540000.0|0.0705830762050686
1782437992248934549|534000.0|-0.059449178393529
1782437992347895680|537000.0|0.0303149324354428
1782437992448440785|538000.0|0.00994578502852028
1782437992548003833|535000.0|-0.0301316608949135
1782437992648800537|531000.0|-0.0396838372810286
1782437992748714158|533000.0|0.0200172907355645
1782437992848742306|535000.0|0.0199943719841739
1782437992948397033|540000.0|0.0501732346324124
1782437993048580188|536000.0|-0.0399268719377025
1782437993148067089|541000.0|0.0502578726419471
1782437993248655679|537000.0|-0.0397659416440771
1782437993348954239|540000.0|0.0299106986182055
1782437993448336134|559000.0|0.191181703669466
1782437993547896779|553000.0|-0.0602647763079478
1782437993648565800|555000.0|0.0198670850290677
1782437993748974440|550000.0|-0.0497965115352623
1782437993847890785|551000.0|0.0101095526730188
1782437993949244026|552000.0|0.00986648271070088
1782437994048000420|549000.0|-0.0303777798934214
1782437994148085522|554000.0|0.0499574851809613
1782437994249263033|551000.0|-0.0296508578867887
1782437994348973450|554000.0|0.0300871272055757
1782437994448232511|553000.0|-0.0100746469886512
1782437994548991129|546000.0|-0.0694729655779916
1782437994648483324|543000.0|-0.0301531190461724
1782437994748585339|543000.0|0.0
1782437994848310844|545000.0|0.0200550501097989
1782437994948687257|541000.0|-0.0398499994216769
1782437995049007861|539000.0|-0.0199360841168779
1782437995148004904|543000.0|0.0404052472557185
1782437995248699280|542000.0|-0.00993104123312706
1782437995347931634|548000.0|0.0604641506337741
1782437995448765929|544000.0|-0.0396690431563983
1782437995548101498|541000.0|-0.0302006625642825
1782437995648601747|543000.0|0.0199004482068497
1782437995748542384|538000.0|-0.0500296991302947
1782437995848826219|540000.0|0.0199433936685808
1782437995948952231|542000.0|0.0199748293180797
1782437996048739220|542000.0|0.0
1782437996148485999|548000.0|0.0601523183019273
1782437996248381786|537000.0|-0.11011475388847
1782437996348973568|540000.0|0.0298235098370163
1782437996448653628|538000.0|-0.0200641933803009
1782437996548933940|542000.0|0.0398881886207135
1782437996647897141|542000.0|0.0
1782437996748874009|538000.0|-0.0396130329572115
1782437996848539429|542000.0|0.0401342812783009
1782437996948768397|540000.0|-0.0199543110131594
1782437997047905276|536000.0|-0.0403482542556136
1782437997148716078|542000.0|0.05951743147525
1782437997247902522|540000.0|-0.0201640458044851
1782437997348782539|541000.0|0.00991276597425633
1782437997448593396|536000.0|-0.0500947507143436
1782437997548871385|532000.0|-0.0398891126546225
1782437997648157893|538000.0|0.0604311715746917
1782437997748363531|538000.0|0.0
1782437997848698288|540000.0|0.0199332719767289
1782437997948891158|542000.0|0.0199615002544592
1782437998048846460|538000.0|-0.0400178871952185
1782437998148047975|541000.0|0.0302414736307203
1782437998248998549|538000.0|-0.0297175130475236
1782437998348044224|546000.0|0.0807708160906572
1782437998448786768|548000.0|0.0198525858151845
1782437998548337304|541000.0|-0.0703160453098916
1782437998647907871|541000.0|0.0
1782437998748072675|539000.0|-0.0199670934313414
1782437998847897577|539000.0|0.0
1782437998948294810|538000.0|-0.00996043386972627
1782437999048800442|535000.0|-0.0298490735325161
1782437999148872475|545000.0|0.0999280188501817
1782437999248747935|537000.0|-0.0800997562364168
1782437999348349379|536000.0|-0.0100400150825123
1782437999447914296|540000.0|0.0401747936976636
1782437999548458679|538000.0|-0.0198917128965822
1782437999647905916|540000.0|0.0201111670905447
1782437999748683625|543000.0|0.0297684877912833
1782437999847894128|545000.0|0.020159155931303
1782437999947988002|547000.0|0.0199812428081263
1782438000048936300|547000.0|0.0
1782438000148848939|565000.0|0.180157387295115
1782438000248910090|552000.0|-0.129920552283073
1782438000348763355|555000.0|0.0300440851884012
1782438000447878048|548000.0|-0.0706252502845365
1782438000547892431|557000.0|0.0899870571615684
1782438000648040414|552000.0|-0.0499261178330471
1782438000747884654|549000.0|-0.0300468008970773
1782438000848719639|549000.0|0.0
1782438000947997356|548000.0|-0.0100727537882443
1782438001048438791|551000.0|0.0298681515253142
1782438001147985494|551000.0|0.0
1782438001248624942|553000.0|0.01987292299139
1782438001347992175|552000.0|-0.0100636796437715
1782438001447997932|550000.0|-0.0199988486662823
1782438001547894825|549000.0|-0.0100103213420261
1782438001647985189|535000.0|-0.139873604615925
1782438001748591677|535000.0|0.0
1782438001847930750|537000.0|0.0201330648615978
1782438001947926123|536000.0|-0.0100004627214101
1782438002047931622|535000.0|-0.00999945013023734
1782438002147900208|532000.0|-0.0300094271614485
1782438002247939082|535000.0|0.0299883423318019
1782438002347998179|536000.0|0.00999409379039269
1782438002448547209|536000.0|0.0
1782438002548712498|538000.0|0.0199669967507407
1782438002648672413|536000.0|-0.0200080202149031
1782438002748652823|539000.0|0.0300058781515299
1782438002847885574|539000.0|0.0
1782438002949078408|537000.0|-0.0197642453614848
1782438003048441461|537000.0|0.0
1782438003147888496|539000.0|0.0201112079409909
1782438003248004214|540000.0|0.00998844157517804
1782438003348570410|543000.0|0.0298310975190908
1782438003448180660|540000.0|-0.0301173824982871
1782438003548110988|543000.0|0.0300209161727159
1782438003648024452|538000.0|-0.0500433054748257
1782438003748326057|538000.0|0.0
1782438003848050194|540000.0|0.0200553252218167
1782438003948735396|539000.0|-0.00993194610663839
1782438004048099727|536000.0|-0.0301919206802691
1782438004148456273|547000.0|0.109609192807413
1782438004248432598|541000.0|-0.0600142083638301
1782438004348000302|546000.0|0.0502170864560661
1782438004448017234|543000.0|-0.0299949212599323
1782438004548065046|541000.0|-0.0199904421697898
1782438004648136603|537000.0|-0.0399713976669714
1782438004748023648|541000.0|0.0400452330930402
1782438004848573297|540000.0|-0.00994533556253389
1782438004948901939|539000.0|-0.00996724345177522
1782438005048185356|537000.0|-0.0201443509946883
1782438005148383948|537000.0|0.0
1782438005248061408|540000.0|0.030097075106047
1782438005348576687|534000.0|-0.059692417507989
1782438005448182579|534000.0|0.0
1782438005547904664|536000.0|0.0200557379039959
1782438005647950649|536000.0|0.0
1782438005748183833|534000.0|-0.0199534716965591
1782438005848298379|537000.0|0.0299656755173219
1782438005947962015|538000.0|0.0100337499225896
1782438006047985984|538000.0|0.0
1782438006148126270|544000.0|0.0599159463155518
1782438006248397467|540000.0|-0.0398918145955712
1782438006347947118|540000.0|0.0
1782438006447997021|540000.0|0.0
1782438006548513737|540000.0|0.0
1782438006647909053|543000.0|0.0301825088015214
1782438006747919276|541000.0|-0.0199979556089981
1782438006847915787|543000.0|0.0200006978243471
1782438006948588118|537000.0|-0.0595992954608352
1782438007047914281|541000.0|0.0402713633466341
1782438007148578896|543000.0|0.0198679545935779
1782438007247991409|540000.0|-0.0301772876418485
1782438007348601418|539000.0|-0.00993936895483232
1782438007448498567|539000.0|0.0
1782438007547897449|538000.0|-0.0100604753280827
1782438007648671936|546000.0|0.0793851721616802
1782438007747999649|553000.0|0.0704737861023741
1782438007848038174|555000.0|0.0199922979672081
1782438007948358648|558000.0|0.0299041649264935
1782438008048069238|557000.0|-0.0100290250012561
1782438008148009984|553000.0|-0.0400237156524727
1782438008248109754|551000.0|-0.0199800658882633
1782438008348210707|553000.0|0.0199798297624599
1782438008448397756|553000.0|0.0
1782438008548320423|557000.0|0.0400309571400851
1782438008648050147|554000.0|-0.0300813025412564
1782438008748683544|540000.0|-0.139118825532641
1782438008848366773|546000.0|0.0601906665764208
1782438008948156033|542000.0|-0.0400844740205509
1782438009048475751|545000.0|0.0299043902814799
1782438009148495454|544000.0|-0.00999803008813174
1782438009248034345|544000.0|0.0
1782438009348000257|538000.0|-0.0600204597743279
1782438009448364534|538000.0|0.0
1782438009547918512|538000.0|0.0
1782438009648323541|540000.0|0.0199193209734544
1782438009747968719|542000.0|0.020071217093917
1782438009848358723|539000.0|-0.0298834533366489
1782438009948098861|0.0|-5.40404305436193
1782438010048009460|537000.0|5.37480512953385
1782438010148021304|545000.0|0.0799905259221098
1782438010247991453|538000.0|-0.0700209019394379
1782438010348614829|547000.0|0.0894424373119821
1782438010448212117|543000.0|-0.0401617361308071
1782438010548379625|540000.0|-0.0299498316360231
1782438010648118576|537000.0|-0.0300785196748259
1782438010748066597|541000.0|0.0400208024128862
1782438010848006394|546000.0|0.0500301196329226
1782438010947992335|546000.0|0.0
1782438011048075346|539000.0|-0.0699419404957751
1782438011148271251|542000.0|0.0299413434111903
1782438011248002488|538000.0|-0.0401077949128416
1782438011348375207|539000.0|0.00996286650359646
1782438011447968860|545000.0|0.060244802949441
1782438011548756601|541000.0|-0.0396873663434921
1782438011647997409|543000.0|0.0201529999634828
1782438011747917972|541000.0|-0.0200159000305072
1782438011847993605|543000.0|0.019984884832055
1782438011948455812|544000.0|0.00995399195241649
1782438012047909065|536000.0|-0.0804398022053638
1782438012148135175|542000.0|0.059864640062355
1782438012248031096|548000.0|0.0600625124623457
1782438012394222739|1088000.0|3.69378159324743
1782438012448650243|0.0|-19.9898933450999
1782438012547925368|544000.0|5.47972112853043
1782438012648081222|539000.0|-0.0499221942633528
1782438012747997270|544000.0|0.0500420112693008
1782438012848595506|537000.0|-0.0695837251062732
1782438012948556162|546000.0|0.0900354235370364
1782438013048047652|539000.0|-0.0703577763284076
1782438013147997585|545000.0|0.0600300552477609
1782438013248651034|541000.0|-0.0397403172940452
1782438013348160138|540000.0|-0.0100493317676742
1782438013448008264|540000.0|0.0
1782438013548013893|533000.0|-0.069996059921787
1782438013648892028|539000.0|0.0594777054512358
1782438013747925600|546000.0|0.0706831012820582
1782438013848287034|544000.0|-0.0199279735281582
1782438013948516374|549000.0|0.0498855923824301
1782438014047915878|543000.0|-0.0603624742433322
1782438014148396509|544000.0|0.00995216680118181
1782438014247995642|539000.0|-0.0502012402055749
1782438014347998389|537000.0|-0.0199994506150916
1782438014448547547|542000.0|0.0497269206371673
1782438014548383239|536000.0|-0.0600987470493018
1782438014647889413|538000.0|0.0200992553487184
1782438014748344636|537000.0|-0.00995468398890519
1782438014848168600|541000.0|0.0400705385732829
1782438014947956068|554000.0|0.130276880058726
1782438015048520889|550000.0|-0.0397753405238995
1782438015147867925|551000.0|0.0100657255642735
1782438015247882205|555000.0|0.0399942888155571
1782438015348306274|557000.0|0.0199155443502294
1782438015448364073|554000.0|-0.0299826703163838
1782438015547919029|557000.0|0.0301341100487252
1782438015648194394|554000.0|-0.029917617352976
1782438015747977412|551000.0|-0.0300652361507045
1782438015847908700|555000.0|0.0400275036983412
1782438015947898804|545000.0|-0.100009896979405
1782438016048335256|537000.0|-0.0796523557004981
1782438016148514348|539000.0|0.0199642456332106
1782438016247939638|535000.0|-0.0402312128031007
1782438016348039962|545000.0|0.0998997765481758
1782438016448736474|538000.0|-0.0695158140134983
1782438016547962726|539000.0|0.0100779781544102
1782438016648321000|540000.0|0.0099643005020194
1782438016748410445|538000.0|-0.0199821269865169
1782438016847923766|538000.0|0.0
1782438016948261960|542000.0|0.0398651783587016
1782438017048057646|539000.0|-0.0300614196890234
1782438017148578573|539000.0|0.0
1782438017248319874|537000.0|-0.0200518739975128
1782438017348994927|535000.0|-0.0198658946819725
1782438017448479766|537000.0|0.0201035657302516
1782438017548043052|537000.0|0.0
1782438017647890240|540000.0|0.0300459137617376
1782438017748361263|533000.0|-0.069671829657791
1782438017848544225|538000.0|0.049908686069793
1782438017947994023|533000.0|-0.050276622985197
1782438018048385286|537000.0|0.0398441047603914
1782438018148004361|544000.0|0.0702676671109424
1782438018247909097|538000.0|-0.0600572129033002
1782438018348469109|536000.0|-0.0198886213338956
1782438018448028729|537000.0|0.010044232792371
1782438018548241287|533000.0|-0.0399151571402857
1782438018648388550|537000.0|0.0399411814180084
1782438018747919306|536000.0|-0.0100471456280308
1782438018848291751|538000.0|0.0199257874011139
1782438018948687493|538000.0|0.0
1782438019047871434|538000.0|0.0
1782438019148170357|543000.0|0.0498509839432673
1782438019248305442|539000.0|-0.0399460388933609
1782438019347920306|543000.0|0.0401546500128736
1782438019448678730|537000.0|-0.0595483708637602
1782438019548000333|541000.0|0.0402732122638013
1782438019648071385|544000.0|0.0299786995344068
1782438019748236758|538000.0|-0.0599009400184633
1782438019847986261|547000.0|0.0902260134569292
1782438019947911203|546000.0|-0.0100075114379351
1782438020048819273|546000.0|0.0
1782438020148803796|546000.0|0.0
1782438020247917094|544000.0|-0.0201789269488338
1782438020348494172|545000.0|0.00994262330826513
1782438020447998539|544000.0|-0.010049810175668
1782438020547903239|544000.0|0.0
1782438020648366046|549000.0|0.0497696625179904
1782438020748144443|544000.0|-0.0501110475847793
1782438020847905928|549000.0|0.050119542627097
1782438020948880315|541000.0|-0.0792280125453993
1782438021048450856|541000.0|0.0
1782438021147896629|543000.0|0.0201114631589218
1782438021248281579|538000.0|-0.0498082630912303
1782438021348483617|545000.0|0.0698588585593439
1782438021447998237|540000.0|-0.0502438737142342
1782438021547993430|542000.0|0.0200009614462167
1782438021647895471|538000.0|-0.0400392220215
1782438021748004774|541000.0|0.0299672449023044
1782438021848005951|544000.0|0.0299996469041559
1782438021948286325|542000.0|-0.0199440819795905
1782438022048539834|552000.0|0.099747132043029
1782438022147920309|553000.0|0.0100623387038551
1782438022248411271|558000.0|0.0497557183301718
1782438022348120111|561000.0|0.0300876030650843
1782438022448351940|559000.0|-0.0199537414407553
1782438022547997660|555000.0|-0.040142215842286
1782438022647997410|558000.0|0.0300000750001875
1782438022748753122|562000.0|0.0396999824684877
1782438022848098509|561000.0|-0.0100658926417993
1782438022948022883|562000.0|0.0100075683236204
1782438023048583380|553000.0|-0.0894983643527537
1782438023148018939|537000.0|-0.160908232033975
1782438023248673882|539000.0|0.0198698637184664
1782438023348764652|540000.0|0.00999093123172097
1782438023448015637|542000.0|0.0201509335146649
1782438023548623060|538000.0|-0.0397584977402711
1782438023648569816|540000.0|0.0200106544728675
1782438023747928544|539000.0|-0.0100645410838995
1782438023848212673|542000.0|0.0299150028016896
1782438023948377123|538000.0|-0.0399343279976079
1782438024047907001|535000.0|-0.0301417027759242
1782438024148363591|542000.0|0.0696818396881678
1782438024248387111|536000.0|-0.0599858913183619
1782438024348364136|535000.0|-0.0100022980279719
1782438024448255418|531000.0|-0.0400435345298702
1782438024548105868|535000.0|0.040059909594799
1782438024648319291|535000.0|0.0
1782438024748610858|535000.0|0.0
1782438024848369004|540000.0|0.0501212201758441
1782438024948875529|536000.0|-0.0397984110981849
1782438025048401164|537000.0|0.0100476625946672
1782438025148041565|547000.0|0.100360896781216
1782438025248781046|539000.0|-0.0794127577449004
1782438025348669477|545000.0|0.0600670161692699
1782438025448214503|541000.0|-0.04018282138979
1782438025547934343|544000.0|0.0300842841304198
1782438025648263379|543000.0|-0.00996720430962777
1782438025748788061|542000.0|-0.00994780565433671
1782438025847989538|541000.0|-0.0100804950716611
1782438025948345069|541000.0|0.0
1782438026047925390|537000.0|-0.0401685790910435
1782438026147862842|543000.0|0.0600375522882052
1782438026247979973|539000.0|-0.0399532024144799
1782438026348370749|536000.0|-0.0298832235344012
1782438026447961917|537000.0|0.0100410510297459
1782438026547862633|538000.0|0.0100099382671091
1782438026648013476|537000.0|-0.00998493841934012
1782438026747989295|542000.0|0.0500120934243109
1782438026847992363|539000.0|-0.029999079628237
1782438026948714961|537000.0|-0.0198565172038156
1782438027047993521|539000.0|0.0201453365157593
1782438027148000666|543000.0|0.0399971422041895
1782438027248343009|539000.0|-0.0398635299955075
1782438027348000445|542000.0|0.0301031224604253
1782438027447982902|538000.0|-0.0400070184312434
1782438027548014063|541000.0|0.0299906546121163
1782438027647988424|540000.0|-0.0100025645575269
1782438027747996658|536000.0|-0.0399967066711727
1782438027848006539|539000.0|0.0299970359928735
1782438027947991940|539000.0|0.0
1782438028048841605|545000.0|0.0594944960897986
1782438028147890531|541000.0|-0.0403840825088805
1782438028248053001|543000.0|0.0199675587073681
1782438028347988064|540000.0|-0.0300194937586621
1782438028447984839|0.0|-5.40017415561652
1782438028547923454|539000.0|5.39331068376323
1782438028648096980|540000.0|0.0099826774591123
1782438028749644430|539000.0|-0.00984761311091514
1782438028848455998|539000.0|0.0
1782438028948803746|540000.0|0.00996534570960177
1782438029048362747|534000.0|-0.0602657714494343
1782438029148773404|543000.0|0.0896319202452783
1782438029248707585|548000.0|0.0500329311749701
1782438029348767189|554000.0|0.0599642589031234
1782438029448405260|554000.0|0.0
1782438029548116114|554000.0|0.0
1782438029647995767|555000.0|0.0100120492008517
1782438029748007739|551000.0|-0.0399952117732465
1782438029848715081|556000.0|0.0496488130924953
1782438029948385584|555000.0|-0.0100330586271848
1782438030047995894|548000.0|-0.0702738501667147
1782438030148614083|551000.0|0.0298156827290938
1782438030248015561|550000.0|-0.0100602125855714
1782438030347926427|542000.0|-0.0800713708156628
1782438030447905421|541000.0|-0.0100021010413447
1782438030548672376|538000.0|-0.0297716647287794
1782438030647893216|538000.0|0.0
1782438030748964858|541000.0|0.0296819161204485
1782438030847934147|534000.0|-0.0707290117038226
1782438030948004660|541000.0|0.0699506756800577
1782438031048491409|535000.0|-0.0597093652616824
1782438031148509792|536000.0|0.00999816203787258
1782438031248890780|536000.0|0.0
1782438031348024802|538000.0|0.0201747085374989
1782438031448953434|537000.0|-0.00990799122294653
1782438031548009600|531000.0|-0.0605716962637137
1782438031648300685|534000.0|0.0299129279536661
1782438031747942255|538000.0|0.0401438877368151
1782438031848464218|536000.0|-0.0198961494613869
1782438031948045389|538000.0|0.0200841181110433
1782438032048306344|537000.0|-0.00997397242027068
1782438032148318021|545000.0|0.0799906594906913
1782438032248310706|541000.0|-0.0400029262140526
1782438032348270590|538000.0|-0.0300120396298179
1782438032448182763|540000.0|0.020017580840725
1782438032548728260|541000.0|0.00994574625256465
1782438032648040294|535000.0|-0.0604156390553838
1782438032748496111|539000.0|0.0398185005055506
1782438032848018800|540000.0|0.0100479600184436
1782438032948289754|540000.0|0.0
1782438033048004760|539000.0|-0.0100285808537182
1782438033148323823|541000.0|0.0199363903548421
1782438033248306922|538000.0|-0.0300050711570763
1782438033348354420|541000.0|0.0299857573649668
1782438033448351422|546000.0|0.0500014990449414
1782438033547888092|544000.0|-0.0200930973479422
1782438033648028276|541000.0|-0.0299580036721323
1782438033748322812|542000.0|0.0099706328966914
1782438033847984713|549000.0|0.0702374721911034
1782438033948095474|546000.0|-0.029966808463278
1782438034047900269|543000.0|-0.0300586760385611
1782438034148252114|546000.0|0.029894816582595
1782438034247892828|540000.0|-0.0602163489113496
1782438034348744413|544000.0|0.039662242293961
1782438034448585078|546000.0|0.0200319178563164
1782438034549016282|540000.0|-0.0597423884313883
1782438034647918203|545000.0|0.050555135324419
1782438034749035338|538000.0|-0.0692266449202699
1782438034848005178|539000.0|0.0101040882757818
1782438034948852410|538000.0|-0.00991598857170418
1782438035048629475|539000.0|0.0100223433110605
1782438035147907325|546000.0|0.0705091820582335
1782438035248711100|538000.0|-0.079362107222671
1782438035348631634|542000.0|0.0400318116794692
1782438035448506343|543000.0|0.0100125448175273
1782438035548612988|545000.0|0.0199786937220801
1782438035648885535|541000.0|-0.039891277519858
1782438035748765781|543000.0|0.0200239795164301
1782438035847983952|544000.0|0.0100787989732244
1782438035948731039|540000.0|-0.0397033812004907
1782438036048583669|537000.0|-0.0300442762499095
1782438036148009580|548000.0|0.110635144192946
1782438036248070046|538000.0|-0.0999395705392777
1782438036348452269|544000.0|0.0597715394288489
1782438036447911476|561000.0|0.170924346903349
1782438036548639026|556000.0|-0.0496388525284294
1782438036648015913|554000.0|-0.0201254040086806
1782438036748712806|558000.0|0.039723171994989
1782438036848735928|560000.0|0.0199953766690066
1782438036947871474|555000.0|-0.0504359959847298
1782438037048330367|557000.0|0.0199086406417001
1782438037147886067|560000.0|0.0301338848503903
1782438037248696141|555000.0|-0.0495982177336761
1782438037348243600|555000.0|0.0
1782438037447983506|544000.0|-0.110286849478282
1782438037548472543|542000.0|-0.019902668586624
1782438037647985043|539000.0|-0.0301469664614998
1782438037748986523|539000.0|0.0
1782438037848789949|546000.0|0.0701378728221214
1782438037949097690|544000.0|-0.0199386406279452
1782438038048431183|542000.0|-0.0201341958245644
1782438038148169646|541000.0|-0.010026222280967
1782438038248618937|544000.0|0.0298658155785291
1782438038347993771|548000.0|0.0402516395650029
1782438038448829186|546000.0|-0.0198343012720283
1782438038548413939|545000.0|-0.0100416978490673
1782438038648492800|545000.0|0.0
1782438038749066921|544000.0|-0.00994291563333673
1782438038848744730|547000.0|0.0300969697277355
1782438038948278203|542000.0|-0.0502343568379253
1782438039047883051|539000.0|-0.0301190158936842
1782438039148745151|546000.0|0.0694016880473439
1782438039248605707|542000.0|-0.0400558554871255
1782438039348002075|548000.0|0.0603643787064735
1782438039448367876|546000.0|-0.0199271064453518
1782438039548307647|539000.0|-0.0700421857080301
1782438039648867350|543000.0|0.0397773648953597
1782438039748052392|542000.0|-0.0100821654136115
1782438039848352945|540000.0|-0.019940069522847
1782438039947913680|536000.0|-0.0401764812202321
1782438040048308150|544000.0|0.0796856639613716
1782438040148356719|547000.0|0.0299854363734078
1782438040248621493|543000.0|-0.0398943700805629
1782438040348390704|544000.0|0.0100231322867733
1782438040448002284|542000.0|-0.0200779869167822
1782438040548120739|540000.0|-0.0199763370299711
1782438040648390122|537000.0|-0.0299194022167265
1782438040748002374|538000.0|0.0100389257337541
1782438040848263789|544000.0|0.0598435599577365
1782438040948412644|540000.0|-0.0399405464995082
1782438041048073806|534000.0|-0.060203994009221
1782438041148383762|545000.0|0.109660101934448
1782438041248500375|544000.0|-0.00998835228275251
1782438041348362687|542000.0|-0.0200275755682484
1782438041448332389|536000.0|-0.0600181843094821
1782438041548025823|541000.0|0.0501537543585869
1782438041647923189|541000.0|0.0
1782438041748091002|545000.0|0.0399329872560959
1782438041848334254|543000.0|-0.0199514676558977
1782438041947895432|538000.0|-0.0502203780674431
1782438042048072668|541000.0|0.0299469232710713
1782438042148304350|545000.0|0.0399075414099107
1782438042248383585|543000.0|-0.0199841655464293
1782438042348364133|542000.0|-0.0100019455784539
1782438042448002300|539000.0|-0.0301089440956898
1782438042548311517|542000.0|0.0299075208612186
1782438042648321745|546000.0|0.0399959092184051
1782438042748314741|544000.0|-0.0200014008981189
1782438042847921612|547000.0|0.0301184041811734
1782438042947965551|540000.0|-0.0699692562085145
1782438043048017122|541000.0|0.00999484555819718
1782438043147967043|550000.0|0.0900450936824652
1782438043248366641|543000.0|-0.0697213947012019
1782438043347990630|544000.0|0.010037743017899
1782438043448014135|545000.0|0.00999765005235519
1782438043548305222|554000.0|0.0897387820714317
1782438043648311656|552000.0|-0.0199987132827874
1782438043748328137|557000.0|0.049991760857893
1782438043848014877|553000.0|-0.0401256977608055
1782438043947868527|554000.0|0.0100146564497142
1782438044048307612|553000.0|-0.00995628345280127
1782438044148310154|558000.0|0.049998729032308
1782438044247874317|557000.0|-0.0100437744854039
1782438044348714565|559000.0|0.0198333506676818
1782438044448311287|561000.0|0.0200809821833293
1782438044548390710|556000.0|-0.0499603200150345
1782438044648307062|547000.0|-0.0900753462256108
1782438044747965431|550000.0|0.0301028406354914
1782438044849853095|548000.0|-0.0196294617177601
1782438044948000869|554000.0|0.0611323085126719
1782438045048022482|547000.0|-0.0699848741691458
1782438045148304668|544000.0|-0.0299155824146075
1782438045248830325|540000.0|-0.0397908366816245
1782438045347896873|546000.0|0.0605653484564739
1782438045448339986|542000.0|-0.0398235367316821
1782438045547915617|538000.0|-0.0401704710261891
1782438045647897822|541000.0|0.0300053394501552
1782438045748302103|542000.0|0.00995973468501806
1782438045848102806|547000.0|0.0500998474930582
1782438045948304528|545000.0|-0.0199597368196926
1782438046049037637|545000.0|0.0
1782438046148014344|540000.0|-0.0505169362726929
1782438046248005682|541000.0|0.0100008662750367
1782438046348305034|541000.0|0.0
1782438046448013494|537000.0|-0.0401169569763689
1782438046547969505|538000.0|0.0100044008358837
1782438046647957819|542000.0|0.0400046749463142
1782438046747916389|540000.0|-0.0200082894343126
1782438046848009726|539000.0|-0.00999067500367182
1782438046948688195|538000.0|-0.00993261031810088
1782438047047983249|545000.0|0.0704969655386864
1782438047148292038|0.0|-5.43322280563072
1782438047248051504|543000.0|5.44309248808529
1782438047347930793|540000.0|-0.0300362570662673
1782438047447958752|544000.0|0.0399888195259487
1782438047547993687|544000.0|0.0
1782438047648327980|544000.0|0.0
1782438047748308980|543000.0|-0.0100019003610686
1782438047847985726|539000.0|-0.0401297209280889
1782438047947967654|542000.0|0.0300054225799687
1782438048048328665|538000.0|-0.039856115040531
1782438048148309967|543000.0|0.0500093507484029
1782438048247990310|538000.0|-0.0501603410413626
1782438048347940316|542000.0|0.0400200076026008
1782438048447897825|539000.0|-0.0300127527187577
1782438048548015142|541000.0|0.0199765640943015
1782438048648353544|535000.0|-0.0597976435781786
1782438048747987328|539000.0|0.0401470248284457
1782438048848335715|538000.0|-0.00996528225212031
1782438048947982331|544000.0|0.0602127823387399
1782438049047891775|541000.0|-0.0300271914234654
1782438049148034561|542000.0|0.00998574175877232
1782438049247909989|540000.0|-0.0200249454750772
1782438049348302516|543000.0|0.0298827023250446
1782438049448326423|542000.0|-0.00999760987140804
1782438049548361114|537000.0|-0.0499826605152407
1782438049649558866|534000.0|-0.0296449272904797
1782438049748372831|540000.0|0.0607201623778582
1782438049848084612|543000.0|0.0300867156309243
1782438049948322565|546000.0|0.0299287835616515
1782438050048045753|541000.0|-0.0501387901878949
1782438050148390790|546000.0|0.0498280747058771
1782438050248318647|547000.0|0.0100072195083699
1782438050347912091|548000.0|0.0100408215625117
1782438050448242360|554000.0|0.0598024909112922
1782438050548343032|547000.0|-0.0699296004726122
1782438050648843172|543000.0|-0.0398009395807807
1782438050748331721|555000.0|0.12061689632241
1782438050848507720|559000.0|0.0399297240849078
1782438050948046972|561000.0|0.0200925761427261
1782438051048887092|555000.0|-0.0595001275286067
1782438051148032649|560000.0|0.0504309033232826
1782438051248062167|557000.0|-0.0299911472131656
1782438051348382034|559000.0|0.0199362305773392
1782438051449157754|554000.0|-0.0496151255480983
1782438051548010049|552000.0|-0.0202322060403352
1782438051648605546|553000.0|0.00994080281744619
1782438051748382634|556000.0|0.0300670230023149
1782438051848133738|543000.0|-0.130324372149305
1782438051948666003|543000.0|0.0
1782438052048528417|542000.0|-0.0100137775559882
1782438052148016593|544000.0|0.0201028914229968
1782438052248386393|549000.0|0.0498157812409709
1782438052348204231|544000.0|-0.0500912472177568
1782438052447988772|536000.0|-0.0801727393825462
1782438052548240717|540000.0|0.0398994752670385
1782438052648333320|543000.0|0.0299722448021459
1782438052748686401|541000.0|-0.0199296322551372
1782438052847935042|544000.0|0.0302271141425503
1782438052948373386|543000.0|-0.00995635690688011
1782438053047868537|538000.0|-0.0502537053288155
1782438053148012593|545000.0|0.0698993058559561
1782438053248013386|544000.0|-0.00999992070062884
1782438053347876740|538000.0|-0.0600820997860737
1782438053448015356|540000.0|0.0199723151755962
1782438053548202532|538000.0|-0.0199626347388013
1782438053648317756|543000.0|0.0499424543064499
1782438053747902665|542000.0|-0.0100416821187234
1782438053848053568|539000.0|-0.029954797312212
1782438053948073721|542000.0|0.0299939553181847
1782438054047986402|541000.0|-0.0100087395312713
1782438054147928649|547000.0|0.0600346718240185
1782438054248473083|541000.0|-0.0596751084202234
1782438054348314371|538000.0|-0.0300476892886238
1782438054448346874|543000.0|0.0499837537805087
1782438054548076531|543000.0|0.0
1782438054648118137|541000.0|-0.0199916822606786
1782438054747857666|543000.0|0.0200522302446405
1782438054847974872|540000.0|-0.0299648793634932
1782438054948695065|542000.0|0.0198569913383705
1782438055048003748|536000.0|-0.0604176776767848
1782438055147919993|545000.0|0.0900754426870225
1782438055249755886|538000.0|-0.0687380430787797
1782438055347965313|539000.0|0.0101823219068369
1782438055447960614|537000.0|-0.0200009398441633
1782438055548343783|540000.0|0.029885488074201
1782438055648173389|544000.0|0.0400682739346883
1782438055748065794|539000.0|-0.0500538554457669
1782438055848321268|543000.0|0.0398980708025978
1782438055948731845|541000.0|-0.0199182203683582
1782438056048006174|542000.0|0.0100730975477054
1782438056148543548|545000.0|0.0298396494819926
1782438056248094737|540000.0|-0.0502254171971768
1782438056347926021|547000.0|0.0701183007923648
1782438056447897895|542000.0|-0.0500140669564722
1782438056548668162|544000.0|0.0198471241522065
1782438056647967594|541000.0|-0.0302116531744109
1782438056748321065|536000.0|-0.0498238870083527
1782438056848397467|544000.0|0.0799389250624738
1782438056948436924|538000.0|-0.0599763351374448
1782438057048268766|536000.0|-0.0200336882494866
1782438057148714986|547000.0|0.109511338505322
1782438057247859921|538000.0|-0.0907761954758455
1782438057348397932|539000.0|0.00994648680686551
1782438057448396603|534000.0|-0.0500006645088313
1782438057547971151|538000.0|0.0401709079312115
1782438057648291692|540000.0|0.0199360966364805
1782438057748697224|538000.0|-0.0199192211839483
1782438057848361530|545000.0|0.0702357772902166
1782438057947892974|557000.0|0.120564914139094
1782438058048546183|552000.0|-0.0496755150648004
1782438058148578356|550000.0|-0.019993567469538
1782438058248924350|551000.0|0.00996551989908038
1782438058348320784|553000.0|0.0201214462080199
1782438058448396045|553000.0|0.0
1782438058548566984|553000.0|0.0
1782438058648606517|550000.0|-0.0299881447867215
1782438058748922079|548000.0|-0.0199370861322593
1782438058847952597|548000.0|0.0
1782438058947933330|540000.0|-0.0800154165703106
1782438059048761079|535000.0|-0.0495895232174627
1782438059148532676|538000.0|0.0300686777620689
1782438059247845189|534000.0|-0.0402768984407836
1782438059347884079|547000.0|0.129949462653974
1782438059447851210|540000.0|-0.0700230158650847
1782438059547850277|539000.0|-0.0100000933008705
1782438059647884319|537000.0|-0.0199931939169268
1782438059747851082|534000.0|-0.0300099744151964
1782438059847854373|533000.0|-0.00999967091083032
1782438059947892383|539000.0|0.0599772026652669
1782438060048625811|543000.0|0.039708764800499
1782438060148496461|555000.0|0.120155421037112
1782438060248601604|552000.0|-0.0299684902303171
1782438060347955330|553000.0|0.0100650477869345
1782438060448695460|556000.0|0.0297795923034842
1782438060548339232|554000.0|-0.0200715003041033
1782438060648467319|551000.0|-0.0299616230558764
1782438060747891572|559000.0|0.0804632648333802
1782438060848261353|563000.0|0.0398526325368788
1782438060948633119|556000.0|-0.0697407276863097
1782438061048246873|557000.0|0.0100387743644316
1782438061147946338|546000.0|-0.110331585029067
1782438061247893320|547000.0|0.0100053046123994
1782438061347880623|543000.0|-0.0400050794449371
1782438061447899109|543000.0|0.0
1782438061547855115|544000.0|0.0100044013363239
1782438061649056087|548000.0|0.039525312069137
1782438061748745983|542000.0|-0.0601866411817703
1782438061848011532|546000.0|0.0402959540373871
1782438061950198607|547000.0|0.00978597342178548
1782438062048363620|546000.0|-0.0101869288195378
1782438062148218520|548000.0|0.0200290621692075
1782438062248325259|541000.0|-0.0699253623674626
1782438062347956770|541000.0|0.0
1782438062447900630|536000.0|-0.0500280857673498
1782438062549212687|536000.0|0.0
1782438062648980484|533000.0|-0.0300698230311731
1782438062748690202|531000.0|-0.0200582254179076
1782438062848282050|535000.0|0.0401639298830965
1782438062947907448|534000.0|-0.0100376010543014
1782438063048775379|529000.0|-0.0495697686115917
1782438063148159418|544000.0|0.150929667891642
1782438063248668567|538000.0|-0.0596960581170576
1782438063347978830|542000.0|0.0402778109650158
1782438063448021887|543000.0|0.00999569615310736
1782438063547921681|537000.0|-0.0600601839078867
1782438063648864907|541000.0|0.0396262350482042
1782438063747878932|541000.0|0.0
1782438063848045396|547000.0|0.059900287585274
1782438063948387251|543000.0|-0.0398637238667752
1782438064048581137|544000.0|0.00998064891903684
1782438064147929270|545000.0|0.010065614418743
1782438064248703470|539000.0|-0.0595390486850801
1782438064347920852|541000.0|0.0201577582444173
1782438064447956066|541000.0|0.0
1782438064547908002|541000.0|0.0
1782438064648660731|537000.0|-0.0397011578713664
1782438064747886288|539000.0|0.0201560974860539
1782438064848364507|542000.0|0.0298572171148854
1782438064948477449|541000.0|-0.00998871854150485
1782438065048791957|556000.0|0.149529717077414
1782438065148670338|551000.0|-0.0500608835459598
1782438065248640175|550000.0|-0.0100030172100811
1782438065348375854|552000.0|0.0200530043014998
1782438065447908943|556000.0|0.0401876405142013
1782438065548416391|551000.0|-0.049747557016869
1782438065648563522|548000.0|-0.0299559255471832
1782438065749084955|549000.0|0.00994812718199113
1782438065848559340|0.0|-5.51900873777707
1782438065948813462|559000.0|5.57583058779369
1782438066048498037|551000.0|-0.0802531384619938
1782438066148592894|548000.0|-0.0299715698679703
1782438066248025678|537000.0|-0.110627496862604
1782438066347932761|539000.0|0.0200186006831968
1782438066447893459|541000.0|0.020007863490509
1782438066548556808|545000.0|0.0397364089287353
1782438066648543698|537000.0|-0.0800104893751571
1782438066748376318|541000.0|0.0400670642521452
1782438066847896028|540000.0|-0.0100482607917567
1782438066948984813|542000.0|0.0197845883695209
1782438067048013230|537000.0|-0.0504905576749753
1782438067148047926|542000.0|0.0499826580169744
1782438067248611625|541000.0|-0.00994394607541236
1782438067348940702|548000.0|0.0697704016553446
1782438067448600745|546000.0|-0.0200682233299859
1782438067547905047|541000.0|-0.0503502859322248
1782438067648708760|545000.0|0.0396810780174337
1782438067748801919|548000.0|0.0299720783115657
1782438067847922846|537000.0|-0.110975556150721
1782438067948245268|544000.0|0.0697750299529252
1782438068048349386|540000.0|-0.0399583961171308
1782438068148459998|548000.0|0.0799116081719688
1782438068248550979|541000.0|-0.0699363711901275
1782438068348261515|541000.0|0.0
1782438068448050403|540000.0|-0.0100211558625646
1782438068547897658|536000.0|-0.0400611914669061
1782438068648673017|535000.0|-0.00992306065612726
1782438068748531871|538000.0|0.0300424036510573
1782438068848611556|541000.0|0.0299761135339305
1782438068948258189|541000.0|0.0
1782438069048989707|535000.0|-0.0595642765951368
1782438069147967048|540000.0|0.0505166126861298
1782438069248552678|537000.0|-0.0298253338970984
1782438069348024270|541000.0|0.0402124859929858
1782438069448707851|544000.0|0.0297963180312389
1782438069548370033|542000.0|-0.0200677926156584
1782438069647953464|540000.0|-0.0200836623112534
1782438069748521942|539000.0|-0.00994347354048651
1782438069848337835|542000.0|0.030055333973719
1782438069948024113|542000.0|0.0
1782438070048329408|538000.0|-0.0398782536854111
1782438070148311666|542000.0|0.0400070980593377
1782438070248260803|539000.0|-0.0300152666650839
1782438070348717712|541000.0|0.0199090338326058
1782438070448668818|541000.0|0.0
1782438070548005000|535000.0|-0.0604009523941639
1782438070648364198|536000.0|0.00996420876141318
1782438070748466806|538000.0|0.0199794994352195
1782438070848017259|539000.0|0.0100451577051086
1782438070948731478|539000.0|0.0
1782438071048680598|536000.0|-0.0300152717702767
1782438071148095482|545000.0|0.0905297037815786
1782438071248240343|542000.0|-0.0299566045630639
1782438071348045303|542000.0|0.0
1782438071447995718|541000.0|-0.010004960959892
1782438071547977589|535000.0|-0.0600108793723214
1782438071648349937|535000.0|0.0
1782438071748157633|534000.0|-0.010019267452081
1782438071847949953|538000.0|0.040083244882973
1782438071947989600|543000.0|0.0499801843563083
1782438072047912302|537000.0|-0.0600464146776175
1782438072147887610|547000.0|0.100024698098454
1782438072248324147|547000.0|0.0
1782438072348215248|554000.0|0.0700763124034442
1782438072448333691|553000.0|-0.00998816971214784
1782438072548502934|555000.0|0.0199662085895967
1782438072648120934|549000.0|-0.0602300789014034
1782438072748317856|547000.0|-0.0199606930041224
1782438072848409804|547000.0|0.0
1782438072948340425|546000.0|-0.0100069427167875
1782438073048586018|548000.0|0.0199510017363058
1782438073148318558|551000.0|0.0300804531800754
1782438073247921132|550000.0|-0.0100399011776543
1782438073348140308|537000.0|-0.129715694329796
1782438073448281645|539000.0|0.0199717724959075
1782438073547869451|538000.0|-0.010041390007126
1782438073648641614|545000.0|0.0694636275694509
1782438073748373802|539000.0|-0.0601611186952
1782438073849515290|542000.0|0.029661418467563
1782438073948355182|543000.0|0.0101173724471492
1782438074047916395|533000.0|-0.100440720825689
1782438074148596349|534000.0|0.00993246381499141
1782438074248671988|537000.0|0.0299773254508023
1782438074347895154|540000.0|0.0302348747872044
1782438074448164408|541000.0|0.0099731469030377
1782438074548143167|541000.0|0.0
1782438074648017560|541000.0|0.0
1782438074747916769|539000.0|-0.0200201785381504
1782438074848327973|540000.0|0.00995904799627739
1782438074947888304|546000.0|0.0602649663750114
1782438075047915063|550000.0|0.0399892992634101
1782438075148576742|552000.0|0.0198685340823691
1782438075248619179|541000.0|-0.109953339101485
1782438075348223428|546000.0|0.0501986617056869
1782438075447994316|545000.0|-0.0100229638128509
1782438075549605155|542000.0|-0.0295244093004684
1782438075647929111|543000.0|0.0101704614082045
1782438075748345321|542000.0|-0.00995855151274879
1782438075848663451|543000.0|0.00996828788574907
1782438075947876712|540000.0|-0.0302378932993645
1782438076048215113|539000.0|-0.00996627402902305
1782438076147889071|545000.0|0.0601962651066791
1782438076248016801|538000.0|-0.0699107030589828
1782438076348536432|550000.0|0.119379666246487
1782438076447906728|541000.0|-0.0905703249590803
1782438076549048481|542000.0|0.00988711358404081
1782438076648208972|542000.0|0.0
1782438076747877538|543000.0|0.0100332536137823
1782438076848358497|543000.0|0.0
1782438076948179381|538000.0|-0.0500897187005477
1782438077047899466|545000.0|0.070196490506401
1782438077148011322|546000.0|0.00998882689778521
1782438077248285688|541000.0|-0.0498631923536669
1782438077348365048|546000.0|0.0499603514650773
1782438077449040674|542000.0|-0.039731563228621
1782438077548879109|545000.0|0.0300485479364736
1782438077647994462|545000.0|0.0
1782438077748143501|544000.0|-0.00998511827956731
1782438077848557082|550000.0|0.0597528734683807
1782438077948506396|551000.0|0.0100050711703734
1782438078048680794|547000.0|-0.0399303622468487
1782438078148097309|553000.0|0.0603521457174394
1782438078247871390|551000.0|-0.0200452861099267
1782438078348487447|551000.0|0.0
1782438078448406758|550000.0|-0.0100080754159724
1782438078547868313|543000.0|-0.0703789519478154
1782438078648022438|547000.0|0.0399384448718413
1782438078748481025|546000.0|-0.00995435064202127
1782438078847920228|547000.0|0.0100563959668904
1782438078948317551|546000.0|-0.00996042494081242
1782438079047906240|540000.0|-0.0602478058527309
1782438079148353784|548000.0|0.0796435600257185
1782438079248349508|546000.0|-0.0200008552365699
1782438079347925636|553000.0|0.0702979734259199
1782438079447917408|560000.0|0.0700057600739389
1782438079548400600|560000.0|0.0
1782438079647886009|561000.0|0.0100517252736027
1782438079747859846|564000.0|0.0300078509540451
1782438079848232943|562000.0|-0.0199256579678915
1782438079948243931|558000.0|-0.0399956052828915
1782438080048309429|559000.0|0.00999345448717999
1782438080148049922|561000.0|0.0200520364381997
1782438080248046044|563000.0|0.0200007756300789
1782438080347863832|560000.0|-0.0300547633854599
1782438080448623003|550000.0|-0.0992465489816307
1782438080548698308|546000.0|-0.0399699006663032
1782438080648752221|546000.0|0.0
1782438080749048005|542000.0|-0.0398820353206472
1782438080848914160|550000.0|0.0801072195079504
1782438080948362735|546000.0|-0.0402217930221725
1782438081048458983|544000.0|-0.0199807689095399
1782438081148554558|543000.0|-0.00999045162585859
1782438081247876044|545000.0|0.0201366298526786
1782438081348689052|546000.0|0.00991935485150884
1782438081448086762|547000.0|0.0100605939513093
1782438081548020018|542000.0|-0.050033394288684
1782438081648680164|545000.0|0.0298032550042198
1782438081747942642|545000.0|0.0
1782438081848872321|547000.0|0.0198157768836261
1782438081948948728|543000.0|-0.0399694605342896
1782438082048443587|540000.0|-0.0301523116887879
1782438082148068588|544000.0|0.040150564214298
1782438082248564877|542000.0|-0.019901232372869
1782438082348654193|545000.0|0.0299732291106875
1782438082448668839|543000.0|-0.0199970712289478
1782438082548345791|540000.0|-0.0300972284947076
1782438082648279989|539000.0|-0.0100065845327542
1782438082748543976|539000.0|0.0
1782438082847898819|541000.0|0.0201298692606258
1782438082948866336|543000.0|0.0198083508382206
1782438083047910845|539000.0|-0.0403858834819404
1782438083148683241|547000.0|0.0793868193825619
1782438083248016002|545000.0|-0.0201343441968758
1782438083348796142|547000.0|0.0198451798141975
1782438083449002111|541000.0|-0.0598766726161792
1782438083548689797|541000.0|0.0
1782438083648630728|541000.0|0.0
1782438083748480461|539000.0|-0.0200300986283058
1782438083848333153|546000.0|0.0701032677216154
1782438083948638497|538000.0|-0.0797564684091009
1782438084048788962|544000.0|0.0599098566342153
1782438084148318440|541000.0|-0.0301418239127106
1782438084248676997|537000.0|-0.0398570896151885
1782438084347903965|0.0|-5.41183521802258
1782438084448931077|1075000.0|10.6407080111327
1782438084549075268|543000.0|-5.3123400837099
1782438084648686456|0.0|-5.45119489991425
1782438084748028351|541000.0|5.44583934099506
1782438084848708122|543000.0|0.019864963737353
1782438084949068599|543000.0|0.0
1782438085048665547|542000.0|-0.0100404683083261
1782438085148636922|546000.0|0.040011453278501
1782438085247908159|543000.0|-0.0302202338830532
1782438085348795093|542000.0|-0.00991208633617511
1782438085448536902|548000.0|0.060155315610929
1782438085548937185|542000.0|-0.0597607877260665
1782438085648697506|542000.0|0.0
1782438085747885352|541000.0|-0.0100818803949024
1782438085848247475|544000.0|0.0298917550797525
1782438085949138570|544000.0|0.0
1782438086048054209|540000.0|-0.0404384993155632
1782438086148912358|547000.0|0.0694044067772848
1782438086248130921|541000.0|-0.0604725549189822
1782438086348715632|546000.0|0.0497093439976181
1782438086447867893|546000.0|0.0
1782438086548542219|537000.0|-0.0893971716284448
1782438086649083075|558000.0|0.208870312383256
1782438086748034249|554000.0|-0.0404239771829286
1782438086847993637|558000.0|0.0400162514000186
1782438086947905555|560000.0|0.0200176319305571
1782438087048598728|559000.0|-0.00993115988111726
1782438087147903432|557000.0|-0.0201400328427544
1782438087248867626|560000.0|0.0297135041755496
1782438087347890717|559000.0|-0.0100986546663141
1782438087448786703|562000.0|0.0297335911856791
1782438087548573771|561000.0|-0.0100213386367861
1782438087648798931|555000.0|-0.0598652074987957
1782438087748242386|545000.0|-0.100559659758402
1782438087848666808|548000.0|0.0298732115182102
1782438087947892585|550000.0|0.0201560527966438
1782438088048729690|554000.0|0.0396679377100324
1782438088147982105|551000.0|-0.0302259647787915
1782438088248673418|545000.0|-0.0595880599948081
1782438088347966345|540000.0|-0.0503560540621388
1782438088448582043|545000.0|0.0496940348214848
1782438088548787264|547000.0|0.0199590398588113
1782438088648767817|546000.0|-0.0100019450782594
1782438088748525747|542000.0|-0.040097062960308
1782438088848890183|539000.0|-0.0298910661940052
1782438088948282388|542000.0|0.03018345352133
1782438089048703927|538000.0|-0.0398320921968742
1782438089148446463|543000.0|0.0501290642940941
1782438089247888794|541000.0|-0.0201121592775214
1782438089347857296|543000.0|0.0200063015848732
1782438089447862901|543000.0|0.0
1782438089547882107|546000.0|0.0299942393063988
1782438089647922992|543000.0|-0.0299877395127002
1782438089747865702|537000.0|-0.0600343937041531
1782438089848636932|544000.0|0.0694642707050415
1782438089948672601|543000.0|-0.00999643437182391
1782438090048288594|538000.0|-0.0501927436491046
1782438090148445604|548000.0|0.0998432361349445
1782438090247855949|539000.0|-0.0905338372983214
1782438090348819799|542000.0|0.0297136054142151
1782438090448648828|545000.0|0.0300513791434353
1782438090548216404|536000.0|-0.0903908718235744
1782438090648234359|539000.0|0.0299946144669725
1782438090747871694|543000.0|0.0401455940185474
1782438090848528587|546000.0|0.02980421817709
1782438090948153554|547000.0|0.0100376444792198
1782438091048095573|545000.0|-0.0200116029274934
1782438091148895903|550000.0|0.0496030122123608
1782438091247862713|548000.0|-0.0202087952516606
1782438091348963920|547000.0|-0.00989107874844659
1782438091448857394|548000.0|0.0100106639598899
1782438091548896579|548000.0|0.0
1782438091648239082|548000.0|0.0
1782438091748676423|549000.0|0.009956456334303
1782438091848257708|541000.0|-0.080336380475508
1782438091948803320|550000.0|0.089511613893205
1782438092048687914|550000.0|0.0
1782438092148056942|552000.0|0.0201269957073546
1782438092248251468|544000.0|-0.0798446813351859
1782438092348481528|543000.0|-0.00997704680611785
1782438092448223738|548000.0|0.0501292281372149
1782438092548612501|548000.0|0.0
1782438092648191752|548000.0|0.0
1782438092748326038|547000.0|-0.00998658940854684
1782438092848853183|550000.0|0.0298426857740762
1782438092947886039|552000.0|0.0201953178044264
1782438093048825692|543000.0|-0.0891621848551431
1782438093147905009|549000.0|0.0605575430036523
1782438093249201186|544000.0|-0.0493602043836264
1782438093348410790|546000.0|0.020159338605968
1782438093448501810|543000.0|-0.0299727188313197
1782438093548046579|538000.0|-0.050228656414884
1782438093648255917|542000.0|0.0399164397234118
1782438093748661271|556000.0|0.139434795479134
1782438093848406501|564000.0|0.0802043365883261
1782438093948720959|563000.0|-0.00996865277386037
1782438094048789163|559000.0|-0.0399727369944603
1782438094149737372|558000.0|-0.00990606975503647
1782438094247873304|561000.0|0.0305698426545743
1782438094347920754|566000.0|0.0499762862521733
1782438094447880541|558000.0|-0.0800321833418873
1782438094548518385|559000.0|0.00993661986637949
1782438094648743018|558000.0|-0.00997758704688896
1782438094748923939|555000.0|-0.0299458217198862
1782438094847999494|546000.0|-0.0908397636531029
1782438094948398620|545000.0|-0.00996024606827753
1782438095047901146|540000.0|-0.0502499805884325
1782438095148614796|548000.0|0.0794331254998702
1782438095247872715|547000.0|-0.0100747629012855
1782438095347999986|547000.0|0.0
1782438095448013275|548000.0|0.00999867127657406
1782438095548700188|542000.0|-0.0595906639823191
1782438095648022619|544000.0|0.0201364382633768
1782438095747863476|541000.0|-0.0300478190005921
1782438095848278217|549000.0|0.0796695775971777
1782438095949010954|544000.0|-0.0496362964901867
1782438096047936348|545000.0|0.0101086279221693
1782438096148520444|544000.0|-0.00994192958695975
1782438096248964606|536000.0|-0.0796462416601176
1782438096348641479|544000.0|0.0802593395962572
1782438096448957307|538000.0|-0.0598110997997245
1782438096548348759|540000.0|0.0201224547962133
1782438096648694282|541000.0|0.00996556667505734
1782438096748476818|540000.0|-0.0100217937936554
1782438096848984419|545000.0|0.0497474812875098
1782438096948662716|544000.0|-0.0100322741268343
1782438097048376708|542000.0|-0.0200573656704066
1782438097148020747|548000.0|0.0602143395652599
1782438097248755432|547000.0|-0.00992706732542024
1782438097347876436|545000.0|-0.0201773581712308
1782438097448680000|547000.0|0.0198405683354608
1782438097548098282|544000.0|-0.0301755365275775
1782438097648185149|543000.0|-0.0099913208393265
1782438097748005682|544000.0|0.0100179789663115
1782438097848599745|547000.0|0.0298228335801488
1782438097949154031|543000.0|-0.0397795077576305
1782438098048651302|548000.0|0.0502526345672335
1782438098148589881|553000.0|0.050030729374289
1782438098248475899|550000.0|-0.0300342336201649
1782438098348008529|548000.0|-0.020093912920818
1782438098448271040|544000.0|-0.0398952705263885
1782438098548801805|548000.0|0.039788814896614
1782438098647854552|548000.0|0.0
1782438098748721537|545000.0|-0.0297421401065968
1782438098848009050|544000.0|-0.0100717599805325
1782438098948897395|547000.0|0.0297358431243966
1782438099048646422|545000.0|-0.0200503208918519
1782438099148324792|549000.0|0.0401290671185735
1782438099248409911|548000.0|-0.00999149533908233
1782438099348732339|554000.0|0.0598071649541815
1782438099447869883|546000.0|-0.080695967210969
1782438099548913809|546000.0|0.0
1782438099648732114|553000.0|0.0701274180121572
1782438099747935833|546000.0|-0.0705618707701876
1782438099848036471|547000.0|0.00998994631782467
1782438099948003078|548000.0|0.0100033404154649
1782438100048021317|549000.0|0.00999817643260046
1782438100148907962|556000.0|0.0693848031124437
1782438100248951159|552000.0|-0.0399827286607004
1782438100348413801|549000.0|-0.0301620783409313
1782438100448555877|552000.0|0.0299574376708548
1782438100547859976|548000.0|-0.0402803110876622
1782438100649095210|547000.0|-0.00987798378576376
1782438100748971896|544000.0|-0.0300370398753519
1782438100848612153|556000.0|0.120433250187221
1782438100948707206|561000.0|0.0499525186324643
1782438101048004440|563000.0|0.0201415479508724
1782438101147930916|568000.0|0.0500367890487802
1782438101248909606|563000.0|-0.0495153977537241
1782438101348589812|560000.0|-0.0300962459888977
1782438101447861334|557000.0|-0.0302201471233613
1782438101548061023|555000.0|-0.0199601417924561
1782438101648857379|558000.0|0.0297629807172791
1782438101748590432|564000.0|0.0601605969086297
1782438101847857826|569000.0|0.0503690063627539
1782438101948658373|551000.0|-0.17857045954324
1782438102048757294|542000.0|-0.0899110590812462
1782438102148675608|539000.0|-0.0300245258341729
1782438102248008439|543000.0|0.0402686600163444
1782438102347902881|548000.0|0.0500528347713279
1782438102448369957|549000.0|0.00995350954575407
1782438102547995074|545000.0|-0.040150517464386
1782438102647994811|546000.0|0.0100000263000692
1782438102748003156|546000.0|0.0
1782438102848673462|550000.0|0.0397336628737376
1782438102947879047|548000.0|-0.0201601552977083
1782438103048664584|547000.0|-0.0099220585588585
1782438103147869173|548000.0|0.0100801788514037
1782438103248813827|549000.0|0.00990641862024709
1782438103348120672|0.0|-5.52831982528495
1782438103448951375|547000.0|5.42493490301263
1782438103548753304|546000.0|-0.0100198464099827
1782438103648499121|543000.0|-0.0300764492209232
1782438103748980915|542000.0|-0.00995205161245429
1782438103847990051|542000.0|0.0
1782438103948673763|541000.0|-0.00993209308770817
1782438104047999871|544000.0|0.030203539234619
1782438104148441040|549000.0|0.049780384376052
1782438104247882265|545000.0|-0.0402247659358581
1782438104348984163|544000.0|-0.00989101114600242
1782438104448624923|552000.0|0.0802884281492835
1782438104549504903|547000.0|-0.0495638480499302
1782438104648411174|542000.0|-0.050552911857328
1782438104747873359|546000.0|0.0402162892359543
1782438104850238862|542000.0|-0.0390756639959069
1782438104948045223|546000.0|0.0408971355145296
1782438105048273529|539000.0|-0.0698405498342953
1782438105148520473|543000.0|0.0399014657244813
1782438105248476539|539000.0|-0.040017581324179
1782438105348028802|544000.0|0.0502248753501465
1782438105448535919|543000.0|-0.00994954417009096
1782438105548012422|544000.0|0.0100526251912977
1782438105647989513|541000.0|-0.0300068742748276
1782438105748575766|545000.0|0.0397668655576622
1782438105848539512|539000.0|-0.0600217602889752
1782438105948014288|546000.0|0.0703695980174914
1782438106048658139|543000.0|-0.0298080803764156
1782438106148325726|549000.0|0.0602001130016321
1782438106248007250|540000.0|-0.0902875441591363
1782438106348756891|538000.0|-0.0198511873605584
1782438106448813290|544000.0|0.0599661796743255
1782438106548040690|541000.0|-0.0302335846752006
1782438106648682204|540000.0|-0.0099362575169527
1782438106748653164|544000.0|0.0400116193742663
1782438106848356096|542000.0|-0.0200595906246769
1782438106948780428|545000.0|0.0298732382904972
1782438107048662060|548000.0|0.0300355524827628
1782438107147876530|550000.0|0.0201583498858584
1782438107248317244|541000.0|-0.0896050977893287
1782438107348080956|546000.0|0.0501184238212788
1782438107448532518|544000.0|-0.0199100935832138
1782438107548815873|541000.0|-0.0299152336895789
1782438107648529714|541000.0|0.0
1782438107749159802|541000.0|0.0
1782438107848387968|544000.0|0.0302333512845536
1782438107948833626|550000.0|0.0597337915791243
1782438108048780823|543000.0|-0.0700369816274087
1782438108149096288|565000.0|0.219308159514587
1782438108248669808|559000.0|-0.0602569839853005
1782438108348547341|558000.0|-0.0100122617165564
1782438108447857888|559000.0|0.0100694239454748
1782438108548593780|557000.0|-0.0198538967620399
1782438108648644704|555000.0|-0.0199898203838677
1782438108749034344|556000.0|0.00996118723007673
1782438108848562825|558000.0|0.0200947505669257
1782438108948271399|562000.0|0.0401169111093696
1782438109048761165|560000.0|-0.0199025242033104
1782438109148957157|547000.0|-0.129745708790427
1782438109248892287|543000.0|-0.0400259648433939
1782438109348006034|547000.0|0.0403576710705933
1782438109448644661|549000.0|0.0198730851127371
1782438109547873558|548000.0|-0.0100777095204434
1782438109648766375|545000.0|-0.0297345251049934
1782438109747896089|542000.0|-0.0302633779413507
1782438109848085857|542000.0|0.0
1782438109947869629|546000.0|0.0400866786234539
1782438110048744109|550000.0|0.0396532403438412
1782438110148820516|553000.0|0.0299770954007172
1782438110248666637|546000.0|-0.0701078813066759
1782438110347936395|546000.0|0.0
1782438110448951273|543000.0|-0.0296985954880825
1782438110548022090|543000.0|0.0
1782438110648735850|548000.0|0.0496456492141689
1782438110747891306|544000.0|-0.0403406949184924
1782438110848878343|543000.0|-0.00990226101989704
1782438110948007592|545000.0|0.020175679934789
1782438111048597609|540000.0|-0.0497067218907021
1782438111148483471|547000.0|0.0700799878965854
1782438111248712867|545000.0|-0.0199542258041743
1782438111348987125|551000.0|0.0598358952703494
1782438111448629086|547000.0|-0.0401437302102073
1782438111548581044|545000.0|-0.0200096130182862
1782438111648000383|544000.0|-0.0100584052364299
1782438111748746125|544000.0|0.0
1782438111847873643|546000.0|0.0201760322496928
1782438111948893430|550000.0|0.0395962030686127
1782438112047897476|546000.0|-0.040402389211447
1782438112148635217|552000.0|0.0595605970556755
1782438112248708963|547000.0|-0.0499631541723241
1782438112348054157|548000.0|0.0100659121970208
1782438112448694458|552000.0|0.0397455091077281
1782438112548033780|552000.0|0.0
1782438112648363348|550000.0|-0.0199343029165639
1782438112748453415|548000.0|-0.0199820028095295
1782438112848456794|548000.0|0.0
1782438112947992898|551000.0|0.03013981740736
1782438113048470144|543000.0|-0.0796200166553132
1782438113149070315|548000.0|0.0497017047813964
1782438113248521233|545000.0|-0.0301656340668469
1782438113348761504|546000.0|0.0099760304917771
1782438113448001289|553000.0|0.0705362269779202
1782438113548051594|549000.0|-0.0399798881172826
1782438113648332488|548000.0|-0.00997198928043063
1782438113747968653|552000.0|0.0401460654371834
1782438113848477577|550000.0|-0.0198987305843608
1782438113948178269|556000.0|0.0601801239253184
1782438114047929919|550000.0|-0.0601493809876829
1782438114148653544|557000.0|0.0694971015985574
1782438114248245482|557000.0|0.0
1782438114348460727|558000.0|0.00997852173090032
1782438114447871964|555000.0|-0.0301776749845694
1782438114548321174|551000.0|-0.0398211195488745
1782438114647928649|548000.0|-0.0301182215491357
1782438114747915912|550000.0|0.0200025477245037
1782438114848307124|549000.0|-0.00996103125042459
1782438114948217859|549000.0|0.0
1782438115048766124|544000.0|-0.0497273622772108
1782438115148699257|552000.0|0.0800535293934996
1782438115248396873|556000.0|0.0401213204536405
1782438115348544309|558000.0|0.0199705562107451
1782438115448272468|557000.0|-0.0100272581989606
1782438115547982756|566000.0|0.0902614983922221
1782438115647997936|562000.0|-0.0399939289215897
1782438115747896286|556000.0|-0.0600610520594184
1782438115847851564|562000.0|0.0600268452057129
1782438115947903960|555000.0|-0.0699633420073218
1782438116047921684|560000.0|0.0499911395704225
1782438116148018126|554000.0|-0.0599421905525873
1782438116248051288|554000.0|0.0
1782438116347979988|547000.0|-0.0700499456112208
1782438116448012910|544000.0|-0.0299901266505041
1782438116548192599|547000.0|0.0299461899906677
1782438116647872245|549000.0|0.0200642767130212
1782438116747861631|545000.0|-0.0400042460506758
1782438116847887210|549000.0|0.0399897710164717
1782438116947856885|544000.0|-0.0500151670994229
1782438117047865870|547000.0|0.0299973047421689
1782438117147888631|547000.0|0.0
1782438117247867504|541000.0|-0.0600126788786667
1782438117347895384|549000.0|0.079977702216622
1782438117447849233|541000.0|-0.0800369378471859
1782438117548370565|537000.0|-0.0397925487099594
1782438117648002945|540000.0|0.0301106929293469
1782438117748670531|543000.0|0.0298010523466809
1782438117848098689|547000.0|0.0402300523358785
1782438117950220597|546000.0|-0.00979221813991176
1782438118048403215|548000.0|0.0203702044286495
1782438118147873035|557000.0|0.0904797053015678
1782438118248021152|546000.0|-0.109837312268188
1782438118347994983|550000.0|0.0400104703399833
1782438118448681526|545000.0|-0.0496590691369749
1782438118548344096|542000.0|-0.0301015717335004
1782438118648477413|543000.0|0.00998668604975904
1782438118747861506|549000.0|0.0603718343538135
1782438118848663888|547000.0|-0.0198408009842466
1782438118948584247|545000.0|-0.0200159408954886
1782438119048583613|544000.0|-0.010000063400402
1782438119148411715|551000.0|0.0701205357986271
1782438119248008251|547000.0|-0.0401620393705259
1782438119348608106|554000.0|0.0695826052631984
1782438119448914795|548000.0|-0.0598165492233524
1782438119548008488|547000.0|-0.0100914596048005
1782438119648382633|542000.0|-0.0498136248134417
1782438119747876370|548000.0|0.0603053034383461
1782438119848758430|547000.0|-0.00991256522715734
1782438119948420246|541000.0|-0.060203598939036
1782438120047863967|554000.0|0.13072720800542
1782438120148321485|560000.0|0.0597267394163571
1782438120248480462|552000.0|-0.0798730202685676
1782438120348543727|557000.0|0.0499683874996483
1782438120447999559|555000.0|-0.0201094290780253
1782438120548632179|558000.0|0.0298114070765523
1782438120648007579|554000.0|-0.0402514103087887
1782438120748674327|556000.0|0.0198675336169596
1782438120847953456|562000.0|0.0604356631694462
1782438120948801434|557000.0|-0.0495795761021604
1782438121048761004|555000.0|-0.0200080892704921
1782438121148710205|538000.0|-0.170086402191449
1782438121248597870|540000.0|0.0200224922666878
1782438121348471375|545000.0|0.0500633276062555
1782438121448750412|546000.0|0.00997217394498912
1782438121548021348|542000.0|-0.0402937673520072
1782438121648684925|544000.0|0.019868159463477
1782438121748601038|547000.0|0.0300251872288106
1782438121848700365|547000.0|0.0
1782438121947981508|543000.0|-0.0402896247880627
1782438122048650093|546000.0|0.0298007566114096
1782438122147963682|0.0|-5.49773707201338
1782438122247991840|544000.0|5.43846863600147
1782438122348185533|541000.0|-0.0299420044333529
1782438122448328809|557000.0|0.159771086378281
1782438122548697491|558000.0|0.0099632672271217
1782438122647863946|556000.0|-0.02016811027479
1782438122749019852|553000.0|-0.0296571907526586
1782438122848328865|559000.0|0.0604174769111843
1782438122948456190|552000.0|-0.0699109858372827
1782438123047999903|554000.0|0.020091675704321
1782438123148627189|553000.0|-0.00993766243481912
1782438123247992887|553000.0|0.0
1782438123348710300|556000.0|0.0297863091459666
1782438123447887504|557000.0|0.0100829622097433
1782438123548746180|543000.0|-0.138808088260052
1782438123648579042|542000.0|-0.0100167417818794
1782438123749464437|543000.0|0.00991223754439381
1782438123848276973|544000.0|0.0101201734160532
1782438123948602982|546000.0|0.0199350100730111
1782438124047887880|544000.0|-0.0201440505080642
1782438124148000113|543000.0|-0.00998878928212499
1782438124248862546|545000.0|0.0198289882616653
1782438124348599518|551000.0|0.0601582329970876
1782438124448013582|549000.0|-0.0201178778889876
1782438124547905865|547000.0|-0.0200215666309278
1782438124648514781|542000.0|-0.0496973846731437
1782438124747873742|544000.0|0.0201290349644457
1782438124848002102|546000.0|0.0199743609103355
1782438124948277310|546000.0|0.0
1782438125047999609|542000.0|-0.0401113897303952
1782438125148504236|546000.0|0.0397991626793461
1782438125248803905|540000.0|-0.0598207357992378
1782438125348886952|541000.0|0.00999170219108137
1782438125447892650|542000.0|0.0101004287652212
1782438125548361757|541000.0|-0.00995330833387421
1782438125647911658|544000.0|0.0301356402152524
1782438125748859880|541000.0|-0.0297182054380314
1782438125848847504|540000.0|-0.0100012377531843
1782438125947997728|544000.0|0.0403428236329552
1782438126048314515|540000.0|-0.0398736853483954
1782438126148432136|549000.0|0.0898942654660162
1782438126248543964|548000.0|-0.00998882969153255
1782438126348016743|542000.0|-0.0603180092113441
1782438126448006925|543000.0|0.0100009818964026
1782438126548974281|538000.0|-0.0495209560602934
1782438126648382261|540000.0|0.0201191091499898
1782438126748765206|538000.0|-0.019923703174877
1782438126848568654|538000.0|0.0
1782438126948894640|538000.0|0.0
1782438127048673416|535000.0|-0.0300665143456961
1782438127148457453|541000.0|0.0601298582457633
1782438127247878343|538000.0|-0.0301747449655701
1782438127348486948|546000.0|0.0795160612752756
1782438127448974147|544000.0|-0.0199030326240858
1782438127548616890|539000.0|-0.0501792689508758
1782438127648018260|540000.0|0.010060223516034
1782438127748653249|540000.0|0.0
1782438127848165930|540000.0|0.0
1782438127948621800|544000.0|0.0398184794975147
1782438128048652459|544000.0|0.0
1782438128147995683|545000.0|0.0100661118064781
1782438128248632046|535000.0|-0.0993676609716112
1782438128348756815|536000.0|0.0099875386479044
1782438128448720849|540000.0|0.0400143915760743
1782438128547868011|539000.0|-0.0100860173889798
1782438128649039040|538000.0|-0.00988425253636592
1782438128748308841|535000.0|-0.0302206710377107
1782438128848594104|537000.0|0.0199431096870135
1782438128948751784|541000.0|0.0399370272953607
1782438129048904567|534000.0|-0.0698932150492513
1782438129148654233|541000.0|0.0701756735706764
1782438129248558457|545000.0|0.0400383471273447
1782438129348391243|540000.0|-0.0500837470367701
1782438129448759383|539000.0|-0.0099633210299603
1782438129547998126|545000.0|0.0604602579458307
1782438129648017213|552000.0|0.0699866416497083
1782438129748023484|553000.0|0.00999937293932297
1782438129848391496|555000.0|0.0199266674725011
1782438129948652213|557000.0|0.0199479921931937
1782438130048767507|554000.0|-0.0299654516321952
1782438130148242965|561000.0|0.0703691155661731
1782438130248882972|557000.0|-0.0397456252164211
1782438130348652092|555000.0|-0.0200462828578622
1782438130448443292|552000.0|-0.0300627710659858
1782438130547906335|554000.0|0.0201079711586946
1782438130648789315|541000.0|-0.128862172786728
1782438130748148775|542000.0|0.0100644669365152
1782438130847881927|543000.0|0.0100267561983803
1782438130948387295|544000.0|0.0099497173126116
1782438131048504827|540000.0|-0.0399530423902179
1782438131148816643|537000.0|-0.029906745980952
1782438131247871447|540000.0|0.0302862645611817
1782438131348880665|543000.0|0.0297002596337297
1782438131448006301|546000.0|0.0302646229679676
1782438131548263574|542000.0|-0.0398973548781843
1782438131648869163|543000.0|0.00993980563048043
1782438131748881958|544000.0|0.00999872066369108
1782438131848983072|548000.0|0.039959595254854
1782438131948274307|553000.0|0.0503569121685313
1782438132048903495|545000.0|-0.0794997968183943
1782438132148533124|546000.0|0.0100371747846216
1782438132248655628|541000.0|-0.0499388229443403
1782438132348528054|538000.0|-0.0300383210877445
1782438132448016021|542000.0|0.040205867308556
1782438132548382490|543000.0|0.00996348690915887
1782438132648724032|546000.0|0.0298978861616458
1782438132747872322|544000.0|-0.0201718052827739
1782438132848862337|542000.0|-0.0198039380427857
1782438132947874852|549000.0|0.0706981334632294
1782438133048331688|541000.0|-0.0796361932004309
1782438133147868532|550000.0|0.0904187800047187
1782438133248894433|540000.0|-0.0989845168517725
1782438133348090209|544000.0|0.0403242976797722
1782438133448628626|549000.0|0.049732233201961
1782438133548284173|543000.0|-0.0602073861478077
1782438133647894248|545000.0|0.0200782902733484
1782438133748003470|550000.0|0.0499454485821496
1782438133847992789|544000.0|-0.0600064092845757
1782438133948012893|550000.0|0.0599879400245375
1782438134047993379|543000.0|-0.0700136624660936
1782438134148589203|542000.0|-0.0099407705035549
1782438134248663751|539000.0|-0.0299776522597934
1782438134348919194|543000.0|0.039898083139486
1782438134448230502|542000.0|-0.0100693467857658
1782438134548112332|541000.0|-0.0100118309806699
1782438134648247248|545000.0|0.0399461063112092
1782438134748608817|543000.0|-0.0199279467223156
1782438134847861566|549000.0|0.0604517261280088
1782438134948812025|546000.0|-0.0297175469009012
1782438135048009830|541000.0|-0.0504043411041202
1782438135148956175|547000.0|0.0594375160388422
1782438135248377144|542000.0|-0.0502912016478134
1782438135348723816|548000.0|0.0597927153976766
1782438135448579756|548000.0|0.0
1782438135548883437|543000.0|-0.0498486192146827
1782438135648661714|545000.0|0.0200444431406648
1782438135748584086|541000.0|-0.0400310753231519
1782438135848017919|549000.0|0.0804555125618058
1782438135947931235|543000.0|-0.0600520555238103
1782438136048278529|544000.0|0.00996539079569002
1782438136148604575|546000.0|0.0199350027210282
1782438136248754159|541000.0|-0.0499253197097653
1782438136348653281|550000.0|0.0900908818798227
1782438136448927583|548000.0|-0.0199452896715252
1782438136548579860|541000.0|-0.0702442554323169
1782438136648009323|543000.0|0.0201147621605882
1782438136748002620|557000.0|0.140009384829065
1782438136847890590|555000.0|-0.0200224311295945
1782438136948488297|556000.0|0.00994058443101491
1782438137048775366|552000.0|-0.0398855010908734
1782438137147855567|554000.0|0.0201856675684378
1782438137249192400|560000.0|0.0592084814807662
1782438137347859325|559000.0|-0.0101351085989555
1782438137447884652|558000.0|-0.00999746794129451
1782438137547863019|555000.0|-0.0300064913042638
1782438137649033438|558000.0|0.029652936398336
1782438137748610657|552000.0|-0.060254745616063
1782438137848624160|549000.0|-0.0299959496469192
1782438137948381938|550000.0|0.0100242810139576
1782438138048535118|548000.0|-0.0199694108564501
1782438138148579866|552000.0|0.0399821088059515
1782438138248603735|546000.0|-0.0599856820175592
1782438138347869932|550000.0|0.0402956909893506
1782438138448613281|549000.0|-0.00992621359053688
1782438138548711277|546000.0|-0.0299706299814434
1782438138648551564|544000.0|-0.020031993698095
1782438138748953221|540000.0|-0.0398399799318053
1782438138847856941|545000.0|0.0505542157564953
1782438138948561411|543000.0|-0.0198600916126166
1782438139048410497|538000.0|-0.0500755710472903
1782438139148527450|553000.0|0.149824775430391
1782438139248608517|547000.0|-0.0599513991992112
1782438139348656655|548000.0|0.0099951885161521
1782438139448094176|543000.0|-0.0502828303613884
1782438139548735812|544000.0|0.00993624547200326
1782438139648003398|544000.0|0.0
1782438139748590715|547000.0|0.0298248336815664
1782438139848211226|549000.0|0.0200761869209846
1782438139947858457|547000.0|-0.0200708035730566
1782438140049763775|549000.0|0.0196260611247001
1782438140148447365|550000.0|0.010133397052134
1782438140248905002|549000.0|-0.00995444477755335
1782438140348014188|551000.0|0.0201797641643429
1782438140448995370|549000.0|-0.0198056703277646
1782438140548007134|546000.0|-0.0302994298738077
1782438140648647328|547000.0|0.00993638784122376
1782438140748730760|550000.0|0.0299749912652875
1782438140848985902|552000.0|0.0199491014635439
1782438140948886424|548000.0|-0.040039830822906
1782438141048890864|0.0|-5.47975669880257
1782438141148016224|555000.0|5.59897083854223
1782438141248716720|550000.0|-0.0496521884063014
1782438141348000078|548000.0|-0.0201443629656443
1782438141448623710|548000.0|0.0
1782438141548910130|546000.0|-0.0199428796042375
1782438141648573549|548000.0|0.0200675435387181
1782438141747999546|545000.0|-0.0301731950447527
1782438141848017344|546000.0|0.00999822051671244
1782438141948096279|550000.0|0.0399684509032795
1782438142048026381|547000.0|-0.0300209840674435
1782438142148530605|551000.0|0.039799322265301
1782438142248669888|552000.0|0.00998609107277111
1782438142347868589|554000.0|0.0201615543332568
1782438142447855506|550000.0|-0.0400052338847491
1782438142547848135|551000.0|0.0100007371543356
1782438142648258199|548000.0|-0.0298774831973018
1782438142747856977|547000.0|-0.0100402838275787
1782438142848457807|547000.0|0.0
1782438142948496740|553000.0|0.0599766492911315
1782438143048015356|547000.0|-0.0602902275087909
1782438143147886081|547000.0|0.0
1782438143247855124|547000.0|0.0
1782438143347862567|546000.0|-0.00999925575539413
1782438143448108839|546000.0|0.0
1782438143548006811|543000.0|-0.0300306396610334
1782438143648640599|544000.0|0.00993702035741713
1782438143748302206|547000.0|0.0301018625958941
1782438143848434591|542000.0|-0.0499338950130869
1782438143948850350|557000.0|0.149378943597887
1782438144049264875|557000.0|0.0
1782438144147874202|561000.0|0.0405641141836411
1782438144249276413|562000.0|0.00986171790672296
1782438144347996683|561000.0|-0.0101296319388105
1782438144448471175|562000.0|0.00995277487941915
1782438144548912723|563000.0|0.00995603930755826
1782438144647859903|562000.0|-0.0101064022238936
1782438144748660024|565000.0|0.0297618690358517
1782438144848278317|558000.0|-0.0702682187095898
1782438144948396508|559000.0|0.00998819485262174
1782438145049004470|545000.0|-0.139153996579316
1782438145148819431|545000.0|0.0
1782438145248909973|544000.0|-0.00999095399043798
1782438145348941955|551000.0|0.0699776197576491
1782438145448634518|546000.0|-0.0501541925449344
1782438145547920652|545000.0|-0.0100718998687168
1782438145648949696|544000.0|-0.00989814374567377
1782438145747858842|547000.0|0.0303308654590952
1782438145848016471|539000.0|-0.0798740952623789
1782438145948315235|548000.0|0.0897319133464097
1782438146048715197|547000.0|-0.00996016313233266
1782438146147877218|552000.0|0.0504225302144659
1782438146248819973|551000.0|-0.0099066049861627
1782438146348137801|546000.0|-0.0503434287749426
1782438146449060508|552000.0|0.0594514374252764
1782438146548657438|542000.0|-0.100404701229245
1782438146648714954|547000.0|0.0499712585309433
1782438146747870048|542000.0|-0.0504260527452074
1782438146848629765|548000.0|0.0595476067087406
1782438146948255589|546000.0|-0.0200751162670434
1782438147048415936|548000.0|0.0199679819399987
1782438147147860736|549000.0|0.0100558299679822
1782438147247998890|549000.0|0.0
1782438147348854972|549000.0|0.0
1782438147448024224|548000.0|-0.010083770723611
1782438147547861964|545000.0|-0.030048757113292
1782438147648192035|543000.0|-0.0199342029768921
1782438147747891106|545000.0|0.0200603674632033
1782438147848833123|544000.0|-0.00990667741461913
1782438147947962551|547000.0|0.0302634652547375
1782438148047994560|547000.0|0.0
1782438148148005369|547000.0|0.0
1782438148247999250|543000.0|-0.0400024477497778
1782438148348007515|545000.0|0.0199983471366092
1782438148448601165|545000.0|0.0
1782438148547874878|542000.0|-0.0302194801558394
1782438148647993318|538000.0|-0.0399526800457538
1782438148747880047|535000.0|-0.0300340198346069
1782438148847998551|536000.0|0.00998816362657596
1782438148948811271|535000.0|-0.00991938318894679
1782438149048600257|533000.0|-0.0200422920421298
1782438149148285323|542000.0|0.0902843360709617
1782438149248435488|534000.0|-0.079880048125732
1782438149348707173|536000.0|0.0199458102254889
1782438149448580749|538000.0|0.0200253168065195
1782438149548863345|538000.0|0.0
1782438149648217662|540000.0|0.0201299758318504
1782438149748449459|538000.0|-0.0199537478111861
1782438149847855856|542000.0|0.0402388590746328
1782438149948509760|538000.0|-0.0397401376502992
1782438150048029659|538000.0|0.0
1782438150148238062|543000.0|0.0498960152074273
1782438150248005173|538000.0|-0.0501167163194692
1782438150347860587|541000.0|0.0300434386061431
1782438150448018847|543000.0|0.0199683980133041
1782438150548858795|540000.0|-0.0297501145081907
1782438150649107085|543000.0|0.0299256974857127
1782438150748259867|541000.0|-0.0201708914228952
1782438150847862468|540000.0|-0.0100398984560654
1782438150948014743|549000.0|0.0898631608717825
1782438151047874333|550000.0|0.0100140607426888
1782438151148854837|554000.0|0.0396116066126982
1782438151247873603|551000.0|-0.0302972872839074
1782438151348620349|554000.0|0.0297776366891294
1782438151448628816|551000.0|-0.0299974601150521
1782438151548760658|550000.0|-0.00998683315942595
1782438151647867118|554000.0|0.0403606384487954
1782438151748619737|551000.0|-0.0297759009123128
1782438151847998019|555000.0|0.0402502430058109
1782438151948226115|561000.0|0.059863453856292
1782438152048545538|557000.0|-0.03987263762472
1782438152147871018|545000.0|-0.120814920803806
1782438152248007625|544000.0|-0.00998635793601435
1782438152348013402|545000.0|0.0099994223333718
1782438152448412103|544000.0|-0.00996028823121925
1782438152547863998|547000.0|0.030165337724334
1782438152648009117|537000.0|-0.0998550912900708
1782438152747942926|539000.0|0.0200132469683008
1782438152848014350|540000.0|0.00999286269774676
1782438152948608489|542000.0|0.0198818740324424
1782438153048458954|541000.0|-0.0100149758942034
1782438153147872688|546000.0|0.0502948616737402
1782438153248622022|542000.0|-0.0397024957008649
1782438153348612982|540000.0|-0.020001808163458
1782438153448346008|544000.0|0.0401070754636483
1782438153547921195|545000.0|0.0100426625359991
1782438153648637155|543000.0|-0.0198578259096175
1782438153748019128|546000.0|0.0301865610979569
1782438153848011399|543000.0|-0.0300023188792262
1782438153948899869|542000.0|-0.00991193542730899
1782438154048004020|538000.0|-0.0403615788000646
1782438154148484668|545000.0|0.0696651558218454
1782438154247927583|543000.0|-0.0201120411645214
1782438154347914652|542000.0|-0.0100012932672324
1782438154448669681|542000.0|0.0
1782438154548458880|545000.0|0.0300633738927998
1782438154648666459|532000.0|-0.129730706297175
1782438154747998687|539000.0|0.0704705828203109
1782438154848817635|541000.0|0.0198375408559113
1782438154947933050|544000.0|0.0302677439225775
1782438155048767181|543000.0|-0.00991727691886391
1782438155147885938|547000.0|0.040355631174834
1782438155248710900|540000.0|-0.0694272515570103
1782438155347996534|542000.0|0.0201439011811115
1782438155448852472|544000.0|0.0198302652244432
1782438155547911853|540000.0|-0.0403798202615459
1782438155648587760|538000.0|-0.0198657261662415
1782438155748810425|538000.0|0.0
1782438155848904851|542000.0|0.0399622652314326
1782438155948598273|536000.0|-0.0601845124746545
1782438156048633179|533000.0|-0.029989531854011
1782438156148215817|548000.0|0.150628666816398
1782438156249053897|547000.0|-0.00991688854051961
1782438156347912030|544000.0|-0.0303465168616931
1782438156448774830|547000.0|0.0297433741676812
1782438156547993135|548000.0|0.0100787853612295
1782438156647871401|545000.0|-0.0300365647116861
1782438156748381693|542000.0|-0.0298476896276453
1782438156848033274|546000.0|0.0401398548809778
1782438156948763339|546000.0|0.0
1782438157047864845|534000.0|-0.121087968128355
1782438157147937955|545000.0|0.109919637752839
1782438157248398549|542000.0|-0.0298624553225317
1782438157348034112|546000.0|0.0401463080004877
1782438157448778255|544000.0|-0.0198522707171175
1782438157548824741|546000.0|0.0199907071198882
1782438157648731133|542000.0|-0.0400374782826708
1782438157748593606|543000.0|0.010013771639723
1782438157848007203|549000.0|0.0603539171809667
1782438157947986682|539000.0|-0.100020525211979
1782438158047994865|543000.0|0.039996727067824
1782438158148791149|554000.0|0.109131007250228
1782438158247992491|562000.0|0.0806440703191293
1782438158347916065|563000.0|0.0100076484454009
1782438158447886630|561000.0|-0.0200058887333487
1782438158547874219|555000.0|-0.0600074475243122
1782438158647999839|555000.0|0.0
1782438158748059044|554000.0|-0.00999408300315798
1782438158848660115|559000.0|0.0497012601386719
1782438158948744327|559000.0|0.0
1782438159048527069|557000.0|-0.0200435462076198
1782438159147898343|553000.0|-0.040253081589756
1782438159248185703|548000.0|-0.049856731695799
1782438159348196394|547000.0|-0.00999893101428526
1782438159447968448|545000.0|-0.0200456933561777
1782438159548571676|546000.0|0.00994003890213145
1782438159648583935|550000.0|0.0399950970010586
1782438159748111240|0.0|-5.52612170097442
1782438159848313016|547000.0|5.45898507826847
1782438159948746391|544000.0|-0.0298705485103931
1782438160047928034|543000.0|-0.0100825109340042
1782438160147912499|543000.0|0.0
1782438160248865722|542000.0|-0.00990557775456064
1782438160347942677|546000.0|0.0403726577991825
1782438160448375394|544000.0|-0.0199138294745128
1782438160548774799|543000.0|-0.00996021838974046
1782438160648738224|543000.0|0.0
1782438160747918634|547000.0|0.0403305451147056
1782438160848880625|541000.0|-0.0594283050539287
1782438160947997948|544000.0|0.0302671612710928
1782438161048614630|548000.0|0.0397548390633672
1782438161147998587|543000.0|-0.0503099308070416
1782438161248910625|544000.0|0.00990962049542593
1782438161348614243|547000.0|0.0300891789102377
1782438161448236487|548000.0|0.0100379188406959
1782438161548348133|545000.0|-0.0299665435527851
1782438161648728368|546000.0|0.00996212053099896
1782438161748532865|548000.0|0.0200391771925868
1782438161849010587|548000.0|0.0
1782438161947854967|556000.0|0.0809353045666329
1782438162048377584|543000.0|-0.129324130110938
1782438162148399085|553000.0|0.0999785036219362
1782438162248727558|549000.0|-0.0398690409650708
1782438162347859709|549000.0|0.0
1782438162449901445|546000.0|-0.0293997350260682
1782438162547852200|550000.0|0.040836847046253
1782438162648733740|544000.0|-0.0594756979324463
1782438162748465804|545000.0|0.0100268655825673
1782438162848914820|550000.0|0.0497764955706485
1782438162947926684|551000.0|0.0100997997573301
1782438163048394772|547000.0|-0.0398136371421739
1782438163147922692|549000.0|0.0200948638331837
1782438163247990015|547000.0|-0.0199865444586741
1782438163347920043|550000.0|0.0300210062985272
1782438163448278242|550000.0|0.0
1782438163548900935|545000.0|-0.0496905802352159
1782438163647994988|548000.0|0.0302742688302395
1782438163748847198|546000.0|-0.0198309982498153
1782438163848487533|544000.0|-0.0200721926517007
1782438163948836245|545000.0|0.00996524997749846
1782438164048486355|544000.0|-0.010035111852862
1782438164148264143|553000.0|0.0902004361932738
1782438164247925692|543000.0|-0.100339600380885
1782438164348727725|541000.0|-0.0198408696776979
1782438164448673511|547000.0|0.0600325460445126
1782438164548841615|544000.0|-0.0299496534345903
1782438164648894455|542000.0|-0.0199894375811821
1782438164747866876|544000.0|0.0202076495633061
1782438164848617101|546000.0|0.0198510722928907
1782438164947853151|543000.0|-0.0302309493374636
1782438165048842557|539000.0|-0.0396081149343526
1782438165147854143|541000.0|0.0201996562301305
1782438165248535024|539000.0|-0.0198647447274523
1782438165348548999|543000.0|0.0399944107810933
1782438165447976229|557000.0|0.140806497375015
1782438165547985180|558000.0|0.00999910498011323
1782438165648215201|558000.0|0.0
1782438165748234696|559000.0|0.00999805087998095
1782438165848062818|553000.0|-0.0601033043574635
1782438165948439878|557000.0|0.0398497425607006
1782438166047990561|557000.0|0.0
1782438166148637264|553000.0|-0.0397429809499075
1782438166247967821|552000.0|-0.0100673954742849
1782438166348294047|556000.0|0.0398699339094047
1782438166447873721|553000.0|-0.0301266300590621
1782438166547929694|542000.0|-0.109938464143465
1782438166647885204|546000.0|0.0400178039209644
1782438166748595426|543000.0|-0.0297884359742549
1782438166847864256|554000.0|0.110810211019914
1782438166948377151|551000.0|-0.029846916656813
1782438167048463316|542000.0|-0.0899225182621394
1782438167148880387|542000.0|0.0
1782438167248598361|547000.0|0.0501414118180941
1782438167349100951|544000.0|-0.0298499770005927
1782438167448000231|548000.0|0.0404451882763959
1782438167548645619|550000.0|0.0198717501094039
1782438167648515465|549000.0|-0.0100130323621406
1782438167748011058|547000.0|-0.0201013928325449
1782438167848898540|546000.0|-0.00991203249576593
1782438167947950650|554000.0|0.0807655687496208
1782438168048611381|547000.0|-0.0695405241990543
1782438168147934862|551000.0|0.0402724507813012
1782438168248773447|545000.0|-0.0595010332602347
1782438168348662409|546000.0|0.010011116143143
1782438168448228368|551000.0|0.0502179665642552
1782438168548590126|552000.0|0.00996395459712852
1782438168648463425|549000.0|-0.0300380585205261
1782438168748198566|546000.0|-0.030079668709748
1782438168848673714|543000.0|-0.0298581296939219
1782438168947926828|548000.0|0.0503762531823435
1782438169048541030|550000.0|0.0198779094824009
1782438169148625925|553000.0|0.0299745531031431
1782438169248508422|547000.0|-0.0600705847391861
1782438169347993292|549000.0|0.0201035594658766
1782438169448898722|551000.0|0.0198205388946858
1782438169547855900|547000.0|-0.0404215245507506
1782438169647862636|549000.0|0.0199986528907413
1782438169747860828|550000.0|0.0100001808032689
1782438169847853644|546000.0|-0.0400028738064543
1782438169947916667|549000.0|0.0299811050081907
1782438170049227116|546000.0|-0.0296119504909114
1782438170147993783|548000.0|0.020249746809822
1782438170247859430|542000.0|-0.0600807202500776
1782438170347858308|543000.0|0.0100001122012589
1782438170447904273|554000.0|0.109949461729916
1782438170547854448|551000.0|-0.0300149549513045
1782438170648707844|545000.0|-0.0594922951330266
1782438170747863211|550000.0|0.0504259139094306
1782438170847861273|547000.0|-0.0300005814112678
1782438170947856663|553000.0|0.0600027661275185
1782438171047856564|547000.0|-0.0600000594000588
1782438171147860592|551000.0|0.0399983888648965
1782438171247864428|546000.0|-0.0499980820735717
1782438171347980119|551000.0|0.0499422213447041
1782438171448131729|548000.0|-0.0299545858523892
1782438171548760406|543000.0|-0.0496876253277185
1782438171648522197|548000.0|0.0501193888950931
1782438171750691353|547000.0|-0.00978768974072762
1782438171847999475|541000.0|-0.061659806773375
1782438171948730919|543000.0|0.0198547734508799
1782438172048837137|547000.0|0.0399575578811698
1782438172148606189|547000.0|0.0
1782438172247877856|548000.0|0.0100733676608856
1782438172348622482|549000.0|0.00992608776968411
1782438172448002882|542000.0|-0.0704364240836221
1782438172548538726|552000.0|0.0994670119843028
1782438172647877464|559000.0|0.070465964647145
1782438172748003936|555000.0|-0.0399494750998517
1782438172847870380|557000.0|0.0200267469221193
1782438172948111507|563000.0|0.0598556718142245
1782438173048751061|557000.0|-0.0596187061798783
1782438173147985110|558000.0|0.010077186309308
1782438173248900452|559000.0|0.00990929605133776
1782438173347995654|559000.0|0.0
1782438173448384843|557000.0|-0.019922463961732
1782438173547876280|553000.0|-0.0402044650335084
1782438173648183485|543000.0|-0.0996937358587551
1782438173748190021|542000.0|-0.0099993464427165
1782438173847903168|543000.0|0.0100287678213586
1782438173947967848|543000.0|0.0
1782438174047942031|545000.0|0.0200051647333792
1782438174147921318|542000.0|-0.0300062151873518
1782438174248714435|546000.0|0.0396852495394105
1782438174347865522|545000.0|-0.0100856181233797
1782438174448334564|551000.0|0.0597198886399255
1782438174548672246|545000.0|-0.0597980726722389
1782438174648508831|542000.0|-0.0300491047445183
1782438174747945739|542000.0|0.0
1782438174848917463|543000.0|0.00990376276035457
1782438174948288404|548000.0|0.0503165206013295
1782438175048389480|547000.0|-0.00998990260604192
1782438175148683737|551000.0|0.039882642532563
1782438175247921574|548000.0|-0.0302304049613657
1782438175347992506|550000.0|0.0199858236555646
1782438175447955135|552000.0|0.0200074769942275
1782438175548004882|544000.0|-0.079960222188268
1782438175648472082|543000.0|-0.00995349726079755
1782438175747978091|547000.0|0.0401985773542581
1782438175847870113|545000.0|-0.020021618943703
1782438175948217041|551000.0|0.0597925628575296
1782438176048211749|544000.0|-0.0700037045960472
1782438176148288407|556000.0|0.119908080863372
1782438176248060028|550000.0|-0.0601373410581352
1782438176348667863|549000.0|-0.00993958373122729
1782438176448031729|548000.0|-0.0100640206571673
1782438176548585197|548000.0|0.0
1782438176648268932|542000.0|-0.0601903610453601
1782438176748027049|545000.0|0.0300727408477447
1782438176848485654|544000.0|-0.00995434885841785
1782438176948234971|545000.0|0.0100251312998965
1782438177047861073|547000.0|0.0200750602487689
1782438177148011472|551000.0|0.039939930743561
1782438177248007921|542000.0|-0.0900031960134904
1782438177347997266|548000.0|0.0600063936812467
1782438177448021858|547000.0|-0.00999754140461778
1782438177548590428|547000.0|0.0
1782438177647912293|548000.0|0.01006827650689
1782438177748012324|551000.0|0.029970020688605
1782438177848568831|547000.0|-0.0397786291443079
1782438177947920535|546000.0|-0.0100652526301914
1782438178048051589|553000.0|0.0699083822687016
1782438178148272370|547000.0|-0.059867823221214
1782438178248373824|549000.0|0.0199797297649643
1782438178348258863|544000.0|-0.0500575466562114
1782438178448737577|543000.0|-0.00995235667526557
1782438178548157502|0.0|-5.46168185099717
1782438178648026446|550000.0|5.50721753901793
1782438178748004589|546000.0|-0.0400087447113316
1782438178848684020|543000.0|-0.0297975462336493
1782438178948012923|547000.0|0.0402702524561255
1782438179048828272|543000.0|-0.0396764980697532
1782438179148005173|547000.0|0.0403319720586954
1782438179248542780|549000.0|0.0198930535515929
1782438179348717495|546000.0|-0.0299476769162757
1782438179447983036|553000.0|0.0705179252486016
1782438179548016632|550000.0|-0.0299899245849364
1782438179647995798|554000.0|0.040008335336584
1782438179748092577|554000.0|0.0
1782438179847856656|574000.0|0.200472957806787
1782438179948558998|570000.0|-0.0397210225756219
1782438180048515842|566000.0|-0.0400172698529778
1782438180147988339|571000.0|0.0502651501751283
1782438180248032701|563000.0|-0.0799645261369151
1782438180348320133|566000.0|0.0299140175411013
1782438180447952740|563000.0|-0.0301106243260301
1782438180548699991|558000.0|-0.0496291457123728
1782438180647923034|558000.0|0.0
1782438180748015908|556000.0|-0.0199814424351528
1782438180848582185|558000.0|0.0198873823279746
1782438180948402342|560000.0|0.020036033403554
1782438181048674525|559000.0|-0.00997285558248991
1782438181148785605|559000.0|0.0
1782438181248843837|549000.0|-0.0999418018899235
1782438181347859601|546000.0|-0.0302982058493231
1782438181448338228|548000.0|0.0199047305851422
1782438181547954658|551000.0|0.0301155140773465
1782438181648528789|546000.0|-0.0497145732236056
1782438181748081539|542000.0|-0.0401797037249097
1782438181848183195|549000.0|0.0699289130641355
1782438181948342803|548000.0|-0.00998406463411878
1782438182048402090|547000.0|-0.0099940748128657
1782438182147980102|547000.0|0.0
1782438182248573719|545000.0|-0.0198819772033846
1782438182348594334|549000.0|0.0399917556995625
1782438182448247449|549000.0|0.0
1782438182547930179|548000.0|-0.0100318279806342
1782438182648674306|544000.0|-0.0397045477400385
1782438182748906983|544000.0|0.0
1782438182848157463|547000.0|0.0302265540680509
1782438182948289756|544000.0|-0.0299603645349458
1782438183047936951|545000.0|0.010035405412064
1782438183148675156|551000.0|0.0595603227196673
1782438183247939201|547000.0|-0.0402965645818685
1782438183348568784|544000.0|-0.0298123067845765
1782438183448830418|547000.0|0.0299217146211681
1782438183547874547|544000.0|-0.0302895288220466
1782438183648625552|545000.0|0.00992545930435136
1782438183748669764|546000.0|0.00999558075383711
1782438183848778185|545000.0|-0.00998916964238203
1782438183948023111|550000.0|0.0503804093722635
1782438184048507174|546000.0|-0.0398073075528405
1782438184148661463|553000.0|0.0698921640789642
1782438184248685499|547000.0|-0.0599855818655428
1782438184348011958|557000.0|0.100678108337679
1782438184448822416|551000.0|-0.059517634569223
1782438184549187983|550000.0|-0.00996357645247
1782438184647990128|549000.0|-0.01012123775248
1782438184748649325|545000.0|-0.0397380479798582
1782438184848498498|544000.0|-0.0100151054831471
1782438184948023034|546000.0|0.0200955470920256
1782438185048522904|543000.0|-0.0298507848816123
1782438185148067214|550000.0|0.0703204432277445
1782438185248369533|545000.0|-0.0498492961065038
1782438185348531997|549000.0|0.0399351198069568
1782438185448533294|542000.0|-0.0699990921117753
1782438185548051765|543000.0|0.0100483858921024
1782438185647972632|545000.0|0.0200158391339819
1782438185748170055|545000.0|0.0
1782438185848414246|541000.0|-0.0399025615359597
1782438185947874478|546000.0|0.0502713486531984
1782438186048619014|550000.0|0.0397043865485668
1782438186148130315|553000.0|0.0301473296987646
1782438186248235882|547000.0|-0.0599367265958346
1782438186348473255|551000.0|0.0399052756500312
1782438186447914861|547000.0|-0.0402246118189201
1782438186548004460|543000.0|-0.039964192483177
1782438186648855874|549000.0|0.0594934643157309
1782438186748408520|543000.0|-0.0602696185493653
1782438186848649444|543000.0|0.0
1782438186948670020|561000.0|0.179962970819124
1782438187048018826|558000.0|-0.0301966386994123
1782438187147861786|558000.0|0.0
1782438187247997526|562000.0|0.0399457776014837
1782438187348338896|562000.0|0.0
1782438187448739017|562000.0|0.0
1782438187548023184|563000.0|0.0100720994113795
1782438187648490888|563000.0|0.0
1782438187747862173|561000.0|-0.0201265385669512
1782438187847861083|558000.0|-0.0300003270035643
1782438187948465155|559000.0|0.00993995551193991
1782438188048803404|548000.0|-0.10962918039361
1782438188148583195|547000.0|-0.0100220694990231
1782438188248850308|549000.0|0.0199467197185582
1782438188347939690|555000.0|0.060551391873652
1782438188448625230|550000.0|-0.0496595638261462
1782438188549011014|550000.0|0.0
1782438188648546951|540000.0|-0.100466226585078
1782438188747864347|549000.0|0.090618565955958
1782438188847996486|545000.0|-0.0399472141506934
1782438188948417981|551000.0|0.0597481644741497
1782438189048403337|548000.0|-0.0300043938434344
1782438189148513778|555000.0|0.0699227765863103
1782438189247871187|545000.0|-0.100646746937614
1782438189348215050|549000.0|0.0398629261462657
1782438189447860680|542000.0|-0.0702489411728342
1782438189548647577|540000.0|-0.0198438493448211
1782438189647921324|546000.0|0.0604389396121011
1782438189748764637|546000.0|0.0
1782438189848868614|542000.0|-0.0399584523999481
1782438189948270823|549000.0|0.0704209702221004
1782438190048105234|544000.0|-0.0500829318259813
1782438190148434438|549000.0|0.0498359380983427
1782438190248793018|545000.0|-0.0398570804808119
1782438190347859182|546000.0|0.0100942638699526
1782438190448865482|543000.0|-0.0297011176530573
1782438190548184027|546000.0|0.0302058392015308
1782438190647856407|541000.0|-0.0501643484383537
1782438190747850319|543000.0|0.020001217674132
1782438190848847165|545000.0|0.0198025985880787
1782438190947874336|547000.0|0.020196477187054
1782438191048497969|548000.0|0.00993802320772894
1782438191148609910|547000.0|-0.00998881841677608
1782438191248492334|545000.0|-0.0200235428807775
1782438191348614836|547000.0|0.0199755295767579
1782438191448563083|546000.0|-0.0100051779797599
1782438191548319604|544000.0|-0.02004881465343
1782438191648023662|545000.0|0.0100296820416276
1782438191748703357|541000.0|-0.0397299574656042
1782438191848588453|546000.0|0.0500575180905868
1782438191948837929|551000.0|0.0498755724169571
1782438192048034792|546000.0|-0.0504048197572538
1782438192148524023|550000.0|0.0398052603268503
1782438192247951234|542000.0|-0.0804608710184982
1782438192348478240|545000.0|0.0298427270379464
1782438192448771266|547000.0|0.0199415660267345
1782438192548561177|544000.0|-0.0300631593909328
1782438192648494830|546000.0|0.0200132782096938
1782438192748339109|548000.0|0.0200311927736991
1782438192848635142|547000.0|-0.00997048407687271
1782438192948518268|546000.0|-0.010011701075515
1782438193048667310|544000.0|-0.0199702359609191
1782438193148183958|547000.0|0.0301457098916756
1782438193248079034|543000.0|-0.0400420136824362
1782438193348411722|548000.0|0.0498342075715145
1782438193448887015|550000.0|0.0199053910696235
1782438193547866566|550000.0|0.0
1782438193649446263|551000.0|0.00984448693521895
1782438193748178200|551000.0|0.0
1782438193848754516|552000.0|0.00994269863692363
1782438193948498922|550000.0|-0.0200512497913918
1782438194047996738|567000.0|0.17085802164743
1782438194147996115|564000.0|-0.0300001869011644
1782438194248880155|561000.0|-0.0297371120347678
1782438194348022245|563000.0|0.0201730667570151
1782438194448697710|564000.0|0.00993290669181414
1782438194548704271|559000.0|-0.0499967197152195
1782438194648141479|562000.0|0.0301697931824474
1782438194748835200|564000.0|0.0198622116666043
1782438194847873484|565000.0|0.0100971054789277
1782438194947862413|567000.0|0.0200022144451612
1782438195047849581|561000.0|-0.0600077001880881
1782438195147859485|546000.0|-0.149985145471193
1782438195247861708|543000.0|-0.0299993331148249
1782438195347852491|545000.0|0.0200018435699218
1782438195448190439|545000.0|0.0
1782438195547848490|548000.0|0.0301029366909855
1782438195648739599|545000.0|-0.0297350284850174
1782438195747848697|546000.0|0.0100898910410828
1782438195848190116|551000.0|0.0498298713515303
1782438195948255619|555000.0|0.0399738159513374
1782438196048377248|548000.0|-0.0699149631294952
1782438196148467340|548000.0|0.0
1782438196248547001|548000.0|0.0
1782438196347905773|548000.0|0.0
1782438196448615267|544000.0|-0.0397182017417345
1782438196548356083|545000.0|0.0100259857509086
1782438196648455696|550000.0|0.0499502430643763
1782438196747845652|545000.0|-0.0503068941895899
1782438196847854850|546000.0|0.00999908028459542
1782438196947860127|545000.0|-0.00999947232784526
1782438197047858395|548000.0|0.0300005196089996
1782438197147859399|547000.0|-0.00999989960100801
1782438197247856515|542000.0|-0.0500014420415885
1782438197348323034|547000.0|0.0497678236468012
1782438197448408997|0.0|-5.46530186255989
1782438197548292002|550000.0|5.50644226212457
1782438197648340508|541000.0|-0.0899563657652219
1782438197748913634|544000.0|0.02982904200472
1782438197848001431|547000.0|0.0302761802242914
1782438197948747387|551000.0|0.0397038269208543
1782438198048258828|545000.0|-0.0602945745705763
1782438198148053383|550000.0|0.0501029339727002
1782438198248639563|541000.0|-0.0894755124411723
1782438198348011292|544000.0|0.0301896729602038
1782438198448531088|547000.0|0.0298448675721546
1782438198547918945|546000.0|-0.0100615913269968
1782438198648321590|545000.0|-0.00995989697283373
1782438198748630428|541000.0|-0.0398768451489788
1782438198847882255|547000.0|0.0604522876944119
1782438198948539729|547000.0|0.0
1782438199047999841|544000.0|-0.0301628455837653
1782438199148018536|552000.0|0.0799850467955016
1782438199247866994|546000.0|-0.060091063198993
1782438199348691489|548000.0|0.0198364494659755
1782438199448519915|548000.0|0.0
1782438199547948137|550000.0|0.0201150132202907
1782438199648247950|548000.0|-0.0199402166382902
1782438199748590658|553000.0|0.0498292312382082
1782438199847907282|552000.0|-0.0100688078161014
1782438199948518099|553000.0|0.00993928913230075
1782438200047918481|547000.0|-0.0603619410637677
1782438200148409201|554000.0|0.0696581734114354
1782438200247867726|552000.0|-0.0201088845827947
1782438200348648779|559000.0|0.0694575001116529
1782438200447873482|553000.0|-0.0604688128922895
1782438200548712807|550000.0|-0.0297502983087203
1782438200647983109|548000.0|-0.0201470123461496
1782438200748267352|553000.0|0.0498582813254122
1782438200847970322|551000.0|-0.0200595829793235
1782438200948464434|549000.0|-0.019901663492484
1782438201048789588|545000.0|-0.0398703599298736
1782438201148509068|551000.0|0.0601687854770201
1782438201248487376|554000.0|0.0300065090119349
1782438201348357750|559000.0|0.0500648971235454
1782438201448005551|560000.0|0.0100353443825619
1782438201548502606|560000.0|0.0
1782438201648503922|557000.0|-0.0299996052051955
1782438201748200122|562000.0|0.0501523628784247
1782438201848180783|561000.0|-0.0100019342740693
1782438201948674478|565000.0|0.0398034921494329
1782438202047892266|558000.0|-0.0705518651554699
