1782408640379933039|1414000.0|
1782408640478923129|1413000.0|-0.0101020213235487
1782408640578922823|1413000.0|0.0
1782408640678913924|1414000.0|0.0100008899791992
1782408640778917457|1416000.0|0.0199992934249633
1782408640878919455|1418000.0|0.0199996004079838
1782408640978917708|1419000.0|0.0100001747030521
1782408641078919545|1416000.0|-0.0299994489101235
1782408641180435915|1418000.0|0.019701256063431
1782408641279027443|1411000.0|-0.0710000153360033
1782408641379764930|1415000.0|0.0397071648213738
1782408641479634639|1409000.0|-0.0600782765873484
1782408641579681452|1411000.0|0.0199906417808631
1782408641680025946|1415000.0|0.03986267547475
1782408641779650886|1414000.0|-0.0100376471995868
1782408641879027713|1416000.0|0.0201254161596445
1782408641979142719|1412000.0|-0.0399540504447455
1782408642079667981|1409000.0|-0.0298432447756266
1782408642179257209|1404000.0|-0.0502062331480268
1782408642278920660|1410000.0|0.0602026112862578
1782408642379082834|1413000.0|0.0299514265734687
1782408642478915102|1415000.0|0.0200336027625857
1782408642579925790|1420000.0|0.0494997123472716
1782408642680152139|1417000.0|-0.029932248654493
1782408642779333333|1417000.0|0.0
1782408642879385986|1416000.0|-0.00999473747087946
1782408642979442318|1415000.0|-0.00999436997150765
1782408643079043482|1421000.0|0.0602402598427464
1782408643179951465|1415000.0|-0.0594601122886383
1782408643278922258|1414000.0|-0.010103990982471
1782408643379067247|1417000.0|0.0299565662741248
1782408643479537116|1415000.0|-0.019906465688733
1782408643579026535|1413000.0|-0.0201026402616745
1782408643679656022|1412000.0|-0.00993744507511998
1782408643780093587|1416000.0|0.0398257365160137
1782408643879068653|1415000.0|-0.0101035547680261
1782408643979080761|1419000.0|0.0399951573863437
1782408644079025237|1416000.0|-0.0300166664538819
1782408644179672547|1418000.0|0.01987137063077
1782408644278918716|1419000.0|0.0100759556774428
1782408644379511002|1420000.0|0.00994112013718428
1782408644479112405|1419000.0|-0.010040019215392
1782408644579567715|1415000.0|-0.0398187014703354
1782408644678942941|1418000.0|0.0301886105899271
1782408644778932681|1414000.0|-0.0400041044211136
1782408644878902357|1417000.0|0.0300090999594717
1782408644978987633|1418000.0|0.00999147966580019
1782408645079028205|1418000.0|0.0
1782408645178929865|1418000.0|0.0
1782408645279028517|1413000.0|-0.0499507226131277
1782408645380012004|1417000.0|0.0396104365063171
1782408645479065596|1413000.0|-0.0403821801838342
1782408645579501146|1415000.0|0.0199132677622615
1782408645679052436|1418000.0|0.0301352197445156
1782408645779026320|0.0|-14.1837042161931
1782408645878917916|1415000.0|14.1653558123148
1782408645979031656|1416000.0|0.00998863892209001
1782408646079448757|1416000.0|0.0
1782408646179561456|1411000.0|-0.0499437139338337
1782408646279026778|1417000.0|0.0603225313039252
1782408646380069305|1420000.0|0.0296904688458554
1782408646479656659|1419000.0|-0.0100414355822728
1782408646579568479|1413000.0|-0.0600529546954504
1782408646679020137|1415000.0|0.0201102730735771
1782408646779613686|1414000.0|-0.00994099532167813
1782408646878984864|1414000.0|0.0
1782408646979650030|1419000.0|0.0496696146112748
1782408647079399912|1414000.0|-0.0501253725793881
1782408647178915682|1412000.0|-0.0200973172392677
1782408647278920189|1416000.0|0.0399981972812485
1782408647378915433|1413000.0|-0.0300014268678618
1782408647478918116|1413000.0|0.0
1782408647578941823|1417000.0|0.0399905194475546
1782408647679464572|1415000.0|-0.0198959938908953
1782408647778932454|1410000.0|-0.0502674823215799
1782408647879612563|1414000.0|0.0397297940946806
1782408647979097613|1417000.0|0.0301552846382446
1782408648078924823|1418000.0|0.0100173089080622
1782408648179493972|1419000.0|0.00994340719737024
1782408648278923789|1420000.0|0.0100573452729979
1782408648378978856|1420000.0|0.0
1782408648478909987|1422000.0|0.0200137832924157
1782408648578917726|1421000.0|-0.00999922615988749
1782408648678917178|1424000.0|0.0300001644009009
1782408648778918517|1424000.0|0.0
1782408648878928208|1430000.0|0.0599941859634383
1782408648978918987|1428000.0|-0.0200018443700694
1782408649078944422|1424000.0|-0.0399898285870989
1782408649178918608|1424000.0|0.0
1782408649278963947|1417000.0|-0.0699682770828534
1782408649379180807|1414000.0|-0.0299350827794844
1782408649479125969|1420000.0|0.0600329208531374
1782408649578988588|1416000.0|-0.0400550279980139
1782408649678996311|1412000.0|-0.0399969110385605
1782408649779270642|1415000.0|0.0299179258548232
1782408649879031468|1420000.0|0.0501198737067394
1782408649979073495|1416000.0|-0.0399831962621069
1782408650079776147|1420000.0|0.0397209002996267
1782408650179083772|1417000.0|-0.0302091606762321
1782408650279118998|1418000.0|0.00999647864043412
1782408650379008224|1419000.0|0.0100110896844871
1782408650479945245|1420000.0|0.009907167757606
1782408650579036805|1415000.0|-0.0504583841449262
1782408650678989232|1416000.0|0.0100047595642675
1782408650778915514|1414000.0|-0.0200147544767051
1782408650879001508|1417000.0|0.0299742239658428
1782408650979878850|1417000.0|0.0
1782408651079047209|1420000.0|0.0302515845805213
1782408651178978339|1412000.0|-0.0800551339707657
1782408651278967006|1416000.0|0.0400045337138058
1782408651379035352|1420000.0|0.0399726802719413
1782408651479821748|1416000.0|-0.0396878959735796
1782408651579904719|1414000.0|-0.0199834195569594
1782408651679045751|1416000.0|0.0201732820372497
1782408651779019729|1418000.0|0.0200052057546415
1782408651878980555|1417000.0|-0.0100039189352037
1782408651979485910|1422000.0|0.0497485929978557
1782408652078939838|1421000.0|-0.0100549070319274
1782408652179309034|1419000.0|-0.0199264324086047
1782408652279019283|1422000.0|0.0300871778988336
1782408652379028461|1418000.0|-0.0399963291369118
1782408652479222183|1418000.0|0.0
1782408652579778627|1414000.0|-0.0397786540661681
1782408652679096426|1415000.0|0.0100686886949639
1782408652779770070|1415000.0|0.0
1782408652878941134|1412000.0|-0.030250759435232
1782408652978972344|1416000.0|0.0399875198950408
1782408653079321443|1418000.0|0.0199304230922891
1782408653179072859|1419000.0|0.0100249203479979
1782408653279482342|1418000.0|-0.0099592186925213
1782408653379054991|1417000.0|-0.0100429185126932
1782408653478999272|1418000.0|0.0100055750063378
1782408653579031122|1415000.0|-0.0299904480422985
1782408653679266300|1418000.0|0.029929612136769
1782408653779659831|1414000.0|-0.0398432046383546
1782408653879304336|1412000.0|-0.0200713526551213
1782408653979685338|1413000.0|0.0099620444115511
1782408654079476723|1413000.0|0.0
1782408654179166908|1421000.0|0.080248622269083
1782408654278990388|1414000.0|-0.0701237825008705
1782408654379029918|1414000.0|0.0
1782408654479081448|1415000.0|0.00999484965397331
1782408654579080993|1417000.0|0.0200000910004141
1782408654679507324|1415000.0|-0.0199150957730398
1782408654779972950|1413000.0|-0.0199073064054764
1782408654879962767|1412000.0|-0.010001018403704
1782408654979736280|1412000.0|0.0
1782408655079003951|1418000.0|0.0604426389735687
1782408655179363641|1416000.0|-0.0199283198264164
1782408655278941137|1420000.0|0.0401697186681617
1782408655378995658|1417000.0|-0.029983652612759
1782408655479022068|1416000.0|-0.00999735969730394
1782408655579402445|1416000.0|0.0
1782408655679550775|1415000.0|-0.00998518896920198
1782408655778922270|1417000.0|0.0201264960338979
1782408655878924391|1416000.0|-0.00999978790449855
1782408655979975524|1412000.0|-0.0395839203505022
1782408656078921081|1411000.0|-0.0101065679988036
1782408656179660917|1415000.0|0.0397062389500019
1782408656278933723|1415000.0|0.0
1782408656379656774|1414000.0|-0.00992821394975416
1782408656480085952|1414000.0|0.0
1782408656579147670|1420000.0|0.0605683014704025
1782408656679116015|1416000.0|-0.0400126660094253
1782408656779497241|1414000.0|-0.0199240443626381
1782408656879006224|1416000.0|0.0200986879747329
1782408656979895436|1417000.0|0.00991186252896891
1782408657079701396|1419000.0|0.0200388834494453
1782408657179445004|1418000.0|-0.010025705105835
1782408657279108564|1411000.0|-0.0702363030178733
1782408657379801198|1417000.0|0.0595872782511579
1782408657479886519|1418000.0|0.00999147517346725
1782408657578905021|1417000.0|-0.0100991226871923
1782408657680053145|1418000.0|0.00988649082606811
1782408657779423184|1412000.0|-0.0603803728002965
1782408657879539208|1420000.0|0.0799072883677442
1782408657979076624|1418000.0|-0.0200929467568256
1782408658079922075|1416000.0|-0.01983232738976
1782408658179042128|1419000.0|0.0302663276420968
1782408658279932539|1416000.0|-0.0297352342037738
1782408658379500706|1420000.0|0.040173482354054
1782408658479934140|1419000.0|-0.00995684365427553
1782408658579036097|1421000.0|0.0201812361788173
1782408658680008444|1425000.0|0.0396148066163105
1782408658778985442|1422000.0|-0.0303100726494049
1782408658880018909|1422000.0|0.0
1782408658979091858|1426000.0|0.0403742902616132
1782408659079632028|1419000.0|-0.0696239125117851
1782408659180148982|1421000.0|0.0198971409340558
1782408659279154235|1423000.0|0.0202009483274589
1782408659379349267|1422000.0|-0.00998053476344017
1782408659479029914|1425000.0|0.0300961128392355
1782408659579335395|1422000.0|-0.0299086348033165
1782408659679033162|1420000.0|-0.0200606298433946
1782408659780092022|1413000.0|-0.0692665640597964
1782408659878955674|1413000.0|0.0
1782408659979485700|1414000.0|0.00994727684642198
1782408660079613228|1425000.0|0.109859897869445
1782408660179844900|1418000.0|-0.0698382044350213
1782408660280047837|1417000.0|-0.00997974740001882
1782408660378932913|1413000.0|-0.0404509978836442
1782408660479661931|1420000.0|0.0694933807455564
1782408660578932992|1416000.0|-0.0402937166149559
1782408660679697659|1421000.0|0.0496205678921164
1782408660779938483|1420000.0|-0.00997597545686576
1782408660879666778|1422000.0|0.0200544890494719
1782408660979657825|1421000.0|-0.0100008953801634
1782408661078926439|1421000.0|0.0
1782408661179816529|1418000.0|-0.0297353288117792
1782408661280552667|1414000.0|-0.0397076965567213
1782408661379995296|1414000.0|0.0
1782408661479071605|1421000.0|0.070652611816615
1782408661579044829|1422000.0|0.0100026783171462
1782408661679072068|1421000.0|-0.00999727684176107
1782408661779896734|1422000.0|0.00991820791154419
1782408661879374932|1421000.0|-0.0100524539055281
1782408661979626716|1417000.0|-0.0398995393438585
1782408662079708852|1419000.0|0.0199835862815718
1782408662179530010|1423000.0|0.0400716649670604
1782408662279613266|1419000.0|-0.0399667253031816
1782408662379642681|1415000.0|-0.0399882374599512
1782408662479008782|1417000.0|0.0201275885827502
1782408662578913765|1417000.0|0.0
1782408662678925036|1420000.0|0.0299966190810634
1782408662778994356|1416000.0|-0.0399722912077348
1782408662879929662|1420000.0|0.0396293443643991
1782408662978915282|1421000.0|0.0101024775113799
1782408663078901097|1421000.0|0.0
1782408663178925840|1424000.0|0.0299925789361938
1782408663279089703|1417000.0|-0.0698854835500903
1782408663379400623|1418000.0|0.0099690043716078
1782408663479998760|1421000.0|0.0298216258219573
1782408663578912683|1419000.0|-0.0202196004297595
1782408663678925218|1417000.0|-0.0199974933142131
1782408663778913513|1415000.0|-0.0200023412740461
1782408663878926176|1418000.0|0.0299962015809938
1782408663978906023|1421000.0|0.0300060471186758
1782408664079463455|1419000.0|-0.0198891316158511
1782408664179100341|0.0|-14.2417136561253
1782408664279753197|1418000.0|14.0880254803699
1782408664378937601|1417000.0|-0.0100822302667665
1782408664479029976|1419000.0|0.0199815420505308
1782408664580560883|1418000.0|-0.00984921763773862
1782408664679024677|1421000.0|0.0304680520435765
1782408664779951375|1420000.0|-0.00990818108405766
1782408664879097187|1422000.0|0.0201723094466159
1782408664979643867|1415000.0|-0.069619404638721
1782408665078971888|1426000.0|0.110744177617311
1782408665179328856|1418000.0|-0.0797154413832032
1782408665279026765|1423000.0|0.0501515031774638
1782408665379568677|1420000.0|-0.0298383026573038
1782408665478929577|1418000.0|-0.0201286421519934
1782408665579742962|1417000.0|-0.00991931775726011
1782408665678939974|1416000.0|-0.0100809488092242
1782408665779428685|1422000.0|0.0597081994613305
1782408665879366499|1415000.0|-0.0700435572865342
1782408665979821291|1421000.0|0.059728360196097
1782408666079246304|1418000.0|-0.0301734936660255
1782408666178934517|1418000.0|0.0
1782408666278957387|1421000.0|0.0299931405687519
1782408666379389011|1422000.0|0.00995702309862081
1782408666478934984|1420000.0|-0.0200912195614382
1782408666579025566|1420000.0|0.0
1782408666679040788|1418000.0|-0.019996956063348
1782408666779675229|1414000.0|-0.0397478235110383
1782408666878994961|1417000.0|0.0302054782024583
1782408666978942039|1417000.0|0.0
1782408667079037517|1415000.0|-0.0199809226147059
1782408667179668549|1414000.0|-0.00993729250436386
1782408667279789003|1418000.0|0.0399518763668411
1782408667378937998|1418000.0|0.0
1782408667478998884|1420000.0|0.0199878302096985
1782408667578933465|1421000.0|0.0100065461824471
1782408667679027679|1419000.0|-0.0199811749358459
1782408667779197621|1415000.0|-0.0399321385251476
1782408667879080507|1415000.0|0.0
1782408667978984113|1414000.0|-0.0100096487007686
1782408668078939799|1418000.0|0.0400177334584048
1782408668178999532|1420000.0|0.0199880605318025
1782408668279011746|1419000.0|-0.00999877874916358
1782408668380021978|1419000.0|0.0
1782408668478942829|1416000.0|-0.0303272765010887
1782408668579082739|1416000.0|0.0
1782408668679034376|1418000.0|0.020009677280223
1782408668779716672|1417000.0|-0.0099322327730786
1782408668879283396|1421000.0|0.0401740645800499
1782408668979302554|1415000.0|-0.059988507401752
1782408669079566272|1418000.0|0.0299210926927725
1782408669179417189|1423000.0|0.0500746527946258
1782408669279754539|1418000.0|-0.0498318921119603
1782408669379321455|1423000.0|0.0502174838879212
1782408669478930803|1418000.0|-0.0501960920374662
1782408669579470778|1417000.0|-0.00994629250703514
1782408669679812480|1416000.0|-0.00996594616264332
1782408669778998819|1414000.0|-0.0201640671504168
1782408669879679979|1422000.0|0.0794587587191089
1782408669979376127|1418000.0|-0.0401219112297097
1782408670078919363|1416000.0|-0.020091771981373
1782408670179249305|1422000.0|0.059802685822344
1782408670279790783|1414000.0|-0.079569150554958
1782408670380134454|1411000.0|-0.0298972518157124
1782408670478922999|1414000.0|0.0303678933625351
1782408670580001296|1411000.0|-0.0296799618616447
1782408670679060530|1410000.0|-0.010094970045902
1782408670780033530|1414000.0|0.0396145504243709
1782408670880107663|1415000.0|0.00999259219163058
1782408670978927009|1423000.0|0.0809558079852097
1782408671078920677|1416000.0|-0.0700044326806773
1782408671179050794|1415000.0|-0.00998700520843294
1782408671279443136|1418000.0|0.0298827573919931
1782408671379076180|1422000.0|0.0401473230106269
1782408671479091945|1423000.0|0.00999842374849605
1782408671580245313|1418000.0|-0.0494298914495857
1782408671678921409|1420000.0|0.0202683332749605
1782408671779547400|1425000.0|0.049688951634772
1782408671878916379|1417000.0|-0.0805080225288417
1782408671979665426|1420000.0|0.0297769565998972
1782408672079695622|1417000.0|-0.0299909439345695
1782408672179416906|1421000.0|0.0401117979989106
1782408672278922829|1416000.0|-0.0502482651208612
1782408672379338051|1413000.0|-0.0298759484891643
1782408672478928870|1418000.0|0.0502054310849678
1782408672580027806|1417000.0|-0.00989130093317698
1782408672678981951|1416000.0|-0.0101056908732828
1782408672779055092|1409000.0|-0.0699488387198719
1782408672879520410|1411000.0|0.0199073674359942
1782408672979074013|1411000.0|0.0
1782408673079591459|1413000.0|0.019897043544063
1782408673179646999|1419000.0|0.0599666944978759
1782408673279703130|1414000.0|-0.0499719502446082
1782408673379551598|1412000.0|-0.0200303523935891
1782408673479641107|1415000.0|0.0299731713140885
1782408673579086325|1414000.0|-0.0100557877001185
1782408673679096762|1414000.0|0.0
1782408673779039726|1414000.0|0.0
1782408673879757348|1419000.0|0.0496437455602357
1782408673979955513|1412000.0|-0.0698615588419209
1782408674078935674|1414000.0|0.0202060693758621
1782408674179873601|1416000.0|0.0198141576654333
1782408674279044627|1413000.0|-0.0302507710266101
1782408674379706409|1412000.0|-0.00993425687615981
1782408674478937562|1415000.0|0.0302324412173262
1782408674579840241|1417000.0|0.0198210792797682
1782408674679042099|1411000.0|-0.0604827381358119
1782408674780023193|1411000.0|0.0
1782408674878994971|1410000.0|-0.0101038904241975
1782408674979541536|1409000.0|-0.00994564060940322
1782408675079751493|1407000.0|-0.0199580965791653
1782408675179711560|1406000.0|-0.0100039948952815
1782408675280242301|1409000.0|0.0298416182966363
1782408675378911133|1410000.0|0.0101349127148885
1782408675478924384|1407000.0|-0.0299960252266972
1782408675578921540|1411000.0|0.0400011376323543
1782408675679682826|1411000.0|0.0
1782408675779233756|1402000.0|-0.090405986162058
1782408675878915887|1406000.0|0.0401275530516096
1782408675979038451|1413000.0|0.0699143102248161
1782408676079813913|1415000.0|0.0198461010280459
1782408676179671212|1413000.0|-0.0200285809853519
1782408676279963680|1411000.0|-0.0199416769761813
1782408676379103873|1412000.0|0.0100867263794816
1782408676479707638|1419000.0|0.0695799009112631
1782408676579064359|1413000.0|-0.0603884663222733
1782408676679816957|1416000.0|0.029775907118544
1782408676779686031|1418000.0|0.0200262195281795
1782408676879784339|1421000.0|0.0299705365649138
1782408676978926356|1423000.0|0.0201730816107968
1782408677078975096|1420000.0|-0.0299853851232909
1782408677179813085|1419000.0|-0.00991689748989342
1782408677279168558|1417000.0|-0.0201297416197697
1782408677379765571|1418000.0|0.00994065300924989
1782408677478921940|1419000.0|0.0100850808685824
1782408677579031543|1416000.0|-0.0299671550989968
1782408677678996762|1418000.0|0.0200069586202777
1782408677778912557|1422000.0|0.0400337103858304
1782408677879143809|1419000.0|-0.0299307844623152
1782408677978931747|1420000.0|0.0100212512658594
1782408678078938503|1416000.0|-0.0399972977825618
1782408678178966857|1422000.0|0.0599829924223286
1782408678279331245|1419000.0|-0.0298910804896255
1782408678379706801|1415000.0|-0.0398503396583925
1782408678480007045|1422000.0|0.0697904583362728
1782408678579040133|1418000.0|-0.0403905409876747
1782408678679084136|1424000.0|0.0599736098124742
1782408678779596044|1423000.0|-0.00994906991517861
1782408678880180960|1416000.0|-0.0695929397604707
1782408678980123683|1416000.0|0.0
1782408679078957298|1421000.0|0.050590075046835
1782408679179051733|1419000.0|-0.019981130819111
1782408679278996760|1415000.0|-0.0400220012947718
1782408679380046782|1414000.0|-0.00989608888952048
1782408679478888205|1415000.0|0.0101172157345408
1782408679579671842|1417000.0|0.0198444912243046
1782408679678916770|1413000.0|-0.0403043266855914
1782408679779754856|1415000.0|0.0198337759009032
1782408679879832954|1413000.0|-0.0199843925890758
1782408679979971005|1414000.0|0.009986213931805
1782408680078966572|1412000.0|-0.0202029248440993
1782408680179420640|1410000.0|-0.0199095968915863
1782408680279032769|1413000.0|0.0301168143891393
1782408680379616405|1418000.0|0.0497098752723554
1782408680479708263|1412000.0|-0.0599449357808904
1782408680579705002|1417000.0|0.0500016305531723
1782408680679047162|1413000.0|-0.0402648784765703
1782408680779691582|1414000.0|0.00993597061814257
1782408680879460144|1418000.0|0.0400927899512073
1782408680979660498|1417000.0|-0.00998000466146058
1782408681079066835|1413000.0|-0.0402388833621341
1782408681178933588|1416000.0|0.0300400274353568
1782408681279667800|1418000.0|0.0198542278764239
1782408681379707387|1416000.0|-0.0199920857330209
1782408681479409836|1417000.0|0.0100298439008253
1782408681579674094|1417000.0|0.0
1782408681679043103|1415000.0|-0.0201269995557669
1782408681780196692|1412000.0|-0.0296578700732013
1782408681879644757|1416000.0|0.0402219992917911
1782408681979813991|1417000.0|0.00998310519175978
1782408682079916041|1412000.0|-0.0499490270179282
1782408682179651130|1414000.0|0.0200531229284811
1782408682279241082|1413000.0|-0.0100411736316531
1782408682379104188|1418000.0|0.0500685408282815
1782408682479581663|1414000.0|-0.0398099175959587
1782408682578937455|0.0|-14.2316816316053
1782408682679041089|1415000.0|14.1353509703754
1782408682778944515|1415000.0|0.0
1782408682879460998|1414000.0|-0.00994861708402591
1782408682979135207|1417000.0|0.0300980567600993
1782408683079022392|1412000.0|-0.0500564712079933
1782408683179894813|1413000.0|0.00991351243567357
1782408683279140892|1411000.0|-0.0201519296293811
1782408683378952093|1411000.0|0.0
1782408683479091759|1408000.0|-0.0299581586381564
1782408683579048064|1412000.0|0.0400174856403505
1782408683679739315|1414000.0|0.0198626988952595
1782408683778957267|1413000.0|-0.0100788212197728
1782408683879484422|1409000.0|-0.0397902437406092
1782408683979666296|1413000.0|0.0399273824724021
1782408684078884951|1417000.0|0.0403149992307394
1782408684178916681|1417000.0|0.0
1782408684279643084|1414000.0|-0.0297836506680379
1782408684378912619|1418000.0|0.0402943360216203
1782408684479457022|1411000.0|-0.069620981289232
1782408684579117070|1411000.0|0.0
1782408684679122880|1414000.0|0.0299982571012624
1782408684779661603|1420000.0|0.0596784982041198
1782408684879746229|1424000.0|0.0399661782220178
1782408684979421077|1421000.0|-0.0300978638061229
1782408685079031637|1415000.0|-0.060234577538767
1782408685179814024|1414000.0|-0.00992236867737614
1782408685279703241|1416000.0|0.0200221811729689
1782408685380184875|1415000.0|-0.00995206745941253
1782408685478933097|1418000.0|0.0303802938345563
1782408685580411198|1412000.0|-0.0591260571578887
1782408685679584572|1421000.0|0.090750164454423
1782408685779870078|1421000.0|0.0
1782408685878956221|1419000.0|-0.0201844570738817
1782408685979671552|1417000.0|-0.0198579499281991
1782408686078937982|1422000.0|0.0503694955081995
1782408686179535553|1421000.0|-0.00994059786990284
1782408686278919840|1423000.0|0.0201239055022853
1782408686379945444|1423000.0|0.0
1782408686480176549|1422000.0|-0.00997694278637355
1782408686579377076|1422000.0|0.0
1782408686679781685|1418000.0|-0.0398388085949321
1782408686778936004|1418000.0|0.0
1782408686879905367|1425000.0|0.0693279604031968
1782408686979673431|1417000.0|-0.0801859801549321
1782408687079130358|1420000.0|0.0301638115161149
1782408687178900902|1421000.0|0.0100229983711425
1782408687279779449|1420000.0|-0.00991291042286721
1782408687379649642|1418000.0|-0.0200259951435159
1782408687479632906|1418000.0|0.0
1782408687579079113|1420000.0|0.0201113753891086
1782408687679668779|1418000.0|-0.0198827581354132
1782408687779090554|1415000.0|-0.0301744763659671
1782408687878931194|1419000.0|0.0400638457445786
1782408687979043019|1411000.0|-0.0799106399269017
1782408688079039707|1413000.0|0.0200006624219394
1782408688178903291|1413000.0|0.0
1782408688279022987|1414000.0|0.00998804471000391
1782408688378913116|1411000.0|-0.0300329975547434
1782408688478933356|1414000.0|0.0299939292287241
1782408688579016397|1419000.0|0.0499585139504304
1782408688678900348|1419000.0|0.0
1782408688779474494|1418000.0|-0.00994291316179806
1782408688879064173|1418000.0|0.0
1782408688979642320|1415000.0|-0.0298275528977483
1782408689078915806|1414000.0|-0.0100731830853608
1782408689178921246|1414000.0|0.0
1782408689278912158|1419000.0|0.0500045444129963
1782408689378932494|1416000.0|-0.0299939004404064
1782408689478912062|1419000.0|0.0300061308526558
1782408689578931534|1414000.0|-0.0499902658954248
1782408689678909326|1418000.0|0.0400088851732193
1782408689779089374|1411000.0|-0.0698741929131437
1782408689879750448|1415000.0|0.0397373069951548
1782408689980688883|1415000.0|0.0
1782408690078943166|1419000.0|0.0407106934971985
1782408690178998605|1416000.0|-0.0299833775153393
1782408690279073005|1415000.0|-0.00999256553124475
1782408690379578415|1414000.0|-0.0099497131547446
1782408690478936141|1417000.0|0.030193927747501
1782408690579028013|1419000.0|0.0199816424654342
1782408690679046284|1412000.0|-0.0699872126363792
1782408690780033151|1419000.0|0.0693159438246559
1782408690879044124|1419000.0|0.0
1782408690979572109|1418000.0|-0.00994747880403651
1782408691078935740|1419000.0|0.0100640444590838
1782408691179951406|1414000.0|-0.0494972730269382
1782408691279079770|1419000.0|0.0504396501489725
1782408691379103002|1420000.0|0.00999767733960046
1782408691479568363|1425000.0|0.0497683972886934
1782408691579818699|1417000.0|-0.0798002312929904
1782408691679927227|1417000.0|0.0
1782408691779041271|1419000.0|0.0201787750684454
1782408691878917862|1419000.0|0.0
1782408691979487815|1417000.0|-0.019886655410886
1782408692078918901|1413000.0|-0.0402288676601601
1782408692178922676|1417000.0|0.0399984900570003
1782408692278913508|1419000.0|0.0200018337681199
1782408692380061494|1421000.0|0.0197730086291585
1782408692478920498|1425000.0|0.0404616659904848
1782408692578909089|1421000.0|-0.0400045641207205
1782408692678946240|1421000.0|0.0
1782408692779944562|1417000.0|-0.0396046183816796
1782408692878913327|1415000.0|-0.0202083960530375
1782408692979400191|1415000.0|0.0
1782408693079775440|1418000.0|0.0298878461561774
1782408693179063852|1417000.0|-0.0100716687864844
1782408693279658013|1416000.0|-0.00994093484213264
1782408693379007130|1420000.0|0.0402620588968093
1782408693478919097|1419000.0|-0.0100088110566375
1782408693578922936|1412000.0|-0.0699973128031615
1782408693679837018|1416000.0|0.0396376791100374
1782408693779094791|1416000.0|0.0
1782408693879104054|1412000.0|-0.0399962951431809
1782408693979125637|1412000.0|0.0
1782408694079060163|1413000.0|0.0100065516896533
1782408694179073218|1417000.0|0.0399947786816431
1782408694279606370|1409000.0|-0.0795757403488155
1782408694379968738|1409000.0|0.0
1782408694480041025|1410000.0|0.00999277652163581
1782408694579415646|1402000.0|-0.0805034516810887
1782408694679412701|1411000.0|0.0900026505780595
1782408694779805965|1410000.0|-0.00996082765074756
1782408694879659867|1414000.0|0.0400585247034212
1782408694979041544|1414000.0|0.0
1782408695079077911|1407000.0|-0.0699745523545452
1782408695179032213|1413000.0|0.0600274313355717
1782408695279050996|1413000.0|0.0
1782408695379826324|1421000.0|0.0793845096688745
1782408695479975747|1415000.0|-0.0599104799635241
1782408695579690641|1415000.0|0.0
1782408695678947054|1415000.0|0.0
1782408695779042668|1414000.0|-0.00999044773330428
1782408695879587916|1415000.0|0.00994577088317491
1782408695979036009|1415000.0|0.0
1782408696079669129|1415000.0|0.0
1782408696179415591|1414000.0|-0.0100254182449098
1782408696278924435|1410000.0|-0.0401974320996031
1782408696379792484|1414000.0|0.0396557684981098
1782408696479679922|1411000.0|-0.0300338066534453
1782408696579995602|1410000.0|-0.00996853134026505
1782408696678994765|1414000.0|0.0404043820047246
1782408696778918171|1414000.0|0.0
1782408696879673339|1412000.0|-0.0198500984088479
1782408696978910455|1414000.0|0.0201537497321063
1782408697079694375|1408000.0|-0.0595333065036565
1782408697179750837|1413000.0|0.0499717849307924
1782408697279387730|1415000.0|0.0200728860543654
1782408697380418275|1417000.0|0.0197959933800219
1782408697480158640|1420000.0|0.0300780932574289
1782408697578916970|1414000.0|-0.0607543687707153
1782408697680061820|1414000.0|0.0
1782408697779397255|1417000.0|0.0302007033039116
1782408697879748342|1411000.0|-0.0597900847850308
1782408697978927650|1414000.0|0.0302482449262501
1782408698079044960|1411000.0|-0.0299648482365337
1782408698179018110|1413000.0|0.0200053714422322
1782408698279155788|1416000.0|0.0299587533875111
1782408698379517547|1412000.0|-0.0398558179913925
1782408698479072423|1416000.0|0.0401788456850672
1782408698579354486|1411000.0|-0.0498593651787957
1782408698679063490|1416000.0|0.0501459226290135
1782408698779981667|1416000.0|0.0
1782408698879072462|1413000.0|-0.0302752642160152
1782408698979550221|1417000.0|0.0398098050733795
1782408699079846699|1414000.0|-0.0299113195181191
1782408699179919641|1415000.0|0.00999271111665729
1782408699278904547|1409000.0|-0.0606153022966956
1782408699378916241|1411000.0|0.0199976614734673
1782408699479030575|1412000.0|0.00998857965733458
1782408699579524573|1407000.0|-0.049754215172134
1782408699678922457|1411000.0|0.0402423053593374
1782408699780004554|1409000.0|-0.0197858973978349
1782408699878914548|1412000.0|0.0303306054189024
1782408699979474435|1413000.0|0.00994432302812751
1782408700079774657|1408000.0|-0.049850338317297
1782408700179643630|1412000.0|0.0400524795623962
1782408700280014444|1413000.0|0.00996305559502586
1782408700378971590|1406000.0|-0.0707376908384161
1782408700478966483|1406000.0|0.0
1782408700580113188|1413000.0|0.069206406674345
1782408700679829152|1410000.0|-0.0300854535187565
1782408700779920862|1412000.0|0.0199816748060354
1782408700879078184|1419000.0|0.0705948875868189
1782408700979404102|1417000.0|-0.019935028154938
1782408701079664308|1411000.0|-0.0598442815886494
1782408701179086848|0.0|-14.191952850933
1782408701279686942|1411000.0|14.0258318247695
1782408701379009497|1409000.0|-0.0201364131238871
1782408701479242167|1411000.0|0.0199535740193292
1782408701578943411|1414000.0|0.030089895367805
1782408701679821890|1415000.0|0.00991291710494564
1782408701778943021|1413000.0|-0.0201773323187767
1782408701879936557|1411000.0|-0.0198032476058666
1782408701979651257|1411000.0|0.0
1782408702079061316|1411000.0|0.0
1782408702179543777|1410000.0|-0.00995198555099083
1782408702279079261|1411000.0|0.0100466683821018
1782408702379062810|1408000.0|-0.0300049361120398
1782408702479724072|1409000.0|0.00993430819494395
1782408702579400596|1410000.0|0.0100324525762957
1782408702679516705|1410000.0|0.0
1782408702779050493|1415000.0|0.0502341978585202
1782408702879626331|1416000.0|0.00994274589091666
1782408702979328151|1408000.0|-0.0802392574177683
1782408703078916450|1412000.0|0.040165361193688
1782408703179468848|1411000.0|-0.00994506366720364
1782408703279564220|1413000.0|0.0199809437743036
1782408703379920954|1410000.0|-0.0298933602203515
1782408703479656598|1410000.0|0.0
1782408703579060640|1415000.0|0.0502997654763375
1782408703679040941|1411000.0|-0.0400078811525082
1782408703779037065|1412000.0|0.010000387615024
1782408703879033189|1412000.0|0.0
1782408703979271634|1415000.0|0.0299286366623106
1782408704079360895|1412000.0|-0.0299732455812617
1782408704179541964|1416000.0|0.0399277033068992
1782408704279783368|1417000.0|0.00997591773554967
1782408704379830373|1418000.0|0.00999530170843195
1782408704479976193|1417000.0|-0.00998543923251115
1782408704579101147|1411000.0|-0.0605296623895533
1782408704678950550|1414000.0|0.0300452472409875
1782408704780270678|1411000.0|-0.0296091216939639
1782408704879565056|1415000.0|0.0402842545627306
1782408704979649388|1421000.0|0.0599494434353621
1782408705079657384|1418000.0|-0.0299976013917927
1782408705179518260|1415000.0|-0.0300417953473591
1782408705278934302|1421000.0|0.0603524328598799
1782408705379757996|1417000.0|-0.0396732141157216
1782408705479633464|1419000.0|0.0200249374551116
1782408705579698372|1418000.0|-0.00999351341031563
1782408705679074991|1419000.0|0.0100627291415499
1782408705779327915|1413000.0|-0.0598486284549666
1782408705879078759|1412000.0|-0.0100249778337715
1782408705979948437|1422000.0|0.0991378201881442
1782408706079076239|1417000.0|-0.0504399361139875
1782408706180227758|1416000.0|-0.00988615900073631
1782408706279059974|1419000.0|0.0303544746988168
1782408706379711107|1411000.0|-0.0794824634512559
1782408706479072397|1416000.0|0.0503214078641692
1782408706579882091|1413000.0|-0.0297590428158625
1782408706679588390|1419000.0|0.0601767396862258
1782408706779077840|1415000.0|-0.0402052679957523
1782408706879236141|1411000.0|-0.0399367796784013
1782408706979544249|1413000.0|0.019938567677899
1782408707079080835|1416000.0|0.0301396714570861
1782408707178890734|1418000.0|0.020038092614441
1782408707280033949|1420000.0|0.0197739413365494
1782408707379406502|1417000.0|-0.0301894226265878
1782408707479568530|1419000.0|0.0199676468212085
1782408707579422365|1415000.0|-0.0400585515819197
1782408707679856538|1417000.0|0.0199135407825781
1782408707778906066|1414000.0|-0.0302878777978629
1782408707879095006|1415000.0|0.00998114163100238
1782408707979485163|1418000.0|0.0298834077926584
1782408708079592983|1415000.0|-0.029967688837895
1782408708179043841|1414000.0|-0.0100552174220558
1782408708279943278|1419000.0|0.0495542903772595
1782408708379484744|1412000.0|-0.0703224523536754
1782408708479073986|1412000.0|0.0
1782408708580044544|1411000.0|-0.00990387712822187
1782408708679772331|1415000.0|0.0401091824087102
1782408708779040068|1412000.0|-0.0302212993935784
1782408708879068655|1414000.0|0.019994284233966
1782408708979638540|1415000.0|0.00994333442859162
1782408709079912712|1410000.0|-0.0498632888237661
1782408709178923616|1421000.0|0.111098874523962
1782408709279907310|1417000.0|-0.0396103553114229
1782408709379104326|1415000.0|-0.0201618968054442
1782408709479364290|1421000.0|0.059844426036299
1782408709579029036|1416000.0|-0.0501681908666079
1782408709679425144|1424000.0|0.0796843638600014
1782408709779848500|1419000.0|-0.0497892143735965
1782408709879055644|1414000.0|-0.0503995962226269
1782408709980063002|1418000.0|0.0396010753988833
1782408710078964962|1423000.0|0.0505551153890176
1782408710179740143|1416000.0|-0.069461547283155
1782408710279637673|1415000.0|-0.0100102575108714
1782408710378923426|1413000.0|-0.0201438770374235
1782408710479660910|1418000.0|0.049633957504835
1782408710579693625|1415000.0|-0.0299901887097636
1782408710679148531|1413000.0|-0.0201096163119394
1782408710779997360|1416000.0|0.029747494638733
1782408710879680250|1418000.0|0.0200636237572968
1782408710979699332|1415000.0|-0.0299942764921598
1782408711079082877|1412000.0|-0.0301860836217907
1782408711179075288|1420000.0|0.0800060716607783
1782408711279335571|1419000.0|-0.00997403927136332
1782408711380207423|1414000.0|-0.0495678417800835
1782408711479085127|1419000.0|0.0505675172230941
1782408711579089761|1412000.0|-0.0699967563503107
1782408711680256079|1416000.0|0.0395388512607526
1782408711779074470|1414000.0|-0.0202391475894401
1782408711879894642|1415000.0|0.00991865000984129
1782408711979305307|1418000.0|0.0301778486241894
1782408712078934212|1419000.0|0.010037247724443
1782408712179402624|1417000.0|-0.019906754373703
1782408712279370890|1416000.0|-0.0100031744073664
1782408712379134516|1413000.0|-0.0300710802151478
1782408712480144113|1419000.0|0.0594002963896589
1782408712580220186|1420000.0|0.00999239848270225
1782408712678985266|1421000.0|0.0101250360957537
1782408712779049132|1422000.0|0.00999361747626261
1782408712879097223|1413000.0|-0.0899567389046933
1782408712979031297|1414000.0|0.0100065969491047
1782408713078917578|1415000.0|0.0100113848467339
1782408713180011768|1414000.0|-0.00989176529333684
1782408713279686544|1415000.0|0.0100326285157641
1782408713379829035|1417000.0|0.0199715423495906
1782408713479827636|1423000.0|0.0600008394117434
1782408713579917615|1421000.0|-0.0199820203778842
1782408713680015641|1415000.0|-0.0599412419981189
1782408713778902352|1415000.0|0.0
1782408713879081179|1419000.0|0.039928596888043
1782408713978917236|1416000.0|-0.0300492636643292
1782408714078921342|1420000.0|0.0399983576674342
1782408714178917432|1416000.0|-0.0400015640611548
1782408714278924481|1416000.0|0.0
1782408714379646045|1418000.0|0.0198567210493276
1782408714478918053|1415000.0|-0.0302199991764043
1782408714578884446|1418000.0|0.0300100854894304
1782408714679029752|1421000.0|0.0299564714495954
1782408714778918882|1418000.0|-0.030033297917401
1782408714879024140|1418000.0|0.0
1782408714978926757|1419000.0|0.010009747792693
1782408715079053311|1416000.0|-0.0299620817870153
1782408715179067881|1417000.0|0.00999854321225398
1782408715279077523|1418000.0|0.0099990358929592
1782408715378933756|1422000.0|0.0400575895948328
1782408715479565399|1419000.0|-0.0298116965058396
1782408715580049810|1418000.0|-0.00995179242280676
1782408715680129372|1415000.0|-0.0299761503752385
1782408715779030994|1418000.0|0.0303331728978115
1782408715878995196|1416000.0|-0.0200071621639114
1782408715979765079|1415000.0|-0.00992359989144773
1782408716079019567|1417000.0|0.020150222325463
1782408716179904090|1413000.0|-0.039649292885094
1782408716279776179|1416000.0|0.0300384224465356
1782408716379654748|1421000.0|0.0500607893170756
1782408716479712630|1418000.0|-0.0299826454451634
1782408716579654078|1422000.0|0.040023434521381
1782408716679045590|1418000.0|-0.04024488529765
1782408716779779249|1418000.0|0.0
1782408716879192568|1417000.0|-0.010059014325837
1782408716980171828|1418000.0|0.00990302365059914
1782408717079571324|1413000.0|-0.0503020659179197
1782408717179415620|1416000.0|0.0300467840446288
1782408717279027596|1418000.0|0.0200779070982389
1782408717379035557|1420000.0|0.019998407926745
1782408717479056558|1422000.0|0.0199958006818988
1782408717580004394|1419000.0|-0.0297183190732291
1782408717679029343|1415000.0|-0.0403938607431143
1782408717779888330|1421000.0|0.0594889972472161
1782408717879717779|1421000.0|0.0
1782408717980177070|1423000.0|0.0199085617675721
1782408718079027379|1420000.0|-0.0303489187879018
1782408718179545917|1417000.0|-0.0298452410837889
1782408718280083031|1417000.0|0.0
1782408718378933037|1422000.0|0.0505816863582183
1782408718479750888|1418000.0|-0.0396755134167658
1782408718578931630|1424000.0|0.0604956151669041
1782408718679566025|1417000.0|-0.0695587229396073
1782408718779281537|1418000.0|0.0100285299643249
1782408718879833339|1422000.0|0.0397804904580427
1782408718979995348|1419000.0|-0.0299514759133875
1782408719080040077|1422000.0|0.0299865872993669
1782408719179042402|1417000.0|-0.0505038644294465
1782408719279567164|1419000.0|0.0198955954752721
1782408719379826758|1419000.0|0.0
1782408719478924540|1419000.0|0.0
1782408719579038052|1424000.0|0.0499433083518237
1782408719679661006|1419000.0|-0.0496904513457238
1782408719780017895|0.0|-14.139537545848
1782408719878902109|1427000.0|14.4310192929278
1782408719978919029|1423000.0|-0.0399932331449519
1782408720078909198|1420000.0|-0.0300029495899742
1782408720180062569|1424000.0|0.0395439119868778
1782408720279059790|1421000.0|-0.0303038809543957
1782408720379620584|1420000.0|-0.00994423333610512
1782408720479031487|1426000.0|0.0603555527505871
1782408720579108343|1426000.0|0.0
1782408720680045362|1428000.0|0.0198143359078199
1782408720779743850|1423000.0|-0.0501512119220905
1782408720879446753|1422000.0|-0.0100297982296463
1782408720979033112|1420000.0|-0.0200830718191033
1782408721080138884|1417000.0|-0.0296718964768896
1782408721179647562|1423000.0|0.0602962487352108
1782408721279684850|1424000.0|0.00999627258987669
1782408721379577290|1424000.0|0.0
1782408721480100772|1422000.0|-0.0198958488127182
1782408721578905032|1416000.0|-0.0607261265860399
1782408721679675746|1419000.0|0.0297705541711256
1782408721778921928|1420000.0|0.0100759543576195
1782408721879587282|1420000.0|0.0
1782408721979642890|1423000.0|0.0299833268715932
1782408722080196324|1427000.0|0.039779844813654
1782408722179657690|1428000.0|0.0100541550977693
1782408722280070419|1423000.0|-0.0497944837252655
1782408722379464585|1421000.0|-0.0201219053440219
1782408722480103890|1423000.0|0.0198729512291445
1782408722578919095|1422000.0|-0.0101199000700348
1782408722679558304|1423000.0|0.00993648509300187
1782408722778916678|1421000.0|-0.0201291538849056
1782408722879518848|1421000.0|0.0
1782408722979530808|1419000.0|-0.019997608286049
1782408723079801872|1418000.0|-0.00997296687706435
1782408723179952376|1418000.0|0.0
1782408723279262446|1417000.0|-0.0100694723103105
1782408723378919604|1415000.0|-0.0200688042900039
1782408723478961100|1413000.0|-0.0199917042424076
1782408723579800950|1420000.0|0.0694170013144605
1782408723678883179|1416000.0|-0.0403705088225256
1782408723779765413|1413000.0|-0.0297376443903889
1782408723879369243|1414000.0|0.0100397745749335
1782408723979701460|1414000.0|0.0
1782408724078956249|1416000.0|0.0201501612179136
1782408724179842003|1416000.0|0.0
1782408724279285977|1416000.0|0.0
1782408724378918880|1415000.0|-0.0100368449567308
1782408724479099143|1413000.0|-0.0199640122725571
1782408724579829616|1414000.0|0.00992748242133242
1782408724678924693|1413000.0|-0.0100913186635901
1782408724779663790|1414000.0|0.00992663255657334
1782408724879080532|1408000.0|-0.0603520079143209
1782408724978928731|1411000.0|0.0300456095357313
1782408725079029826|1413000.0|0.0199798014197547
1782408725179603819|1412000.0|-0.00994292828763396
1782408725279929555|1416000.0|0.0398701286377804
1782408725380033482|1417000.0|0.00998961808960801
1782408725478948350|1416000.0|-0.0101097036291855
1782408725579535031|1415000.0|-0.00994167408704936
1782408725679816078|1414000.0|-0.0099719740660466
1782408725780004374|1414000.0|0.0
1782408725879302043|1411000.0|-0.030212189573151
1782408725980019332|1414000.0|0.0297863458179459
1782408726078904536|1416000.0|0.0202254727613243
1782408726179031679|1414000.0|-0.0199746036896309
1782408726279162278|1411000.0|-0.0299608714015583
1782408726379903791|1415000.0|0.0397055779775712
1782408726479442516|1414000.0|-0.0100463412606501
1782408726579318971|1412000.0|-0.020024739564495
1782408726678951057|1415000.0|0.0301107817816843
1782408726779320105|1417000.0|0.0199264617912885
1782408726879337616|1411000.0|-0.0599894952394886
1782408726978988965|1412000.0|0.0100349870828141
1782408727079165308|1415000.0|0.0299471902263392
1782408727179109523|1418000.0|0.0300167448411096
1782408727279322122|1419000.0|0.00997878520244745
1782408727379618465|1420000.0|0.00997045325969662
1782408727479980953|1422000.0|0.0199277642459402
1782408727579039357|1424000.0|0.0201901092611991
1782408727679659429|1422000.0|-0.0198767498397338
1782408727779041978|1421000.0|-0.0100621287143682
1782408727879616211|1418000.0|-0.0298287136825592
1782408727979964026|1421000.0|0.0298960171678875
1782408728079310575|1420000.0|-0.0100657749067861
1782408728179397621|1423000.0|0.0299739089112491
1782408728279044459|1425000.0|0.02007088273087
1782408728379324242|1427000.0|0.0199441995202562
1782408728479428632|1424000.0|-0.0299687156577249
1782408728579637503|1421000.0|-0.0299374693084807
1782408728679342517|1423000.0|0.0200591717483737
1782408728779727372|1420000.0|-0.029884986136604
1782408728879526242|1417000.0|-0.0300604606044137
1782408728979956122|1424000.0|0.0697003720406716
1782408729078950845|1419000.0|-0.0505077427207913
1782408729179095844|1421000.0|0.019971042188537
1782408729278933417|1423000.0|0.0200325382509048
1782408729379536721|1420000.0|-0.0298200941790142
1782408729479599928|1420000.0|0.0
1782408729579209021|1416000.0|-0.0401569764318605
1782408729680004405|1421000.0|0.0496054462176562
1782408729779133625|1415000.0|-0.0605270575113978
1782408729879040447|1420000.0|0.0500466324511854
1782408729979171877|1421000.0|0.00998687425117169
1782408730078932667|1420000.0|-0.0100239783586317
1782408730179608642|1420000.0|0.0
1782408730278909750|1419000.0|-0.0100703810877921
1782408730379034029|1425000.0|0.0599255251565906
1782408730478898306|1421000.0|-0.0400543629830715
1782408730579117977|1422000.0|0.00997808104957758
1782408730679050158|1417000.0|-0.0500339325126908
1782408730779043668|1416000.0|-0.0100006490421228
1782408730879041802|1422000.0|0.0600011196208921
1782408730979002656|1421000.0|-0.0100039161330094
1782408731078891510|1416000.0|-0.0500556348358947
1782408731179041787|1413000.0|-0.029954984547871
1782408731279006449|1416000.0|0.0300106051476471
1782408731379122007|1418000.0|0.0199769150764759
1782408731479372589|1419000.0|0.00997500443438822
1782408731579959525|1420000.0|0.00994164888370792
1782408731678924711|1415000.0|-0.0505228171854292
1782408731779291710|1415000.0|0.0
1782408731878896227|1419000.0|0.0401588213112865
1782408731979033769|1419000.0|0.0
1782408732079570208|1412000.0|-0.0696264963194091
1782408732178941683|1418000.0|0.0603795002539713
1782408732279051257|1423000.0|0.0499452729665996
1782408732380094754|1419000.0|-0.0395869117633567
1782408732480410151|1423000.0|0.0398742378500481
1782408732579538699|1420000.0|-0.0302637339144723
1782408732679842736|1423000.0|0.0299090653749061
1782408732779834534|1422000.0|-0.0100008202672783
1782408732879665099|1419000.0|-0.0300509167708307
1782408732979896272|1421000.0|0.0199538720353996
1782408733079953990|1421000.0|0.0
1782408733179391673|1427000.0|0.0603392981310717
1782408733280105792|1422000.0|-0.0496454722500229
1782408733378863314|1422000.0|0.0
1782408733479739754|1424000.0|0.0198262349464355
1782408733579461854|1421000.0|-0.0300836023308775
1782408733679823716|1419000.0|-0.0199278885439571
1782408733779049911|1419000.0|0.0
1782408733879954847|1419000.0|0.0
1782408733979627763|1418000.0|-0.0100328157350187
1782408734079676904|1421000.0|0.0299852649409554
1782408734179176428|1421000.0|0.0
1782408734279805971|1423000.0|0.0198748790899309
1782408734379078853|1420000.0|-0.0302197331190607
1782408734478883674|1422000.0|0.0200391121386812
1782408734579180336|1425000.0|0.0299112646440816
1782408734679478005|1422000.0|-0.0299109643315838
1782408734778880328|1423000.0|0.0100601270656421
1782408734878937390|1421000.0|-0.0199885941084298
1782408734978901426|1420000.0|-0.0100035976938746
1782408735079343593|1423000.0|0.0298679338529206
1782408735179035212|1424000.0|0.0100309334930151
1782408735279031825|1421000.0|-0.0300010161344165
1782408735379023222|1420000.0|-0.010000860374018
1782408735479283787|1418000.0|-0.0199480224353414
1782408735579015567|1420000.0|0.0200537882709002
1782408735679036404|1423000.0|0.0299937502022704
1782408735779066281|1414000.0|-0.0899731187313167
1782408735878989197|1417000.0|0.0300231430395806
1782408735979027826|1417000.0|0.0
1782408736079029063|1413000.0|-0.0399995052061206
1782408736178954507|1419000.0|0.060044766976467
1782408736279095584|1419000.0|0.0
1782408736379971303|1423000.0|0.0396527533052825
1782408736479685658|1420000.0|-0.0300859389804006
1782408736579321214|1422000.0|0.0200731554105043
1782408736678960881|1417000.0|-0.0501808180470936
1782408736779624920|1418000.0|0.00993403413904344
1782408736880013789|1423000.0|0.0498063186666641
1782408736979816705|1418000.0|-0.050098736594029
1782408737079026787|1420000.0|0.020159241477091
1782408737178934151|1423000.0|0.0300278165681561
1782408737279328988|1421000.0|-0.0199213431662825
1782408737379342401|1419000.0|-0.0199973177597689
1782408737479413653|1417000.0|-0.0199857597464654
1782408737579198521|1426000.0|0.090194036234031
1782408737680109855|1419000.0|-0.0693678274038078
1782408737779375842|1418000.0|-0.0100739440590058
1782408737879769112|1419000.0|0.00996082705543908
1782408737979054778|1417000.0|-0.0201438946886855
1782408738079866368|1419000.0|0.0198389887511942
1782408738180110804|1425000.0|0.0598536960195975
1782408738279153174|0.0|-14.387781714028
1782408738379950924|1423000.0|14.1173786121218
1782408738478971405|1424000.0|0.0100989208485061
1782408738579293795|1428000.0|0.0398714584052473
1782408738679946376|1426000.0|-0.0198703300017711
1782408738779702348|1426000.0|0.0
1782408738879010606|1425000.0|-0.0100696560400848
1782408738979033681|1425000.0|0.0
1782408739078959525|1422000.0|-0.0300222633095799
1782408739179032281|1421000.0|-0.00999272968958704
1782408739279662991|1425000.0|0.0397492972075821
1782408739379624082|1422000.0|-0.0300116772434987
1782408739479495734|1422000.0|0.0
1782408739579046024|1419000.0|-0.0301355224580461
1782408739679459789|1415000.0|-0.0398351759840894
1782408739779692913|1416000.0|0.00997674182039861
1782408739878901891|1418000.0|0.0201594658096367
1782408739979076279|1420000.0|0.0199651831164669
1782408740078891530|1420000.0|0.0
1782408740179083518|1421000.0|0.00998083798876214
1782408740278961153|1416000.0|-0.0500612574576881
1782408740378921252|1417000.0|0.0100039916927253
1782408740479414633|1418000.0|0.00995090412969587
1782408740579739214|1423000.0|0.0498382345598832
1782408740679762017|1427000.0|0.0399908808794331
1782408740779922549|1419000.0|-0.0798717802337551
1782408740879088774|1419000.0|0.0
1782408740978922041|1421000.0|0.0200334022926446
1782408741079571134|1419000.0|-0.0198710186091791
1782408741179661362|1416000.0|-0.0299729560012592
1782408741278883491|1413000.0|-0.0302351907808791
1782408741379924681|1415000.0|0.0197939078112599
1782408741478953418|1418000.0|0.0302942367123192
1782408741579512847|1416000.0|-0.019888736639505
1782408741678958161|1422000.0|0.0603346679563001
1782408741779826582|1422000.0|0.0
1782408741879257544|1418000.0|-0.0402289178294383
1782408741979663500|1420000.0|0.0199191370679245
1782408742079640752|1421000.0|0.0100022753175892
1782408742179966468|1422000.0|0.00996753414647945
1782408742278962164|1416000.0|-0.0606086955537946
1782408742378913655|1413000.0|-0.0300145597627953
1782408742478935946|1419000.0|0.0599866283806677
1782408742579831727|1416000.0|-0.0297336515983756
1782408742679752274|1415000.0|-0.0100079516177989
1782408742779089844|1412000.0|-0.030200054219164
1782408742879047862|1416000.0|0.0400167998529143
1782408742979921068|1415000.0|-0.00991343528825682
1782408743078947436|1417000.0|0.0201966409593049
1782408743179689457|1418000.0|0.00992634443972491
1782408743278977154|1417000.0|-0.0100717413155429
1782408743379811943|1421000.0|0.0396688488136768
1782408743479872602|1415000.0|-0.0599636266637021
1782408743580001181|1412000.0|-0.0299614758339874
1782408743678916349|1416000.0|0.0404386918697848
1782408743779376113|1413000.0|-0.0298627020465626
1782408743879657621|1415000.0|0.0199438564485887
1782408743979641207|1411000.0|-0.0400065666778545
1782408744079672666|1412000.0|0.00999685508935744
1782408744179375164|1411000.0|-0.0100298389715371
1782408744279024109|1412000.0|0.010035229173776
1782408744379581921|1415000.0|0.0298335846845991
1782408744479045474|1415000.0|0.0
1782408744580147880|1416000.0|0.00989096144754458
1782408744680079610|1412000.0|-0.040027326655908
1782408744779575212|1416000.0|0.0402027820284961
1782408744879638127|1411000.0|-0.0499685622790421
1782408744980034850|1411000.0|0.0
1782408745079630627|1414000.0|0.0301217590781987
1782408745179189876|1412000.0|-0.0200885404428874
1782408745279544472|1410000.0|-0.0199293313880712
1782408745379750458|1409000.0|-0.00997944374301152
1782408745479964861|1408000.0|-0.00997860557029911
1782408745579626527|1409000.0|0.0100339482585009
1782408745679053600|1411000.0|0.0201152456735803
1782408745780152645|1408000.0|-0.0296738708065937
1782408745879725542|1411000.0|0.0301286804982685
1782408745979082743|1413000.0|0.0201293915274445
1782408746079905899|1412000.0|-0.00991835645374957
1782408746179083675|1415000.0|0.0302487121711622
1782408746279974351|1414000.0|-0.00991171870034848
1782408746378922638|1414000.0|0.0
1782408746479823011|1411000.0|-0.0297322984128116
1782408746578897155|1416000.0|0.0504672541001212
1782408746679128341|1414000.0|-0.0199538694473794
1782408746778894774|1415000.0|0.0100234113812609
1782408746879404266|1415000.0|0.0
1782408746979758893|1418000.0|0.0298939878477153
1782408747078881885|1414000.0|-0.040353906992638
1782408747178915567|1420000.0|0.0599797976045708
1782408747279152897|1417000.0|-0.0299289695765041
1782408747379048226|1418000.0|0.010010478067498
1782408747479076597|1410000.0|-0.0799773096374827
1782408747579096630|1414000.0|0.0399919884049628
1782408747679613978|1414000.0|0.0
1782408747779131946|1415000.0|0.0100484366802988
1782408747879045932|1411000.0|-0.0400344352191094
1782408747979409535|1413000.0|0.019927542856348
1782408748080376643|1416000.0|0.0297126466175499
1782408748179767459|1409000.0|-0.0704290424580074
1782408748279093683|1410000.0|0.0100678346536157
1782408748379954695|1410000.0|0.0
1782408748479242566|1412000.0|0.0201434473300369
1782408748579703002|1410000.0|-0.0199083348593072
1782408748679051161|1407000.0|-0.0301968353535368
1782408748779799533|1412000.0|0.0496285935022355
1782408748879150781|1414000.0|0.0201305976548981
1782408748980031985|1414000.0|0.0
1782408749079004511|1412000.0|-0.0202076281250011
1782408749179156801|1412000.0|0.0
1782408749278966418|1413000.0|0.0100190746148239
1782408749379649765|1411000.0|-0.0198642581876028
1782408749478896612|1410000.0|-0.0100758868440425
1782408749579321735|1411000.0|0.00995766766449467
1782408749678935079|1411000.0|0.0
1782408749778936361|1415000.0|0.039999487206574
1782408749879828445|1415000.0|0.0
1782408749978887867|1413000.0|-0.0201899017743108
1782408750079630383|1416000.0|0.0297788869994075
1782408750178901838|1418000.0|0.0201467783463031
1782408750279593825|1414000.0|-0.0397251074209113
1782408750379714050|1417000.0|0.0299639758100823
1782408750479915748|1417000.0|0.0
1782408750580211622|1414000.0|-0.029911499649527
1782408750679439125|1415000.0|0.0100778510973918
1782408750779560886|1414000.0|-0.0099878387077111
1782408750879641000|1412000.0|-0.0199839900262304
1782408750979914266|1407000.0|-0.0498637393540169
1782408751078946600|1409000.0|0.0201954242540623
1782408751179654779|1408000.0|-0.00992968009082956
1782408751279132122|1415000.0|0.0703677821390947
1782408751379761437|1410000.0|-0.0496873103031656
1782408751480043230|1412000.0|0.0199437997683189
1782408751579651838|1407000.0|-0.0501964649480896
1782408751679376766|1408000.0|0.0100275830733114
1782408751779498064|1407000.0|-0.0099878848953796
1782408751880175138|1409000.0|0.0198654958923419
1782408751979072544|1407000.0|-0.0202229773347139
1782408752079622706|1410000.0|0.0298358544663508
1782408752178881169|1411000.0|0.0100747076851271
1782408752279416003|1408000.0|-0.0298404033770026
1782408752379676948|1412000.0|0.0398958936602882
1782408752478921394|1408000.0|-0.0403045224314114
1782408752579908710|1412000.0|0.0396089346507635
1782408752678899620|1420000.0|0.0808155011404583
1782408752779066469|1417000.0|-0.0299500286766533
1782408752879528135|1415000.0|-0.0199080911120865
1782408752979061671|1413000.0|-0.0200937300167855
1782408753079646249|1416000.0|0.0298256458360843
1782408753179723418|1419000.0|0.0299768671513879
1782408753278947432|1415000.0|-0.0403128218537904
1782408753379465226|1413000.0|-0.019896974659034
1782408753479015657|1419000.0|0.06027095955014
1782408753578979018|1419000.0|0.0
1782408753679068154|1415000.0|-0.039964377352603
1782408753779370268|1423000.0|0.0797590367836116
1782408753879368876|1420000.0|-0.0300004176058131
1782408753978959579|1416000.0|-0.0401643916500921
1782408754079968527|1424000.0|0.0792009040624797
1782408754179054333|1420000.0|-0.0403690514461779
1782408754280117599|1417000.0|-0.0296843761213892
1782408754378893628|1419000.0|0.0202478275371852
1782408754478976013|1417000.0|-0.0199835365634022
1782408754579895712|1420000.0|0.029726604713714
1782408754679651471|1421000.0|0.0100244838997215
1782408754779648400|1418000.0|-0.030000921328294
1782408754879348175|1422000.0|0.0401204516258938
1782408754979707488|1416000.0|-0.0597851840615928
1782408755079890833|1415000.0|-0.00998169905386968
1782408755179836145|1419000.0|0.0400218871696553
1782408755279137455|1415000.0|-0.0402814424099742
1782408755379519536|1420000.0|0.0498096866511464
1782408755479899809|1418000.0|-0.0199242335194685
1782408755579718096|1416000.0|-0.0200364087594491
1782408755678892590|1416000.0|0.0
1782408755779962097|1420000.0|0.039576724164688
1782408755878942926|1420000.0|0.0
1782408755979653312|1414000.0|-0.0595767749316342
1782408756079729120|1418000.0|0.0399696997699984
1782408756179736336|1416000.0|-0.0199985569041338
1782408756279870384|1415000.0|-0.00998661314481164
1782408756379544239|1414000.0|-0.0100327212186185
1782408756479332174|1414000.0|0.0
1782408756578927516|0.0|-14.1974511217603
1782408756679565117|1414000.0|14.050414417172
1782408756778899675|1416000.0|0.0201339799589182
1782408756878919195|1412000.0|-0.0399921935238242
1782408756979317068|1416000.0|0.0398414815023023
1782408757079688365|1417000.0|0.00996300765148028
1782408757179296443|1416000.0|-0.0100393464072261
1782408757280040780|1416000.0|0.0
1782408757379621099|1415000.0|-0.0100421449744502
1782408757478954984|1419000.0|0.0402682327385061
1782408757579055880|1417000.0|-0.0199798411394839
1782408757679507785|1419000.0|0.0199100255988177
1782408757779172200|1415000.0|-0.040134685985966
1782408757879919257|1414000.0|-0.0099258482557957
1782408757979689672|1411000.0|-0.0300690339916898
1782408758079318950|1415000.0|0.0401488405847928
1782408758179550646|1414000.0|-0.00997688395894249
1782408758279571734|1412000.0|-0.01999578328922
1782408758380178214|1413000.0|0.0099397176006953
1782408758478976723|1416000.0|0.0303648307081233
1782408758579374899|1417000.0|0.00996034031534597
1782408758679079154|1417000.0|0.0
1782408758779715859|1414000.0|-0.0298101969852848
1782408758879604034|1417000.0|0.0300335850564894
1782408758979801601|1422000.0|0.0499014112787789
1782408759079293535|1418000.0|-0.0402042641969348
1782408759179421007|1417000.0|-0.00998726902842409
1782408759279546238|1418000.0|0.00998749256318819
1782408759379934078|1416000.0|-0.0199227316774621
1782408759479917261|1413000.0|-0.0300050459485772
1782408759579029594|1414000.0|0.010089561709742
1782408759679336538|1417000.0|0.0299081985789538
1782408759779708970|1412000.0|-0.0498144749546369
1782408759879577833|1416000.0|0.0400525236779756
1782408759979811289|1420000.0|0.0399068350990512
1782408760078864261|1417000.0|-0.0302868247103176
1782408760178872420|1415000.0|-0.0199983683331277
1782408760279051076|1415000.0|0.0
1782408760379522820|1412000.0|-0.0298591412925011
1782408760479033058|1415000.0|0.0301476517421253
1782408760579900643|1411000.0|-0.0396559509182261
1782408760680039986|1418000.0|0.0699025956261766
1782408760779355535|1417000.0|-0.0100689168017387
1782408760879483935|1415000.0|-0.0199743529308368
1782408760979578366|1414000.0|-0.00999056580880109
1782408761078937243|1414000.0|0.0
1782408761179608156|1415000.0|0.00993335582443759
1782408761279354985|1413000.0|-0.0200507627164769
1782408761379472681|1408000.0|-0.0499412211803196
1782408761479627096|1413000.0|0.0499229115361514
1782408761579603910|1411000.0|-0.0200046382754305
1782408761679061236|1414000.0|0.0301636905058155
1782408761778948002|1412000.0|-0.020022672472948
1782408761878932080|1412000.0|0.0
1782408761979044239|1414000.0|0.0199775933310958
1782408762079163550|1407000.0|-0.0699165818270563
1782408762178875532|1410000.0|0.0300866549819459
1782408762278961978|1411000.0|0.00999136286645646
1782408762378882121|1412000.0|0.0100079920822371
1782408762478967031|1414000.0|0.0199830324071831
1782408762580027288|1413000.0|-0.00989508665112538
1782408762680196760|1411000.0|-0.019966162944335
1782408762778919363|1413000.0|0.0202587851132734
1782408762879354659|1410000.0|-0.0298699771841166
1782408762980174899|1412000.0|0.0198372866400635
1782408763079591488|1417000.0|0.0502934173289731
1782408763179621214|1412000.0|-0.0499851414168624
1782408763279042875|1410000.0|-0.0201163406433131
1782408763379567034|1412000.0|0.0198957148201558
1782408763478979319|1411000.0|-0.0100591189509425
1782408763578912197|1413000.0|0.020013433416778
1782408763679603077|1411000.0|-0.019862772080252
1782408763779678084|1410000.0|-0.00999250492183328
1782408763879089473|1404000.0|-0.0603552576858171
1782408763979397968|1406000.0|0.0199384907529517
1782408764079009309|1414000.0|0.080312140361608
1782408764179596156|1416000.0|0.0198833153603075
1782408764281806528|1413000.0|-0.0293512286600424
1782408764378919142|1411000.0|-0.0205946469528665
1782408764479538774|1412000.0|0.00993841837942719
1782408764578971010|1414000.0|0.0201142011932629
1782408764678934080|1415000.0|0.0100036943643287
1782408764779621295|1412000.0|-0.0297952426234056
1782408764879665166|1412000.0|0.0
1782408764979331034|1420000.0|0.0802682017478642
1782408765079706554|1417000.0|-0.0298877654631328
1782408765179537511|1417000.0|0.0
1782408765279058612|1415000.0|-0.0200962406957294
1782408765379329970|1417000.0|0.01994587527178
1782408765478907343|1420000.0|0.0301273262149625
1782408765579415342|1418000.0|-0.0198989137173052
1782408765679467660|1417000.0|-0.00999477093574184
1782408765779069976|1417000.0|0.0
1782408765879912184|1418000.0|0.00991648259030584
1782408765978914931|1419000.0|0.0101007298312642
1782408766078952897|1418000.0|-0.00999620484087011
1782408766179316368|1414000.0|-0.0398551381308843
1782408766278874076|1410000.0|-0.0401777027651139
1782408766379922109|1418000.0|0.0791702694499753
1782408766478922487|1420000.0|0.0202019430673285
1782408766579059397|1419000.0|-0.0099863277187203
1782408766678917010|1415000.0|-0.0400570360118662
1782408766778915680|1417000.0|0.0200002660035378
1782408766879460111|1415000.0|-0.0198917034002609
1782408766979109547|1421000.0|0.0602110783647586
1782408767079040344|1419000.0|-0.0200138501847433
1782408767179329767|1422000.0|0.0299134236718063
1782408767279312468|1422000.0|0.0
1782408767379794483|1418000.0|-0.0398081188957049
1782408767479869840|1420000.0|0.0199849399488028
1782408767579290188|1416000.0|-0.0402332126216255
1782408767678979977|1416000.0|0.0
1782408767779042918|1420000.0|0.0399748394363104
1782408767879755093|1418000.0|-0.0198585722133396
1782408767979082689|1420000.0|0.0201353911756809
1782408768079357663|1419000.0|-0.00997257800336104
1782408768179175003|1420000.0|0.010018299425731
1782408768279587770|1415000.0|-0.0497944648811441
1782408768379210358|1414000.0|-0.0100378841794393
1782408768478918770|1412000.0|-0.0200584881444105
1782408768579069984|1416000.0|0.0399396057245996
1782408768678945212|1416000.0|0.0
1782408768779293114|1414000.0|-0.019930660832351
1782408768878958838|1409000.0|-0.0501676985760922
1782408768979323813|1410000.0|0.00996363522234724
1782408769079848179|1408000.0|-0.0198956738508552
1782408769178946397|1410000.0|0.0201819976217938
1782408769279296219|1406000.0|-0.0398605589953114
1782408769379475049|1411000.0|0.0499107446154043
1782408769479206420|1416000.0|0.050134676279543
1782408769579319570|1410000.0|-0.0599321867307142
1782408769678936766|1413000.0|0.0301152825060444
1782408769779333884|1410000.0|-0.0298813358367518
1782408769879301385|1410000.0|0.0
1782408769978942756|1413000.0|0.0301079759330088
1782408770078942897|1414000.0|0.00999998590001988
1782408770179627776|1415000.0|0.00993197796860837
1782408770279654956|1411000.0|-0.0399891309542066
1782408770379292952|1420000.0|0.0903269873071313
1782408770478932820|1419000.0|-0.010036143363819
1782408770579113761|1420000.0|0.00998193858051303
1782408770678948861|1414000.0|-0.0600991034215421
1782408770779947645|1417000.0|0.0297033279133341
1782408770879071623|1415000.0|-0.0201767527933554
1782408770978928035|1413000.0|-0.0200287588943212
1782408771079693282|1408000.0|-0.0496202822784725
1782408771179066253|1413000.0|0.0503154927309157
1782408771279038905|1412000.0|-0.0100027355481177
1782408771379100070|1415000.0|0.029981661716611
1782408771479309811|1415000.0|0.0
1782408771578896638|1414000.0|-0.0100414887201899
1782408771679592028|1411000.0|-0.0297928236833881
1782408771779080408|1415000.0|0.040205700404409
1782408771879357845|1411000.0|-0.0398893322333318
1782408771979639907|1409000.0|-0.0199437462703948
1782408772078978493|1411000.0|0.0201331635624449
1782408772179616251|1407000.0|-0.0397465134308735
1782408772279384006|1408000.0|0.0100232785632993
1782408772379304738|1412000.0|0.0400317323536021
1782408772479068574|1413000.0|0.0100236723054635
1782408772579301451|1411000.0|-0.0199535328113948
1782408772679297815|1414000.0|0.0300010908396629
1782408772779470819|1412000.0|-0.0199654589573854
1782408772878944670|1415000.0|0.0301586795910817
1782408772979915645|1415000.0|0.0
1782408773079294567|1414000.0|-0.0100624959485876
1782408773179311683|1412000.0|-0.0199965773858146
1782408773279326255|1412000.0|0.0
1782408773378885994|1410000.0|-0.020088441573757
1782408773478966006|1410000.0|0.0
1782408773579259107|1411000.0|0.00997077555713428
1782408773679711152|1412000.0|0.00995499892510899
1782408773778884506|1409000.0|-0.030250060918581
1782408773879599240|1411000.0|0.0198580676388422
1782408773979050162|1408000.0|-0.0301656328535597
1782408774079278638|1405000.0|-0.0299316134468611
1782408774179468395|1412000.0|0.069867421676649
1782408774279587319|1407000.0|-0.0499406086305922
1782408774379400674|1410000.0|0.0300560982044938
1782408774478973853|1409000.0|-0.0100428650570652
1782408774579321562|1413000.0|0.0398613983304791
1782408774678896372|1410000.0|-0.0301281016755141
1782408774779805571|1409000.0|-0.00990989929471148
1782408774878879260|0.0|-14.2217375190299
1782408774979590634|1412000.0|14.020263490795
1782408775078974212|1414000.0|0.020124049065732
1782408775179840770|1407000.0|-0.0693986207004308
1782408775279471292|1409000.0|0.0200741696405043
1782408775379060535|1415000.0|0.0602474707032365
1782408775479391395|1412000.0|-0.0299010693220411
1782408775579599087|1409000.0|-0.0299378215396878
1782408775678967801|1411000.0|0.0201270593076207
1782408775779963528|1407000.0|-0.0396056359889364
1782408775879063617|1410000.0|0.0302724248814751
1782408775978984460|1411000.0|0.0100079219707944
1782408776079309113|1410000.0|-0.00996763975849485
1782408776179291796|1406000.0|-0.0400069279997217
1782408776278913119|1410000.0|0.0401520465653724
1782408776379701292|1410000.0|0.0
1782408776479191718|1414000.0|0.0402048735825093
1782408776579730067|1409000.0|-0.049732266838796
1782408776678965756|1411000.0|0.0201540395411574
1782408776779281272|1416000.0|0.0498427381861845
1782408776878917971|1414000.0|-0.0200729251377547
1782408776979919457|1416000.0|0.0198016888583204
1782408777078910953|1417000.0|0.0101018778421128
1782408777179066053|1410000.0|-0.0698915981312984
1782408777279608450|1418000.0|0.0795684232592943
1782408777379040411|1411000.0|-0.0703998988816081
1782408777479708088|1408000.0|-0.0298010254075894
1782408777579059761|1411000.0|0.0301957673123431
1782408777679620078|1412000.0|0.00994428050579833
1782408777780222779|1409000.0|-0.029820272916927
1782408777879679621|1411000.0|0.0201092248635845
1782408777978980974|1409000.0|-0.0201407124835449
1782408778079332970|1412000.0|0.0298947715997597
1782408778179899863|1413000.0|0.00994363025613211
1782408778278969263|1414000.0|0.0100939341512112
1782408778378983883|1414000.0|0.0
1782408778478926214|1416000.0|0.0200115404552651
1782408778579044369|1410000.0|-0.05992919066477
1782408778679186844|1415000.0|0.049928863851228
1782408778778971286|1410000.0|-0.0501080118281365
1782408778880121476|1410000.0|0.0
1782408778979089949|1411000.0|0.0101042278382935
1782408779079500072|1414000.0|0.0298774656415868
1782408779180306149|1413000.0|-0.00992003686444419
1782408779278885948|1413000.0|0.0
1782408779379028183|1414000.0|0.00998579670206082
1782408779479670612|1412000.0|-0.0198723343610874
1782408779579088861|1415000.0|0.0301755465437739
1782408779679993643|1416000.0|0.00991033309006108
1782408779779826725|1418000.0|0.0200334394164051
1782408779879584272|1418000.0|0.0
1782408779979816267|1418000.0|0.0
1782408780078910419|1413000.0|-0.0504570643078917
1782408780179391487|1416000.0|0.029856370555297
1782408780278946408|1415000.0|-0.0100447068809386
1782408780379041715|1417000.0|0.0199809567495507
1782408780479262781|1417000.0|0.0
1782408780579074344|1418000.0|0.0100188792755404
1782408780679508771|1423000.0|0.0497837260524222
1782408780779842671|1420000.0|-0.0299001633545591
1782408780879594633|1420000.0|0.0
1782408780979314946|1421000.0|0.0100280471442162
1782408781079055884|1425000.0|0.0401038939497441
1782408781179668984|1422000.0|-0.0298171908031857
1782408781279215456|1420000.0|-0.0200911188494957
1782408781379891245|1421000.0|0.00993287472522316
1782408781478877508|1417000.0|-0.0404096475487715
1782408781579659984|1417000.0|0.0
1782408781679079209|1418000.0|0.0100584167699959
1782408781779640933|1413000.0|-0.0497207068566167
1782408781879607967|1421000.0|0.0800263814969243
1782408781979891306|1421000.0|0.0
1782408782078916482|1416000.0|-0.0504922101829943
1782408782179344733|1417000.0|0.00995735751686047
1782408782279705912|1415000.0|-0.0199280241616133
1782408782379474690|1416000.0|0.0100231757875194
1782408782479600972|1415000.0|-0.00998738772703055
1782408782580258920|1410000.0|-0.0496731763298016
1782408782678880766|1416000.0|0.0608384474977278
1782408782779607482|1419000.0|0.0297835581177887
1782408782878907235|1416000.0|-0.03021155551112
1782408782979949680|1412000.0|-0.0395873239211502
1782408783079274872|1417000.0|0.0503396962977932
1782408783179265905|1417000.0|0.0
1782408783279070523|1418000.0|0.0100195764488573
1782408783379735303|1419000.0|0.00993396101397132
1782408783479035343|1420000.0|0.0100704893975874
1782408783579898027|1419000.0|-0.00991446945829837
1782408783678911650|1424000.0|0.050498101660213
1782408783779673966|1420000.0|-0.03969738051674
1782408783879042518|1420000.0|0.0
1782408783979802898|1420000.0|0.0
1782408784079608763|1420000.0|0.0
1782408784179993654|1415000.0|-0.0498082923654318
1782408784279310414|1412000.0|-0.0302063820849573
1782408784380012313|1416000.0|0.0397211973132701
1782408784478939360|1418000.0|0.0202169180284943
1782408784579301675|1415000.0|-0.0298916978947726
1782408784678943843|1418000.0|0.0301077351107013
1782408784779410894|1416000.0|-0.019907024045127
1782408784879037479|1417000.0|0.0100374814613991
1782408784979732610|1418000.0|0.00993096677137249
1782408785080100285|1417000.0|-0.00996336718968532
1782408785179615813|1413000.0|-0.0401947322230959
1782408785279342590|1413000.0|0.0
1782408785379470519|1414000.0|0.00998722344491915
1782408785479691793|1419000.0|0.0498896072704085
1782408785579031881|1418000.0|-0.0100664295767485
1782408785679018306|1418000.0|0.0
1782408785779747662|1417000.0|-0.00992759250838455
1782408785879032885|1413000.0|-0.0402879691371595
1782408785979065183|1416000.0|0.029990313728472
1782408786079777498|1419000.0|0.0297878169119635
1782408786179129745|1414000.0|-0.0503259880976824
1782408786278882458|1410000.0|-0.0400991600098135
1782408786380228535|1413000.0|0.0296015404720599
1782408786479461566|1413000.0|0.0
1782408786579727160|1415000.0|0.0199470219066373
1782408786679337872|1413000.0|-0.0200781618747992
1782408786779739578|1412000.0|-0.0099599901220802
1782408786878912625|1414000.0|0.0201667697070959
1782408786979415852|1407000.0|-0.0696495048860471
1782408787078908052|1413000.0|0.060306235061643
1782408787179803519|1412000.0|-0.00991124804447359
1782408787279605959|1412000.0|0.0
1782408787380004706|1415000.0|0.0298808510030509
1782408787479425753|1409000.0|-0.0603493946306963
1782408787579513218|1411000.0|0.0199825222868818
1782408787679640843|1412000.0|0.00998725376737938
1782408787779843749|1414000.0|0.0199595009749518
1782408787879026364|1413000.0|-0.0100824121243426
1782408787979621446|1411000.0|-0.0198816876554661
1782408788079078942|1413000.0|0.0201090926318917
1782408788179730569|1414000.0|0.00993525916873654
1782408788279007071|1412000.0|-0.0201457541282025
1782408788378995768|1412000.0|0.0
1782408788478904465|1413000.0|0.010009138643856
1782408788579011082|1415000.0|0.0199786993101565
1782408788678891810|1409000.0|-0.0600716486567859
1782408788779597469|1413000.0|0.0397197142615392
1782408788879612966|1414000.0|0.0099984505401198
1782408788980062144|1415000.0|0.00995528305866276
1782408789079483944|1414000.0|-0.0100581562594924
1782408789179491104|1409000.0|-0.0499964202563096
1782408789278953671|1410000.0|0.0100540336949076
1782408789378882272|1418000.0|0.0800571600116767
1782408789478935113|1414000.0|-0.0399788747627866
1782408789578930145|1414000.0|0.0
1782408789678951050|1411000.0|-0.0299937298107831
1782408789778874114|1410000.0|-0.0100076995237056
1782408789879514253|1416000.0|0.0596183596288554
1782408789979116276|1413000.0|-0.0301198701556493
1782408790078947932|1413000.0|0.0
1782408790178938453|1418000.0|0.0500047399492998
1782408790279797184|1420000.0|0.0198297160808022
1782408790380303353|1415000.0|-0.0497481900837351
1782408790478894942|1418000.0|0.030428559174556
1782408790579328263|1423000.0|0.0497842742848262
1782408790678975311|1420000.0|-0.0301062606490862
1782408790779675945|1420000.0|0.0
1782408790878969311|1418000.0|-0.0201423325703351
1782408790979043176|1419000.0|0.0099926189520111
1782408791079106784|1418000.0|-0.00999364324340573
1782408791179844922|1422000.0|0.0397069082217898
1782408791279984099|1418000.0|-0.0399444065732635
1782408791379727386|1421000.0|0.030077212113533
1782408791479552866|1419000.0|-0.0200349650209546
1782408791579105705|1423000.0|0.0401796678043506
1782408791679775139|1421000.0|-0.0198670035236316
1782408791778888216|1417000.0|-0.0403579438866579
1782408791879959075|1417000.0|0.0
1782408791979886251|1418000.0|0.0100072877071999
1782408792079967347|1422000.0|0.0399675878849288
1782408792178880553|1421000.0|-0.0101098734985903
1782408792278886816|1419000.0|-0.0199987474784454
1782408792378907240|1419000.0|0.0
1782408792478905904|1423000.0|0.0400005344071397
1782408792578894424|1421000.0|-0.0200022962636111
1782408792679221009|1421000.0|0.0
1782408792779355657|1418000.0|-0.0299596599171148
1782408792879924995|1418000.0|0.0
1782408792978898936|1421000.0|0.0303110088341334
1782408793078911728|1414000.0|-0.0699910467453003
1782408793179919914|1413000.0|-0.00990018769369841
1782408793279971698|1414000.0|0.00999482428019474
1782408793379432089|0.0|-14.2167146718738
1782408793479702401|1416000.0|14.1218270069809
1782408793579814153|1411000.0|-0.0499441863728446
1782408793679917378|1417000.0|0.0599381288664776
1782408793779288199|1419000.0|0.0201266325453827
1782408793880215026|1415000.0|-0.0396326736795163
1782408793978879318|1414000.0|-0.0101353790690557
1782408794078913197|1412000.0|-0.0199932264947958
1782408794179038918|1413000.0|0.00998744368592362
1782408794278941133|1415000.0|0.020019576142531
1782408794380213591|1413000.0|-0.0197487060104733
1782408794478879628|1418000.0|0.0506759990775752
1782408794579721109|1418000.0|0.0
1782408794679686332|1414000.0|-0.0400139156394419
1782408794779377411|1417000.0|0.0300929634837236
1782408794878879705|1417000.0|0.0
1782408794978880769|1414000.0|-0.0299996808033963
1782408795079617066|1419000.0|0.0496345423536861
1782408795179784322|1418000.0|-0.00998330232785852
1782408795279030903|1418000.0|0.0
1782408795380123841|1415000.0|-0.0296756633979715
1782408795479035046|1414000.0|-0.0101100780240216
1782408795578908333|1412000.0|-0.0200253747531109
1782408795679340565|1416000.0|0.0398278512818474
1782408795779913278|1419000.0|0.0298291644971335
1782408795879069539|1412000.0|-0.070595642972056
1782408795979374555|1413000.0|0.00996959115185227
1782408796079635779|1415000.0|0.0199478913203773
1782408796178897112|1414000.0|-0.0100744163893104
1782408796279104272|1413000.0|-0.00997932682654613
1782408796379594472|1411000.0|-0.0199024382477097
1782408796479168574|1413000.0|0.0200855439298865
1782408796579033605|1416000.0|0.030040545423753
1782408796679670670|1411000.0|-0.0496834839132083
1782408796778936739|1406000.0|-0.0503696786864805
1782408796879888973|1404000.0|-0.0198113495933136
1782408796978873698|1403000.0|-0.0101025688559523
1782408797079655323|1409000.0|0.0595346621966058
1782408797179148960|1412000.0|0.0301526820252837
1782408797279360375|1416000.0|0.0399156124080276
1782408797379621711|1414000.0|-0.0199478690369735
1782408797478914740|1415000.0|0.0100712004666511
1782408797579364540|1413000.0|-0.0199104428281589
1782408797679023906|1413000.0|0.0
1782408797779583146|1416000.0|0.0298331610302544
1782408797879784978|1413000.0|-0.0299395723623097
1782408797979601880|1414000.0|0.0100183433863736
1782408798078923357|1411000.0|-0.0302049475160342
1782408798179459845|1415000.0|0.0397865499339901
1782408798279039323|1418000.0|0.0301266893566162
1782408798379663427|1418000.0|0.0
1782408798479611258|1420000.0|0.0200104392460503
1782408798579304159|1418000.0|-0.0200616090006248
1782408798678990741|1420000.0|0.0200628806793677
1782408798779685022|1419000.0|-0.009931050602566
1782408798878970131|1415000.0|-0.0402880153961457
1782408798979842892|1415000.0|0.0
1782408799079074768|1413000.0|-0.0201548139632067
1782408799179534072|1416000.0|0.029862838786938
1782408799279520574|1418000.0|0.0200026999644412
1782408799379221700|1414000.0|-0.0401199079737575
1782408799479793692|1418000.0|0.0397725044563103
1782408799579072416|1417000.0|-0.0100726516186892
1782408799679013383|1415000.0|-0.0200118135739071
1782408799779434542|1413000.0|-0.0199161214620118
1782408799879692005|1411000.0|-0.0199486396339393
1782408799979563291|1409000.0|-0.0200257759772914
1782408800079889634|1411000.0|0.0199349437066594
1782408800179037014|1415000.0|0.0403439808495192
1782408800279650510|1416000.0|0.00993902448236169
1782408800379475252|1415000.0|-0.0100175565692922
1782408800479054537|1423000.0|0.080337993991421
1782408800579841554|1412000.0|-0.109141041449813
1782408800678971014|1414000.0|0.020175636990255
1782408800779419277|1412000.0|-0.0199107474859968
1782408800879060754|1413000.0|0.0100359813012406
1782408800979250649|1412000.0|-0.00998104649176446
1782408801079856993|1412000.0|0.0
1782408801178910164|1417000.0|0.0504779397723673
1782408801279594604|1417000.0|0.0
1782408801379432706|1418000.0|0.0100162160534662
1782408801479927817|1418000.0|0.0
1782408801578989869|1414000.0|-0.0403787315045725
1782408801679645700|1412000.0|-0.0198696884237139
1782408801778952569|1414000.0|0.0201395937676778
1782408801879166927|1414000.0|0.0
1782408801979025301|1413000.0|-0.0100141826863714
1782408802078907546|1415000.0|0.0200235787651749
1782408802180114435|1412000.0|-0.0296422509341237
1782408802279526424|1415000.0|0.0301774467061513
1782408802379609101|1422000.0|0.0699421739088774
1782408802479835556|1418000.0|-0.0399096226639962
1782408802579680714|1416000.0|-0.0200310164264551
1782408802679602751|1423000.0|0.0700546166808029
1782408802779909302|1416000.0|-0.0697860701042348
1782408802879052985|1419000.0|0.0302591139366892
1782408802979021455|1421000.0|0.0200063079889089
1782408803079517974|1418000.0|-0.0298517802392738
1782408803179785228|1420000.0|0.0199466916686479
1782408803278871391|1417000.0|-0.0302766794996391
1782408803379348470|1413000.0|-0.0398100744947014
1782408803479034539|1419000.0|0.0601889517782068
1782408803579873939|1420000.0|0.00991675872724352
1782408803679029191|1418000.0|-0.0201703889573091
1782408803780218367|1416000.0|-0.0197649598411593
1782408803879070834|1422000.0|0.0606965125109118
1782408803979220840|1418000.0|-0.0399400874723862
1782408804079903151|1418000.0|0.0
1782408804178879026|1414000.0|-0.0404138887380384
1782408804279823962|1416000.0|0.0198127818913076
1782408804378956733|1413000.0|-0.0302624446965172
1782408804479035875|1418000.0|0.0499604602925153
1782408804578937416|1422000.0|0.0400394224149155
1782408804679688783|1416000.0|-0.0595525418528564
1782408804779879717|1419000.0|0.0299428289589555
1782408804879566586|1419000.0|0.0
1782408804978960061|1418000.0|-0.0100610226174304
1782408805078947043|1417000.0|-0.0100013019694904
1782408805179677930|1420000.0|0.0297823248593056
1782408805279544863|1421000.0|0.0100133244304198
1782408805379863989|1423000.0|0.0199363778348707
1782408805478943912|1421000.0|-0.0201857242057001
1782408805579628159|1416000.0|-0.0496602015606275
1782408805679033827|1417000.0|0.0100597885424401
1782408805779652617|1413000.0|-0.0397540061851271
1782408805879034909|1420000.0|0.0704350831433833
1782408805979875444|1420000.0|0.0
1782408806078948887|1421000.0|0.0100935222368319
1782408806179645566|1423000.0|0.0198616282072222
1782408806279812051|1418000.0|-0.0499168958559342
1782408806379570584|1418000.0|0.0
1782408806479238700|1423000.0|0.0501664945688348
1782408806579905379|1417000.0|-0.0596026417043121
1782408806679883256|1417000.0|0.0
1782408806779058730|1413000.0|-0.0403325523808437
1782408806879440096|1415000.0|0.0199240165749488
1782408806979048036|1422000.0|0.0702755222123859
1782408807079039337|1420000.0|-0.0200017399513584
1782408807179632623|1416000.0|-0.0397640852491885
1782408807278973523|1415000.0|-0.0100663472950215
1782408807379699385|1418000.0|0.0297838106364381
1782408807479940190|1419000.0|0.00997597734774776
1782408807579879123|1418000.0|-0.0100061104314572
1782408807679030614|1416000.0|-0.0201711540575825
1782408807779198619|1412000.0|-0.039932910713356
1782408807878892319|1417000.0|0.0501536205397131
1782408807978903220|1413000.0|-0.0399956400752754
1782408808078925032|1416000.0|0.0299934578269788
1782408808179690911|1412000.0|-0.0396959768494651
1782408808278907842|1410000.0|-0.0201578498734253
1782408808379062279|1418000.0|0.0798766409120746
1782408808479914494|1414000.0|-0.0396619945332881
1782408808579481793|1408000.0|-0.0602607488629374
1782408808678884420|1413000.0|0.0503004814953231
1782408808779636058|1418000.0|0.049626984724556
1782408808879496270|1419000.0|0.0100139983680387
1782408808979722547|1418000.0|-0.00997742338568557
1782408809079816552|1418000.0|0.0
1782408809179903597|1411000.0|-0.0699391214916976
1782408809279024159|1414000.0|0.030266172219645
1782408809379468292|1418000.0|0.039823132327699
1782408809479678122|1417000.0|-0.00997906093643707
1782408809579776398|1423000.0|0.059941092292139
1782408809679772450|1418000.0|-0.0500019740779366
1782408809779203381|1418000.0|0.0
1782408809879263210|1419000.0|0.00999402067736894
1782408809979867056|1416000.0|-0.0298199335242114
1782408810079545635|1415000.0|-0.0100322457445947
1782408810180088008|1418000.0|0.0298381658447628
1782408810278879178|1415000.0|-0.0303670864511474
1782408810378898606|1412000.0|-0.0299941727321216
1782408810478962722|1410000.0|-0.0199871850164548
1782408810579967017|1414000.0|0.0396022763190417
1782408810679535404|1416000.0|0.0200866967946362
1782408810779102351|1416000.0|0.0
1782408810878911283|1414000.0|-0.0200382867537346
1782408810979762169|1409000.0|-0.0495781464924364
1782408811078905579|1412000.0|0.0302591972577905
1782408811179046447|1410000.0|-0.0199718660317584
1782408811279024707|1415000.0|0.0500108723636519
1782408811378983015|1413000.0|-0.0200083418778957
1782408811479188731|1418000.0|0.0498973531609714
1782408811579556384|1421000.0|0.0298901081207907
1782408811679056051|1416000.0|-0.0502514244595412
1782408811779829305|1413000.0|-0.0297698038013142
1782408811878959579|0.0|-14.2539704873609
1782408811979600160|1414000.0|14.0499983798782
1782408812079285379|1411000.0|-0.0300947324999105
1782408812179704472|1417000.0|0.059749593635545
1782408812279075610|1415000.0|-0.0201265683401955
1782408812378905581|1416000.0|0.0100170318590997
1782408812479594755|1419000.0|0.0297946629297009
1782408812579412006|1417000.0|-0.0200366167166836
1782408812679003433|1418000.0|0.010041024916733
1782408812778891660|1418000.0|0.0
1782408812880021859|1419000.0|0.00988824317452396
1782408812979951142|1416000.0|-0.0300212301132992
1782408813079647145|1417000.0|0.010030492395969
1782408813179508572|1416000.0|-0.0100138765291227
1782408813279754081|1415000.0|-0.00997550922705176
1782408813378920338|1411000.0|-0.0403363010867699
1782408813479120534|1416000.0|0.0499001019918165
1782408813579701099|1415000.0|-0.00994227861018677
1782408813679139742|1414000.0|-0.0100564526006253
1782408813778861888|1416000.0|0.0200557256359084
1782408813879044948|1416000.0|0.0
1782408813979583753|1414000.0|-0.0198928165100033
1782408814079044043|1409000.0|-0.0502713193375969
1782408814179367215|1411000.0|0.0199355738074151
1782408814278936561|1414000.0|0.0301297549950765
1782408814379019621|1421000.0|0.0699419062526665
1782408814479007784|1421000.0|0.0
1782408814579632717|1415000.0|-0.059627368894745
1782408814680192338|1418000.0|0.0298330479984605
1782408814778896097|1418000.0|0.0
1782408814880040728|1409000.0|-0.0889814902780158
1782408814978903512|1416000.0|0.0708052081559832
1782408815079217564|1413000.0|-0.0299060793596494
1782408815179809249|1416000.0|0.0298235385956603
1782408815280120645|1410000.0|-0.0598137423987201
1782408815379020005|1416000.0|0.060667733340236
1782408815478957512|1417000.0|0.0100062532078172
1782408815579952974|1413000.0|-0.0396057399093833
1782408815679319952|1413000.0|0.0
1782408815779262515|1416000.0|0.0300172410027147
1782408815879312678|1420000.0|0.0399799448602597
1782408815979064552|1418000.0|-0.0200497486393088
1782408816079611229|1421000.0|0.0298368885925489
1782408816178884430|1419000.0|-0.0201464240082276
1782408816279254610|1419000.0|0.0
1782408816379033637|1418000.0|-0.0100221462372047
1782408816479767226|1421000.0|0.0297815260012229
1782408816578889242|1415000.0|-0.0605314565030639
1782408816679076733|1423000.0|0.0798502878967196
1782408816778910208|1425000.0|0.020033360553662
1782408816879683765|1422000.0|-0.0297697142912203
1782408816979589768|1421000.0|-0.0100094085437489
1782408817078910425|1416000.0|-0.0503419948178555
1782408817179362732|1416000.0|0.0
1782408817279188335|1414000.0|-0.0200349403348958
1782408817379480354|1415000.0|0.00997088312680194
1782408817479549509|1415000.0|0.0
1782408817579951561|1421000.0|0.0597597347910778
1782408817678887001|1418000.0|-0.0303228044470212
1782408817779987871|1417000.0|-0.00989111171842537
1782408817879393680|1417000.0|0.0
1782408817979839092|1421000.0|0.0398226252484285
1782408818078954884|1420000.0|-0.0100892095984059
1782408818179827177|1421000.0|0.00991352501523882
1782408818278951945|1415000.0|-0.0605297759688073
1782408818379487020|1419000.0|0.0397871091258449
1782408818479259087|1418000.0|-0.0100228453721421
1782408818579734994|1418000.0|0.0
1782408818679094531|1419000.0|0.0100644591369221
1782408818779899159|1421000.0|0.0198403589168545
1782408818878918376|1420000.0|-0.0100990497632394
1782408818979641884|1421000.0|0.00992816890372802
1782408819079680542|1420000.0|-0.00999613569386347
1782408819178880863|1416000.0|-0.0403224501662651
1782408819279063825|1418000.0|0.0199634744279172
1782408819379279396|1415000.0|-0.0299354678126815
1782408819479635303|1417000.0|0.0199290710411296
1782408819579308265|1419000.0|0.0200656222095617
1782408819679700140|1418000.0|-0.00996096546657785
1782408819778919149|1420000.0|0.0201574276961383
1782408819879053328|1416000.0|-0.0399464003195153
1782408819979698676|1418000.0|0.0198717580071361
1782408820078897716|1418000.0|0.0
1782408820179690072|1414000.0|-0.0396855491700184
1782408820279067113|1416000.0|0.0201253728212737
1782408820379560509|1420000.0|0.0398036105775548
1782408820479292382|1420000.0|0.0
1782408820579644209|1419000.0|-0.00996494064826543
1782408820679486883|1419000.0|0.0
1782408820779778790|1418000.0|-0.00997089426168754
1782408820879551096|1423000.0|0.0501141068143699
1782408820979949738|1418000.0|-0.0498014704222792
1782408821079412859|1414000.0|-0.0402159107796346
1782408821179664126|1413000.0|-0.00997493627686521
1782408821279036990|1420000.0|0.070441765671562
1782408821379872658|1420000.0|0.0
1782408821478913474|1420000.0|0.0
1782408821579595878|1424000.0|0.039728888475885
1782408821679450279|1418000.0|-0.0600874867798766
1782408821779698618|1416000.0|-0.0199504552389641
1782408821879599547|1413000.0|-0.0300297507743897
1782408821979809342|1418000.0|0.0498953221089815
1782408822078899789|1419000.0|0.010091790180339
1782408822179458704|1419000.0|0.0
1782408822279504290|1415000.0|-0.039981773908546
1782408822379784117|1413000.0|-0.019944190769296
1782408822479545798|1413000.0|0.0
1782408822578872295|1418000.0|0.0503390349102919
1782408822678909416|1416000.0|-0.0199925785549146
1782408822779447132|1419000.0|0.0298395479762043
1782408822879626862|1421000.0|0.0199641184898382
1782408822979795584|1420000.0|-0.0099831562191639
1782408823078960335|1419000.0|-0.0100842284170108
1782408823179396530|1420000.0|0.0099565699397513
1782408823279648564|1418000.0|-0.0199497199228895
1782408823379517829|1419000.0|0.0100130906140142
1782408823479096102|1419000.0|0.0
1782408823579551800|1419000.0|0.0
1782408823679230345|1420000.0|0.0100322491665584
1782408823778975946|1418000.0|-0.0200510095678305
1782408823879611181|1420000.0|0.0198737549527261
1782408823979805679|1421000.0|0.00998058795603727
1782408824079554736|1418000.0|-0.0300754722924348
1782408824179890610|1420000.0|0.0199330500674166
1782408824279395634|1415000.0|-0.0502487190998517
1782408824379632932|1416000.0|0.00997632637703383
1782408824479695269|1414000.0|-0.0199875403669614
1782408824579865319|1413000.0|-0.00998302386791261
1782408824678936822|1414000.0|0.010093719886333
1782408824779379241|1414000.0|0.0
1782408824878949209|1414000.0|0.0
1782408824979031115|1414000.0|0.0
1782408825079033116|1416000.0|0.0199995998080078
1782408825179352846|1415000.0|-0.00996812890146335
1782408825280073329|1415000.0|0.0
1782408825379036000|1423000.0|0.0808385618452032
1782408825479675602|1417000.0|-0.0596186777447709
1782408825579092386|1424000.0|0.0704106461540739
1782408825679553012|1419000.0|-0.0497707430172693
1782408825779938166|1414000.0|-0.0498081618722227
1782408825878913093|1416000.0|0.0202071379148378
1782408825979643848|1418000.0|0.0198549092578528
1782408826079734089|1419000.0|0.00999098403609599
1782408826179296265|1417000.0|-0.0200879498656196
1782408826280137900|1413000.0|-0.039666155750053
1782408826379008378|1416000.0|0.03034272778574
1782408826479436636|1418000.0|0.0199147136456355
1782408826579308189|1416000.0|-0.0200257224397021
1782408826679032445|1421000.0|0.0501382532249727
1782408826778929582|1419000.0|-0.0200205937833834
1782408826879026575|1411000.0|-0.0799224807882091
1782408826979408897|1416000.0|0.0498095670669981
1782408827079502498|1408000.0|-0.0799251892236348
1782408827179759523|1413000.0|0.0498718169624523
1782408827279040658|1410000.0|-0.030217221025928
1782408827379986406|1414000.0|0.0396252450375622
1782408827478893700|1417000.0|0.0303314333925666
1782408827580273576|1415000.0|-0.0197277810834963
1782408827678932502|1416000.0|0.0101359303262636
1782408827778905335|1417000.0|0.0100027174382464
1782408827879058824|1420000.0|0.0299540238683048
1782408827979385865|1416000.0|-0.0398696100286662
1782408828079662922|1416000.0|0.0
1782408828179696139|1417000.0|0.0099966794030027
1782408828279794252|1416000.0|-0.00999019831672551
1782408828379593948|1422000.0|0.0601204236133144
1782408828479681997|1418000.0|-0.0399648113832252
1782408828578955788|1413000.0|-0.0503657606870277
1782408828679605998|1415000.0|0.0198707980837795
1782408828778892221|1413000.0|-0.0201437816805661
1782408828878970638|1415000.0|0.0199843288888153
1782408828979170575|1416000.0|0.00998004619503902
1782408829080064721|1415000.0|-0.00991137781175134
1782408829178885807|1414000.0|-0.0101192978186862
1782408829279903970|1416000.0|0.0197984198148604
1782408829379300689|1415000.0|-0.0100606942569201
1782408829478901568|1419000.0|0.0401602881436418
1782408829579878259|1421000.0|0.019806551197048
1782408829679425123|1421000.0|0.0
1782408829779525459|1417000.0|-0.0399599058288875
1782408829879974725|1421000.0|0.039821097348785
1782408829980047526|1424000.0|0.0299781755883899
1782408830079646373|1424000.0|0.0
1782408830179666901|1424000.0|0.0
1782408830279096548|1420000.0|-0.0402294498742412
1782408830379763254|1420000.0|0.0
1782408830479546614|1422000.0|0.0200434220695715
1782408830579893463|0.0|-14.1708485535007
1782408830678955093|1423000.0|14.3647949261485
1782408830779655319|1424000.0|0.00993046430700165
1782408830879054486|1424000.0|0.0
1782408830979805063|1424000.0|0.0
1782408831078940981|1423000.0|-0.0100871613454974
1782408831179573479|1424000.0|0.00993714773929193
1782408831279037254|1423000.0|-0.0100539115874096
1782408831379559016|1423000.0|0.0
1782408831479125382|1416000.0|-0.0703048658017709
1782408831579807625|1422000.0|0.0595934280089489
1782408831679253415|1419000.0|-0.030167189581379
1782408831779448328|1427000.0|0.0798443729373766
1782408831879093799|1424000.0|-0.030106737114023
1782408831979736233|1425000.0|0.00993616668690664
1782408832079279271|1422000.0|-0.030137717918555
1782408832179251415|1427000.0|0.0500139318808647
1782408832279656184|1425000.0|-0.0199193725549032
1782408832379441607|1422000.0|-0.0300645115268991
1782408832479717816|1418000.0|-0.0398898207250735
1782408832579615351|1422000.0|0.0400410280393806
1782408832679067989|1425000.0|0.0301651123623287
1782408832779568374|1417000.0|-0.0796016851079725
1782408832879439222|1425000.0|0.0801034552144786
1782408832979517606|1422000.0|-0.0299765032177178
1782408833079787639|1421000.0|-0.00997306942144918
1782408833179612262|1421000.0|0.0
1782408833278883348|1423000.0|0.0201468532337805
1782408833379399333|1419000.0|-0.0397946654952444
1782408833479667269|1417000.0|-0.0199465559957273
1782408833578901826|1423000.0|0.060462808333996
1782408833679642739|1421000.0|-0.019852907229459
1782408833778914161|1424000.0|0.0302201775653017
1782408833879840691|1422000.0|-0.0198163951539798
1782408833979356626|1425000.0|0.0301459258760921
1782408834080006947|1429000.0|0.0397415523394108
1782408834179580897|1425000.0|-0.040171149181086
1782408834279069375|1427000.0|0.0201028304001193
1782408834379310575|1425000.0|-0.0199518760749073
1782408834479619840|1421000.0|-0.0398766753998247
1782408834579534271|1428000.0|0.0700599495982717
1782408834679546750|1425000.0|-0.029996256767118
1782408834779063565|1425000.0|0.0
1782408834879555021|1423000.0|-0.0199021894955925
1782408834979347164|1425000.0|0.0200416579890463
1782408835079505868|1420000.0|-0.0499207737352512
1782408835180066460|1418000.0|-0.0198885066229523
1782408835278991273|1417000.0|-0.0101086872916303
1782408835379456793|1419000.0|0.0199073274094436
1782408835479615209|1421000.0|0.0199683669118729
1782408835579502776|1413000.0|-0.0800900476432668
1782408835679550487|1418000.0|0.0499761558762699
1782408835779914775|1422000.0|0.0398548136962821
1782408835879534806|1423000.0|0.0100381418271191
1782408835979394948|1419000.0|-0.0400560215506203
1782408836079052723|1417000.0|-0.0200686800402678
1782408836179695716|1418000.0|0.00993611149859186
1782408836279938323|1426000.0|0.0798063841256643
1782408836379541969|1428000.0|0.0200795862432586
1782408836479321808|1428000.0|0.0
1782408836578993550|1426000.0|-0.0200658678163767
1782408836679028973|1421000.0|-0.049982294771723
1782408836779536622|1419000.0|-0.0198989830117308
1782408836879830174|1420000.0|0.0099707307205552
1782408836979246939|1423000.0|0.0301759969759628
1782408837079598987|1427000.0|0.0398596748120178
1782408837179485033|1426000.0|-0.0100114084003285
1782408837279988314|1426000.0|0.0
1782408837378956086|1416000.0|-0.1010429940769
1782408837479048469|1417000.0|0.00999077022674143
1782408837579614789|1415000.0|-0.0198873738245568
1782408837679873941|1418000.0|0.0299224553584894
1782408837779509795|1415000.0|-0.0301096430608203
1782408837879956531|1418000.0|0.0298665752563627
1782408837979522992|1419000.0|0.0100435426744755
1782408838079537631|1414000.0|-0.0499926815713448
1782408838179087677|1415000.0|0.0100451987736902
1782408838279345564|1415000.0|0.0
1782408838378882570|1415000.0|0.0
1782408838479810410|1418000.0|0.0297242069185271
1782408838579088439|1414000.0|-0.040290888530835
1782408838679367687|1418000.0|0.0398886118491834
1782408838779822535|1414000.0|-0.0398188845997756
1782408838878899811|1419000.0|0.0504656587449982
1782408838980004725|1413000.0|-0.0593442965591168
1782408839079141409|1416000.0|0.0302612502149053
1782408839179598209|1417000.0|0.00995452771738698
1782408839278902446|1414000.0|-0.0302101913335279
1782408839379842639|1419000.0|0.0495342821466569
1782408839479579965|1418000.0|-0.0100263365793464
1782408839579903340|1421000.0|0.0299033002029686
1782408839679044408|1420000.0|-0.0100866373559744
1782408839779768696|1420000.0|0.0
1782408839878879701|1418000.0|-0.0201793938019295
1782408839979917366|1421000.0|0.0296918975710692
1782408840079017282|1423000.0|0.0201816518189581
1782408840178928752|1425000.0|0.0200177216890113
1782408840279738864|1424000.0|-0.00991963980756216
1782408840378916572|1421000.0|-0.0302487329108271
1782408840478942811|1420000.0|-0.00999737678830452
1782408840578939081|1429000.0|0.0900033571252208
1782408840678865447|1429000.0|0.0
1782408840778886150|1425000.0|-0.039991720514102
1782408840878885156|1426000.0|0.010000099400988
1782408840978871202|1421000.0|-0.0500069779737064
1782408841078862576|1429000.0|0.0800069013953144
1782408841178866846|1421000.0|-0.079996584145857
1782408841278868156|1423000.0|0.0199997380034322
1782408841378881626|1421000.0|-0.0199973063628329
1782408841479666810|1420000.0|-0.00992209331085807
1782408841579745897|1418000.0|-0.0199841950996216
1782408841678884229|1420000.0|0.0201738314499784
1782408841779917461|1422000.0|0.0197954669014251
1782408841878884721|1422000.0|0.0
1782408841979554976|1424000.0|0.0198668415014942
1782408842078872637|1424000.0|0.0
1782408842179492829|1424000.0|0.0
1782408842278897545|1424000.0|0.0
1782408842379996266|1427000.0|0.0296739659050682
1782408842478908165|1422000.0|-0.0505500354411354
1782408842578904435|1421000.0|-0.0100003730139134
1782408842679246898|1426000.0|0.0498293529031672
1782408842779008096|1424000.0|-0.0200478747258027
1782408842879029837|1424000.0|0.0
1782408842978885547|1420000.0|-0.0400577993987525
1782408843079016665|1422000.0|0.0199738107388355
1782408843179022439|1416000.0|-0.0599965358000229
1782408843278936852|1420000.0|0.0400342641256372
1782408843378898833|1415000.0|-0.0500190167299706
1782408843478891167|1419000.0|0.0400030666350882
1782408843578887181|1426000.0|0.0700027903112218
1782408843678889067|1425000.0|-0.00999981140355693
1782408843779396681|1420000.0|-0.0497474748529997
1782408843879491864|1422000.0|0.0199809815023766
1782408843978915252|1423000.0|0.0100579956096447
1782408844079496547|1423000.0|0.0
1782408844178923647|1424000.0|0.0100576201055849
1782408844280269632|1424000.0|0.0
1782408844379042538|1418000.0|-0.0607454031979175
1782408844479235624|1418000.0|0.0
1782408844579752215|1419000.0|0.00994860639473935
1782408844678960051|1421000.0|0.0201596978690272
1782408844778906768|1421000.0|0.0
1782408844879829392|1425000.0|0.039634324212577
1782408844979152780|1430000.0|0.0503406106122759
1782408845079219449|1426000.0|-0.039973350167177
1782408845178897094|1426000.0|0.0
1782408845279686726|1425000.0|-0.00992165543376525
1782408845378902769|1431000.0|0.0604740908685504
1782408845478953406|1428000.0|-0.0299848165884241
1782408845578930060|1424000.0|-0.040009340580652
1782408845679908395|1423000.0|-0.00990311436606674
1782408845779519000|1422000.0|-0.0100390917212078
1782408845879783750|1423000.0|0.00997359490748244
1782408845978953185|1428000.0|0.0504187605788013
1782408846079551296|1429000.0|0.00994054450982683
1782408846179612141|1434000.0|0.0499695959993142
1782408846278900952|1426000.0|-0.0805730265014454
1782408846379766151|1430000.0|0.0396568889930014
1782408846478896947|1428000.0|-0.0201753650802925
1782408846579922834|1426000.0|-0.0197969061137766
1782408846678898173|1426000.0|0.0
1782408846779458300|1425000.0|-0.00994429929468963
1782408846878897463|1426000.0|0.0100564000121361
1782408846979803495|1426000.0|0.0
1782408847078901090|1423000.0|-0.0302731867508995
1782408847179031055|1419000.0|-0.0399480814759098
1782408847279659630|1421000.0|0.0198750702770063
1782408847379501770|1423000.0|0.0200316219183603
1782408847478887638|1422000.0|-0.0100617926886748
1782408847580001702|1427000.0|0.0494491053193154
1782408847678913712|1428000.0|0.0101099957426808
1782408847779049933|1429000.0|0.00998639643091784
1782408847879060234|1422000.0|-0.0699927900426977
1782408847979059335|1424000.0|0.0200001798016164
1782408848079561765|1425000.0|0.00995000817393171
1782408848179049584|1421000.0|-0.0402059271195803
1782408848279115341|1427000.0|0.0599605717268496
1782408848378890345|1432000.0|0.0501127516867852
1782408848479037830|1429000.0|-0.0299558196593754
1782408848578966947|1427000.0|-0.0200141866559273
1782408848679245233|1433000.0|0.0598334917690955
1782408848779066733|1431000.0|-0.0200357638384516
1782408848879222698|1431000.0|0.0
1782408848978969814|1435000.0|0.0401014100497903
1782408849080033286|1438000.0|0.0296843156150424
1782408849179022944|0.0|-14.526770059151
1782408849279975071|1429000.0|14.1552242876468
1782408849379259306|1429000.0|0.0
1782408849479056950|1431000.0|0.0200405532619588
1782408849579564900|1433000.0|0.0198989234184958
1782408849679358592|1428000.0|-0.0501033672549163
1782408849779155708|1431000.0|0.0300609889367945
1782408849878885528|1429000.0|-0.0200541823899813
1782408849979025701|1433000.0|0.0399440092838665
1782408850079565987|1426000.0|-0.0696238321820569
1782408850179332191|1421000.0|-0.0501171719433166
1782408850279983645|1417000.0|-0.0397411049819509
1782408850379391256|1422000.0|0.050297959579775
1782408850478883715|1422000.0|0.0
1782408850579666305|1422000.0|0.0
1782408850679779342|1422000.0|0.0
1782408850779897691|1422000.0|0.0
1782408850878892405|1425000.0|0.0303046483875897
1782408850979613635|1425000.0|0.0
1782408851078898685|1426000.0|0.0100720098343104
1782408851179720924|1427000.0|0.00991844666333982
1782408851279937432|1423000.0|-0.0399135838977746
1782408851379236579|1421000.0|-0.0201411599235591
1782408851479354687|1422000.0|0.00998820313304362
1782408851579063978|1422000.0|0.0
1782408851679664840|1422000.0|0.0
1782408851779583508|1424000.0|0.0200162796405573
1782408851879136687|1421000.0|-0.0301346479352508
1782408851979399452|1424000.0|0.0299213770934803
1782408852079018615|1425000.0|0.0100382292912861
1782408852179634629|1423000.0|-0.0198775514999034
1782408852279514592|1422000.0|-0.0100120181261981
1782408852379061403|1425000.0|0.0301365756458035
1782408852479159911|1426000.0|0.00999015889427643
1782408852579231364|1426000.0|0.0
1782408852678948495|1428000.0|0.020056734283701
1782408852779567724|1423000.0|-0.0496922909238352
1782408852879043623|1423000.0|0.0
1782408852979085731|1424000.0|0.00999579097233737
1782408853079387136|1427000.0|0.0299098502159566
1782408853178906539|1424000.0|-0.0301448753666659
1782408853278959255|1422000.0|-0.0199894623550249
1782408853379647172|1428000.0|0.0595900697796738
1782408853479516752|1424000.0|-0.040052236126356
1782408853579380875|1423000.0|-0.0100136061876796
1782408853679042502|1427000.0|0.0401358087401082
1782408853779015090|1418000.0|-0.090024677564614
1782408853879324271|1419000.0|0.00996917719824669
1782408853979841068|1424000.0|0.0497429300298934
1782408854079377767|1427000.0|0.0301396372407327
1782408854179603603|1421000.0|-0.0598648037218667
1782408854279348846|1417000.0|-0.040102163067566
1782408854379531466|1419000.0|0.0199635425785431
1782408854479069060|1420000.0|0.0100464554126153
1782408854579228544|1425000.0|0.0499203849732293
1782408854678980475|1426000.0|0.0100248685912657
1782408854779016007|1421000.0|-0.0499822403103729
1782408854879703460|1418000.0|-0.0297951721948911
1782408854979298511|1422000.0|0.0401626382017717
1782408855079008874|1421000.0|-0.0100290478332729
1782408855178901653|1422000.0|0.0100107336086826
1782408855279307953|1423000.0|0.00995953441168532
1782408855379038780|1420000.0|-0.0300809698489716
1782408855479758169|1420000.0|0.0
1782408855579041875|1425000.0|0.0503607308937481
1782408855679135567|1421000.0|-0.0399625582798964
1782408855779378315|1419000.0|-0.0199515679677895
1782408855879002661|1418000.0|-0.0100377070480342
1782408855979033713|1416000.0|-0.0199937915278548
1782408856079837630|1419000.0|0.029760748285208
1782408856179221416|1420000.0|0.0100620034740878
1782408856280136453|1419000.0|-0.00990932600064349
1782408856379271854|1419000.0|0.0
1782408856478898041|1416000.0|-0.0301125646814125
1782408856579954903|1423000.0|0.0692679335323117
1782408856679047887|1417000.0|-0.0605491908488698
1782408856779327771|1424000.0|0.0698046280149267
1782408856878970870|1418000.0|-0.0602149076073999
1782408856978907537|1420000.0|0.0200126746272217
1782408857079008284|1422000.0|0.019979870879485
1782408857179059367|1420000.0|-0.0199897886162811
1782408857279316835|1420000.0|0.0
1782408857379275214|1420000.0|0.0
1782408857479422441|1421000.0|0.00998529894392383
1782408857579545061|1420000.0|-0.00998775301725025
1782408857679181791|1416000.0|-0.0401458377849213
1782408857779300266|1414000.0|-0.0199763330394315
1782408857879592822|1416000.0|0.0199416594786955
1782408857978884911|1421000.0|0.0503564790544391
1782408858079778893|1421000.0|0.0
1782408858179504983|1422000.0|0.0100274662327581
1782408858278930832|1419000.0|-0.0301732399589567
1782408858379653885|1421000.0|0.0198564275052306
1782408858478876006|1421000.0|0.0
1782408858579036466|1419000.0|-0.019967959412327
1782408858679064908|1421000.0|0.0199943132174347
1782408858778997287|1420000.0|-0.0100067666756938
1782408858879032562|1426000.0|0.0599788424633211
1782408858979620942|1421000.0|-0.0497075308301018
1782408859079515273|1422000.0|0.010010578077749
1782408859179731428|1422000.0|0.0
1782408859279578334|1422000.0|0.0
1782408859379848617|1420000.0|-0.0199460891119655
1782408859479608532|1421000.0|0.0100240662795272
1782408859579622622|1420000.0|-0.00999859119850013
1782408859678953767|1420000.0|0.0
1782408859779770004|1420000.0|0.0
1782408859879878175|1418000.0|-0.0199783891766437
1782408859979547737|1414000.0|-0.0401326134050835
1782408860078957762|1412000.0|-0.0201186952724335
1782408860179492622|1415000.0|0.0298403956597741
1782408860279250167|1412000.0|-0.0300729132818976
1782408860379871684|1419000.0|0.0695676253817561
1782408860478898156|1417000.0|-0.0201966197483033
1782408860579429464|1419000.0|0.0198942999925953
1782408860678907969|1421000.0|0.0201048457654244
1782408860779890654|1419000.0|-0.0198053755453224
1782408860878943814|1417000.0|-0.0201911781512069
1782408860979828547|1415000.0|-0.0198246051758892
1782408861079588300|1416000.0|0.0100240825576222
1782408861178907781|1416000.0|0.0
1782408861278996831|1416000.0|0.0
1782408861378895945|1415000.0|-0.0100100987882635
1782408861479130052|1417000.0|0.0199532879561645
1782408861579320447|1417000.0|0.0
1782408861679298393|1415000.0|-0.0200044117729724
1782408861779658469|1420000.0|0.0498206079477261
1782408861878899101|1417000.0|-0.030229553556249
1782408861979819242|1419000.0|0.0198176496800574
1782408862078902978|1421000.0|0.0201849474065047
1782408862179364557|1417000.0|-0.0398162167050948
1782408862278893286|1422000.0|0.050236751239936
1782408862379714162|1425000.0|0.0297557422532214
1782408862478898442|1417000.0|-0.0806579429724146
1782408862579870359|1421000.0|0.039614975320316
1782408862679460000|1419000.0|-0.0200824099767565
1782408862779434362|1413000.0|-0.0600153867448536
1782408862879773797|1419000.0|0.0597970279581502
1782408862979516014|1420000.0|0.01002584492382
1782408863078885975|1426000.0|0.0603804201955961
1782408863179058833|1426000.0|0.0
1782408863279632684|1425000.0|-0.00994294232603264
1782408863379680023|1424000.0|-0.00999526833992057
1782408863479953761|1424000.0|0.0
1782408863579031673|1423000.0|-0.0100930669592633
1782408863679529684|1421000.0|-0.01990089137187
1782408863778944876|1418000.0|-0.0301764744366233
1782408863879624920|1422000.0|0.0397298197446159
1782408863979058384|1424000.0|0.0201139527835418
1782408864079530220|1418000.0|-0.0597182279021954
1782408864179246053|1418000.0|0.0
1782408864279589631|1412000.0|-0.0597945590499075
1782408864379058776|1414000.0|0.0201067376220033
1782408864479320482|1414000.0|0.0
1782408864579314412|1417000.0|0.0300018211105414
1782408864679166693|1417000.0|0.0
1782408864779296655|1419000.0|0.0199740413363984
1782408864879620858|1422000.0|0.0299030534037734
1782408864979660100|1421000.0|-0.0099960773393305
1782408865079759565|1422000.0|0.00999006338345565
1782408865178902037|1422000.0|0.0
1782408865279523408|1420000.0|-0.0198764932352194
1782408865379290793|1420000.0|0.0
1782408865480038517|1417000.0|-0.0297773476252426
1782408865579761821|1421000.0|0.0401109854924181
1782408865679400886|1420000.0|-0.0100362242459822
1782408865779350127|1419000.0|-0.0100050784777845
1782408865879585674|1421000.0|0.0199530013040184
1782408865979058178|1420000.0|-0.0100530293275818
1782408866079503484|1417000.0|-0.0298670004549541
1782408866179835462|1418000.0|0.00996691204473214
1782408866278914893|1415000.0|-0.0302787366633141
1782408866378882391|1414000.0|-0.0100032512567235
1782408866479056704|1418000.0|0.0399303961285964
1782408866579666315|1418000.0|0.0
1782408866678982835|1419000.0|0.010068818359725
1782408866779519694|1417000.0|-0.0198932015570528
1782408866879534231|1418000.0|0.00999854651129365
1782408866978979471|1416000.0|-0.0201115709510078
1782408867079493706|1421000.0|0.0497441979238065
1782408867179006594|1420000.0|-0.0100489496395683
1782408867279571197|1417000.0|-0.0298315700604914
1782408867380257671|1416000.0|-0.00993182063362354
1782408867479344030|1419000.0|0.0302766196101726
1782408867579620840|1424000.0|0.0498619770612966
1782408867679476449|0.0|-14.2605910099652
1782408867779917195|1421000.0|14.1476448213557
1782408867878884914|1415000.0|-0.060625828912961
1782408867979546157|1415000.0|0.0
1782408868079048229|1416000.0|0.0100500419729953
1782408868179655711|1415000.0|-0.0099396186060993
1782408868279900425|1415000.0|0.0
1782408868379514337|1420000.0|0.0501937922084618
1782408868479520810|1415000.0|-0.0499967637094851
1782408868579363011|1415000.0|0.0
1782408868679571900|1411000.0|-0.0399166185746257
1782408868779558517|1413000.0|0.0200026769582573
1782408868879052733|1414000.0|0.0100508355179159
1782408868979204646|1412000.0|-0.0199696634851099
1782408869079583856|1416000.0|0.0398488890279172
1782408869179195480|1416000.0|0.0
1782408869279686706|1417000.0|0.00995111752343433
1782408869379057417|1420000.0|0.0301899822373214
1782408869479036050|1418000.0|-0.0200042743132925
1782408869579974589|1417000.0|-0.00990701876515173
1782408869679428917|1419000.0|0.0201097331832557
1782408869779575342|1419000.0|0.0
1782408869878954469|1420000.0|0.0100624751915963
1782408869979904208|1422000.0|0.0198118392361569
1782408870079173031|1416000.0|-0.0604419375456884
1782408870179211072|1420000.0|0.0399847893862696
1782408870279164200|1422000.0|0.0200093787960293
1782408870379051824|1418000.0|-0.0400450009702904
1782408870479106393|1421000.0|0.0299836382284551
1782408870579234162|1420000.0|-0.00998723940408579
1782408870678875098|1419000.0|-0.0100360357915546
1782408870779413892|1419000.0|0.0
1782408870879018108|1420000.0|0.0100397356674139
1782408870978879172|1414000.0|-0.0600834775804111
1782408871078868813|1410000.0|-0.04000414402928
1782408871178870197|1413000.0|0.0299995848057463
1782408871278882270|1416000.0|0.0299963785372192
1782408871379481367|1417000.0|0.00994044707975858
1782408871479192207|1420000.0|0.0300869995679507
1782408871578883959|1418000.0|-0.0200618402212452
1782408871679042032|1419000.0|0.00998421764763785
1782408871778900488|1425000.0|0.0600850467786123
1782408871879100353|1420000.0|-0.0499002668316968
1782408871980148188|1413000.0|-0.0692741215088874
1782408872078874081|1415000.0|0.0202581099975464
1782408872179229050|1418000.0|0.0298938859719044
1782408872278881090|1420000.0|0.0200698349978585
1782408872380115693|1418000.0|-0.0197560907113944
1782408872478893746|1422000.0|0.0404948253029446
1782408872580193470|1422000.0|0.0
1782408872679232387|1421000.0|-0.010097040944016
1782408872780666207|1419000.0|-0.0197172895588473
1782408872881119289|1422000.0|0.0298646884721765
1782408872979428861|1420000.0|-0.0203438989643857
1782408873079261220|1421000.0|0.010016792250697
1782408873179781342|1415000.0|-0.0596895415626336
1782408873279273061|1418000.0|0.0301532633082759
1782408873378878748|1419000.0|0.0100395873982577
1782408873479235317|1419000.0|0.0
1782408873578873564|1419000.0|0.0
1782408873679126629|1418000.0|-0.00997475738023571
1782408873779708319|1416000.0|-0.0198843348128273
1782408873879327734|1415000.0|-0.0100382038983064
1782408873978908109|1416000.0|0.0100421393271516
1782408874079697367|1415000.0|-0.00992169225018007
1782408874179020653|1415000.0|0.0
1782408874279217254|1417000.0|0.0199607569522244
1782408874378910477|1417000.0|0.0
1782408874479218885|1416000.0|-0.00996925402305258
1782408874579330078|1418000.0|0.0199777861003015
1782408874679819895|1418000.0|0.0
1782408874779839951|1419000.0|0.00999799480216248
1782408874878884629|1418000.0|-0.0100964536428701
1782408874979400654|1420000.0|0.0198973248295483
1782408875079010485|1419000.0|-0.0100391697281366
1782408875179545390|1415000.0|-0.0397871764040559
1782408875278903412|1417000.0|0.0201292251973374
1782408875379274956|1419000.0|0.0199259662678896
1782408875479478053|1424000.0|0.0498986573239348
1782408875579348220|1424000.0|0.0
1782408875679500020|1422000.0|-0.0199696860166268
1782408875779022010|1430000.0|0.0803842447282254
1782408875880041941|1424000.0|-0.0593942199386377
1782408875978895626|1429000.0|0.0505798038788337
1782408876079239906|1425000.0|-0.0398627604881913
1782408876179056762|1427000.0|0.0200366960065342
1782408876279599523|1423000.0|-0.0397840675968706
1782408876379046153|1429000.0|0.0603338695338394
1782408876479419329|1433000.0|0.039851284570292
1782408876579133224|1433000.0|0.0
1782408876679034591|1431000.0|-0.0200197460761473
1782408876779592808|1432000.0|0.00994448817643614
1782408876878918558|1423000.0|-0.0906109442918881
1782408876979179126|1426000.0|0.029922032757684
1782408877078881245|1430000.0|0.0401195083927955
1782408877179346694|1430000.0|0.0
1782408877279557342|1424000.0|-0.0598738768758386
1782408877378882499|1423000.0|-0.0100679428072789
1782408877479131723|1425000.0|0.019950279116375
1782408877578882002|1432000.0|0.0701752423168661
1782408877679829004|1427000.0|-0.0495309409981289
1782408877778881185|1429000.0|0.0201913777143383
1782408877879528650|1430000.0|0.00993567001414293
1782408877978981696|1431000.0|0.0100549962039373
1782408878079513496|1429000.0|-0.0198942026304115
1782408878178988446|1432000.0|0.0301583463977614
1782408878279605303|1428000.0|-0.0397547699189212
1782408878379469422|1429000.0|0.0100136065887689
1782408878479776710|1433000.0|0.0398774613465773
1782408878578947675|1431000.0|-0.0201671930892273
1782408878679594675|1431000.0|0.0
1782408878779060985|1426000.0|-0.0502682767662739
1782408878879245489|1430000.0|0.0399263343161334
1782408878979082008|1428000.0|-0.0200327497396018
1782408879079019182|1430000.0|0.0200125730991753
1782408879179660807|1432000.0|0.0198724931160442
1782408879279394046|1426000.0|-0.0601604847106189
1782408879379642805|1432000.0|0.0598511149649244
1782408879479510780|1430000.0|-0.0200264399072876
1782408879580070404|1428000.0|-0.0198886980722999
1782408879679170857|1431000.0|0.0302723136896256
1782408879779541985|1431000.0|0.0
1782408879879469175|1429000.0|-0.0200145726103176
1782408879979041742|1432000.0|0.0301287803497122
1782408880079784742|1428000.0|-0.0397049919101079
1782408880179271212|1433000.0|0.0502580903714847
1782408880279057058|1426000.0|-0.0701502295225317
1782408880379633739|1433000.0|0.0695986378790925
1782408880479707538|1431000.0|-0.0199852510845521
1782408880579730009|1435000.0|0.0399910136193296
1782408880678954366|1433000.0|-0.0201563412499614
1782408880779522950|1431000.0|-0.0198869261199899
1782408880879615357|1430000.0|-0.00999076783117025
1782408880978964083|1430000.0|0.0
1782408881079760075|1428000.0|-0.0198420587993221
1782408881178994032|1434000.0|0.0604631739113255
1782408881279486600|1433000.0|-0.00995098463400796
1782408881379061374|1430000.0|-0.0301281125679482
1782408881479624230|1433000.0|0.0298320883010721
1782408881579408796|1430000.0|-0.0300647697360331
1782408881679259138|1429000.0|-0.0100149882310869
1782408881779232568|1429000.0|0.0
1782408881879319775|1427000.0|-0.019982573796869
1782408881978956757|1424000.0|-0.0301093021866118
1782408882079671262|1424000.0|0.0
1782408882179905253|1423000.0|-0.0099766555239729
1782408882279153769|1420000.0|-0.0302271522125328
1782408882379574417|1419000.0|-0.00995811140354322
1782408882479369975|1423000.0|0.0400819443286243
1782408882579674526|1419000.0|-0.0398785494787769
1782408882678881538|1426000.0|0.0705595285946118
1782408882778885001|1422000.0|-0.0399986148479678
1782408882878877919|1430000.0|0.0800056660012662
1782408882979733240|1430000.0|0.0
1782408883079606894|1426000.0|-0.0400506023340249
1782408883179077155|1427000.0|0.0100532560178966
1782408883278950169|1425000.0|-0.0200254294918946
1782408883379455857|1426000.0|0.00994968563371259
1782408883479326454|1425000.0|-0.0100129570668332
1782408883579680878|1427000.0|0.0199293655454592
1782408883679716548|1425000.0|-0.0199928685437904
1782408883780010779|1427000.0|0.0199413264358146
1782408883878883311|1425000.0|-0.0202280649594369
1782408883979520774|1426000.0|0.00993665748509578
1782408884079431564|1423000.0|-0.0300267868965904
1782408884179632435|1425000.0|0.0199599063365427
1782408884279003352|1423000.0|-0.0201266131014973
1782408884379040110|1428000.0|0.0499816277532705
1782408884479247876|1429000.0|0.00997926647721096
1782408884579262010|1429000.0|0.0
1782408884679607777|1430000.0|0.00996554244286159
1782408884779626807|1432000.0|0.019996194724144
1782408884879605678|1434000.0|0.020004226693058
1782408884978903234|1427000.0|-0.0704951892270138
1782408885079555082|1429000.0|0.0198704747080252
1782408885179786832|1427000.0|-0.0199537571677637
1782408885279997447|1428000.0|0.00997898276544855
1782408885379523852|1425000.0|-0.0301427545785463
1782408885478900592|1431000.0|0.0603763013357049
1782408885580002345|1431000.0|0.0
1782408885679593598|1430000.0|-0.0100410424598233
1782408885779733668|1430000.0|0.0
1782408885878904760|0.0|-14.4195245929126
1782408885979082094|1430000.0|14.2746861281016
1782408886078895092|1428000.0|-0.0200374704705293
1782408886179563099|1428000.0|0.0
1782408886279527905|1427000.0|-0.0100035206390537
1782408886379510519|1428000.0|0.0100017389023256
1782408886479764461|1431000.0|0.0299240103695873
1782408886579804803|1426000.0|-0.0499798371341034
1782408886679563865|1427000.0|0.0100241519913249
1782408886779057021|1426000.0|-0.0100509425995091
1782408886879474276|1424000.0|-0.0199168957566108
1782408886979176265|1426000.0|0.0200597803520249
1782408887079241487|1426000.0|0.0
1782408887179978182|1431000.0|0.0496343462528724
1782408887279586123|1422000.0|-0.0903542419373973
1782408887378873359|1420000.0|-0.0201435761591752
1782408887478998917|1424000.0|0.0399498397801688
1782408887579182059|1430000.0|0.0598903156780609
1782408887679082737|1424000.0|-0.0600596524480044
1782408887779429463|1428000.0|0.0398617888141164
1782408887878988492|1426000.0|-0.0200885848334258
1782408887978910289|1423000.0|-0.0300234792614869
1782408888079298824|1425000.0|0.019922593750372
1782408888179459949|1427000.0|0.0199678268390057
1782408888279114098|1430000.0|0.0301041153840971
1782408888378948519|1421000.0|-0.0901492682568871
1782408888479944991|1428000.0|0.069309351716761
1782408888579178595|1428000.0|0.0
1782408888678893064|1427000.0|-0.0100286348614061
1782408888779524063|1422000.0|-0.0496864788155387
1782408888878911539|1424000.0|0.0201232597958318
1782408888979063449|1429000.0|0.0499241602082277
1782408889079499407|1428000.0|-0.00995659343439528
1782408889179810789|1425000.0|-0.029906875373325
1782408889278899208|1423000.0|-0.0201839934493253
1782408889379642271|1421000.0|-0.0198524835402315
1782408889478928387|1418000.0|-0.0302157050840825
1782408889579542218|1430000.0|0.119267896677148
1782408889679465167|1428000.0|-0.0200154220828691
1782408889779894277|1427000.0|-0.00995727234862482
1782408889879248841|1428000.0|0.0100649628939039
1782408889979711199|1421000.0|-0.0696778389374456
1782408890078895043|1422000.0|0.0100822871918535
1782408890180001003|1425000.0|0.0296718413039152
1782408890278885933|1424000.0|-0.0101127644020176
1782408890379740404|1426000.0|0.0198305536697525
1782408890479591753|1431000.0|0.0500744361500815
1782408890579085068|1429000.0|-0.0201018530742493
1782408890678982337|1429000.0|0.0
1782408890779030950|1427000.0|-0.019990282124151
1782408890879339868|1420000.0|-0.06978442335506
1782408890979034176|1419000.0|-0.0100306629341366
1782408891078987125|1429000.0|0.100047073148387
1782408891179544524|1428000.0|-0.00994456907144148
1782408891279034383|1426000.0|-0.0201025513565156
1782408891378869060|1426000.0|0.0
1782408891479111001|1427000.0|0.00997586429416805
1782408891579300335|1427000.0|0.0
1782408891679038611|1424000.0|-0.0300787232376064
1782408891779566266|1426000.0|0.0198950229168282
1782408891878882205|1422000.0|-0.0402755090499623
1782408891979045330|1428000.0|0.0599022843985748
1782408892079084615|1427000.0|-0.00999607304270517
1782408892179062860|1429000.0|0.020004351946766
1782408892279915059|1430000.0|0.0099155002063961
1782408892378875461|1429000.0|-0.0101050519176347
1782408892479174330|1430000.0|0.00997020215651684
1782408892579613712|1431000.0|0.00995625401199701
1782408892679057875|1426000.0|-0.0502794719082708
1782408892779703050|1426000.0|0.0
1782408892879025005|1425000.0|-0.010068267383581
1782408892978914017|1424000.0|-0.0100111111320232
1782408893079517080|1432000.0|0.0795204416390384
1782408893178874923|1426000.0|-0.0603877843845704
1782408893279087312|1421000.0|-0.0498940305674182
1782408893379442565|1420000.0|-0.00996460045793517
1782408893479034793|1421000.0|0.0100409441588153
1782408893579650399|1425000.0|0.0397552642082184
1782408893679274450|1424000.0|-0.0100377367710133
1782408893779594008|1426000.0|0.0199362919840616
1782408893879731853|1425000.0|-0.00998623447508781
1782408893979022576|1424000.0|-0.0100714343675391
1782408894079220709|1426000.0|0.0199604517581181
1782408894179379945|1422000.0|-0.0399364068631674
1782408894279418862|1420000.0|-0.0199922196278874
1782408894379037905|1423000.0|0.0301147241496789
1782408894479769607|1424000.0|0.00992736129882924
1782408894579622411|1426000.0|0.0200294825972038
1782408894679744576|1428000.0|0.0199755968121544
1782408894779048419|1425000.0|-0.0302103111961135
1782408894879666185|1428000.0|0.0298158080750869
1782408894979537805|1426000.0|-0.0200257090052209
1782408895078901168|1424000.0|-0.0201281432070692
1782408895178928612|1423000.0|-0.00999725635296649
1782408895278910888|1421000.0|-0.0200035454283917
1782408895379450318|1423000.0|0.0198926928469756
1782408895479464786|1426000.0|0.0299956602278782
1782408895579974232|1426000.0|0.0
1782408895679231114|1427000.0|0.010074868158764
1782408895779567231|1429000.0|0.0199330017923656
1782408895878873026|1428000.0|-0.0100699057894859
1782408895978877702|1431000.0|0.0299985972655919
1782408896078898650|1428000.0|-0.0299937169161804
1782408896179920817|1428000.0|0.0
1782408896278876962|1427000.0|-0.0101054866274348
1782408896379684312|1428000.0|0.00991991159374788
1782408896478945818|1429000.0|0.0100743988309023
1782408896579205871|1425000.0|-0.0398962486086059
1782408896678930083|1431000.0|0.0601659304161762
1782408896779421272|1427000.0|-0.0398044847494042
1782408896878894043|1425000.0|-0.0201060046874536
1782408896978888975|1430000.0|0.0500025341284296
1782408897078880979|1426000.0|-0.0400031986557645
1782408897178877655|1424000.0|-0.0200006648220987
1782408897279124828|1429000.0|0.0498767182192759
1782408897378882783|1428000.0|-0.01002426322793
1782408897479293284|1426000.0|-0.0199182354443187
1782408897580343946|1430000.0|0.039584104852277
1782408897678901115|1432000.0|0.0202927906746185
1782408897779652769|1431000.0|-0.00992539536869539
1782408897879337348|1433000.0|0.0200632838104277
1782408897979745657|1427000.0|-0.0597560108297412
1782408898079763709|1436000.0|0.089983756132343
1782408898179769985|1434000.0|-0.0199987448787714
1782408898278961939|1431000.0|-0.0302443885720812
1782408898379541752|1431000.0|0.0
1782408898478944042|1427000.0|-0.0402405216217856
1782408898579668864|1425000.0|-0.019856078772718
1782408898679040370|1426000.0|0.0100632469029905
1782408898779780056|1429000.0|0.0297797235540321
1782408898878909385|1427000.0|-0.0201756636524797
1782408898979588974|1427000.0|0.0
1782408899078954688|1427000.0|0.0
1782408899179696662|1431000.0|0.0397053962829833
1782408899278977015|1428000.0|-0.0302174590374392
1782408899379973965|1429000.0|0.00990128909833416
1782408899478914831|1430000.0|0.0101070471730053
1782408899579171923|1431000.0|0.00997435672680392
1782408899678882710|1431000.0|0.0
1782408899779912012|1424000.0|-0.0692868292804794
1782408899879490127|1424000.0|0.0
1782408899979547586|1425000.0|0.00999425739964074
1782408900078964532|1431000.0|0.0603518840741698
1782408900179621401|1426000.0|-0.0496737088057051
1782408900279707181|1423000.0|-0.0299742880557058
1782408900379108255|1425000.0|0.02012050694744
1782408900478932002|1429000.0|0.0400706256798796
1782408900579606007|1427000.0|-0.0198661014827015
1782408900679411706|1430000.0|0.0300584037791269
1782408900779207965|1429000.0|-0.0100204156951414
1782408900878903504|1427000.0|-0.0200610781591742
1782408900979252692|1430000.0|0.0298956081239043
1782408901078885558|1431000.0|0.0100368486840477
1782408901179542059|1435000.0|0.0397391123301614
1782408901279037789|1435000.0|0.0
1782408901379522113|1433000.0|-0.0199036020782704
1782408901479004595|1429000.0|-0.0402080840725305
1782408901579490967|1430000.0|0.00995159821274073
1782408901679063178|1431000.0|0.0100429626896605
1782408901779586286|1435000.0|0.0397918456719424
1782408901878955776|1430000.0|-0.0503172553265595
1782408901979034739|1426000.0|-0.0399684397209432
1782408902079212583|1429000.0|0.0299467415170165
1782408902179594250|1432000.0|0.0298859352475189
1782408902279080876|1425000.0|-0.0703612161900033
1782408902379695297|1425000.0|0.0
1782408902479085394|1427000.0|0.0201227291286374
1782408902579795735|1432000.0|0.0496473346267391
1782408902679102152|1427000.0|-0.0503492135860667
1782408902779211787|1427000.0|0.0
1782408902879449807|1427000.0|0.0
1782408902979741683|1428000.0|0.00997089734366919
1782408903078950932|1425000.0|-0.0302391161130551
1782408903179183591|1429000.0|0.0399071524182552
1782408903278987353|1433000.0|0.0400786495402849
1782408903378885548|1430000.0|-0.0300305726244603
1782408903479033535|1427000.0|-0.029955669503372
1782408903579756660|1426000.0|-0.00992820665562154
1782408903679050037|1430000.0|0.0402846606778214
1782408903779661898|1429000.0|-0.00993918599716588
1782408903879034091|1431000.0|0.0201263546634218
1782408903979565327|1431000.0|0.0
1782408904079049025|1425000.0|-0.0603113889071554
1782408904179127876|1427000.0|0.019984242225163
1782408904278920918|1427000.0|0.0
1782408904379376826|1429000.0|0.0199092322175815
1782408904478934635|0.0|-14.3534697514285
1782408904579755920|1424000.0|14.1240016926981
1782408904678955441|1423000.0|-0.0100806938372213
1782408904779520069|1424000.0|0.00994385421482392
1782408904879248967|1429000.0|0.0501359194804298
1782408904979481642|1430000.0|0.00997678651198324
1782408905079154028|1423000.0|-0.0702300835860396
1782408905179381567|1424000.0|0.00997729775645793
1782408905279186561|1424000.0|0.0
1782408905378975267|1428000.0|0.0400846965587468
1782408905479371718|1428000.0|0.0
1782408905579043080|1418000.0|-0.10032972159044
1782408905679543660|1426000.0|0.079601530657833
1782408905779116910|1431000.0|0.0502142894803574
1782408905879542674|1430000.0|-0.0099576041064522
1782408905978879875|1435000.0|0.0503336106681725
1782408906079644023|1435000.0|0.0
1782408906179534457|1424000.0|-0.110120654796634
1782408906279155867|1419000.0|-0.0501900143754239
1782408906378972525|1425000.0|0.0601102072561876
1782408906478943759|1427000.0|0.0200057548554417
1782408906579602419|1422000.0|-0.0496728249710457
1782408906679749302|1422000.0|0.0
1782408906779292087|1423000.0|0.0100459315057339
1782408906879203465|1426000.0|0.0300266101824759
1782408906979361724|1427000.0|0.0099841991063363
1782408907079573887|1428000.0|0.00997882861783953
1782408907179686193|1425000.0|-0.0299663459954663
1782408907278893026|1427000.0|0.020159901687417
1782408907379026468|1421000.0|-0.0599200414982239
1782408907478907590|1419000.0|-0.0200238038975974
1782408907579573626|1426000.0|0.0695368594825766
1782408907678913418|1420000.0|-0.0603987574284432
1782408907779930287|1421000.0|0.00989933671375223
1782408907879274767|1418000.0|-0.0301979536256066
1782408907979246065|1424000.0|0.0600172261442479
1782408908079564964|1423000.0|-0.00996821147329378
1782408908178883924|1422000.0|-0.0100685709959105
1782408908279155847|1421000.0|-0.00997288144159757
1782408908378913320|1421000.0|0.0
1782408908480035774|1426000.0|0.0494450025906215
1782408908579565263|1425000.0|-0.0100472735271453
1782408908678899663|1420000.0|-0.0503350299594098
1782408908779718131|1424000.0|0.0396752706061751
1782408908879518805|1424000.0|0.0
1782408908979905816|1424000.0|0.0
1782408909079279385|1422000.0|-0.0201260759790161
1782408909179398427|1421000.0|-0.00998810995414838
1782408909278905611|1422000.0|0.010049525670428
1782408909378893085|1425000.0|0.030003758270761
1782408909478896816|1426000.0|0.00999962691391984
1782408909579103330|1424000.0|-0.0199587823202791
1782408909678963123|1417000.0|-0.0700982826992241
1782408909779708887|1422000.0|0.0496298782348804
1782408909878957464|1426000.0|0.0403028448458259
1782408909979092842|1426000.0|0.0
1782408910079038572|1423000.0|-0.0300162898404964
1782408910179566399|1424000.0|0.00994749443852994
1782408910279404640|1420000.0|-0.0400648084334739
1782408910378901377|1420000.0|0.0
1782408910479051363|1420000.0|0.0
1782408910579387381|1418000.0|-0.0199330214599507
1782408910679534343|1422000.0|0.0399413014645417
1782408910778892039|1422000.0|0.0
1782408910879645771|1423000.0|0.0099251906619201
1782408910978904523|1425000.0|0.0201493567035781
1782408911078965069|1422000.0|-0.0299818471907999
1782408911178911838|1423000.0|0.0100053259350485
1782408911280089970|1425000.0|0.0197671172660116
1782408911378906017|1426000.0|0.0101198138395477
1782408911479704693|1424000.0|-0.0198415304581977
1782408911578906020|1426000.0|0.0201610206282825
1782408911679308951|1432000.0|0.0597592116110634
1782408911778898055|1433000.0|0.0100412591321235
1782408911879564650|1428000.0|-0.0496689095325018
1782408911978895834|1429000.0|0.0100673319266989
1782408912079744862|1427000.0|-0.0198316239597272
1782408912178949853|1426000.0|-0.010080138004347
1782408912279545440|1426000.0|0.0
1782408912378891152|1425000.0|-0.0100658597121937
1782408912479447138|1428000.0|0.0298341264338057
1782408912579864293|1426000.0|-0.0199169155907673
1782408912678939860|1425000.0|-0.010093305850069
1782408912780083064|1425000.0|0.0
1782408912879564344|1421000.0|-0.0402085698937529
1782408912979480329|1423000.0|0.0200168171289109
1782408913078905593|1421000.0|-0.0201156116618408
1782408913179744733|1422000.0|0.00991678429625639
1782408913278894443|1425000.0|0.0302572745800265
1782408913379032717|1422000.0|-0.029958575079894
1782408913479396799|1427000.0|0.04981861937421
1782408913578909615|1423000.0|-0.0401958276409342
1782408913679773026|1426000.0|0.0297431939913275
1782408913779197938|1422000.0|-0.0402313657567029
1782408913879088435|1421000.0|-0.0100109623040518
1782408913978898820|1419000.0|-0.0200379950443033
1782408914079055701|1422000.0|0.0299530094192929
1782408914179366455|1422000.0|0.0
1782408914279001351|1418000.0|-0.0401465767576051
1782408914379088777|1424000.0|0.0599475902197745
1782408914479351706|1423000.0|-0.00997377605036853
1782408914579642588|1422000.0|-0.00997099616692971
1782408914679477485|1421000.0|-0.0100165376040805
1782408914779834463|1415000.0|-0.0597865750800109
1782408914879200030|1421000.0|0.060383090250972
1782408914979594192|1421000.0|0.0
1782408915078883823|1417000.0|-0.0402861805378247
1782408915179113905|1419000.0|0.0199540892324123
1782408915278884593|1416000.0|-0.0300689517145557
1782408915378887970|1419000.0|0.0299989869342112
1782408915479314004|1416000.0|-0.0298727320049301
1782408915579370069|1422000.0|0.0599663798491376
1782408915679479686|1422000.0|0.0
1782408915779844231|1417000.0|-0.0498183895518084
1782408915879478055|1421000.0|0.0401470087106162
1782408915979485544|1419000.0|-0.0199985023121618
1782408916078905192|1419000.0|0.0
1782408916179604250|1418000.0|-0.00993057948963137
1782408916279828348|1422000.0|0.0399105612304937
1782408916378916746|1424000.0|0.0201839977269589
1782408916479485836|1420000.0|-0.0397736521231325
1782408916579163228|1420000.0|0.0
1782408916679090749|1421000.0|0.0100072531570157
1782408916779032542|1420000.0|-0.0100058240900281
1782408916879745312|1417000.0|-0.0297876823366094
1782408916979079615|1420000.0|0.0302010474669561
1782408917079530193|1419000.0|-0.00995514430987147
1782408917179054272|1424000.0|0.0502390984195895
1782408917279630386|1420000.0|-0.0397708744245179
1782408917378894913|1420000.0|0.0
1782408917479144898|1419000.0|-0.00997506383666791
1782408917578982834|1419000.0|0.0
1782408917679569620|1416000.0|-0.0298249911275622
1782408917779066243|1421000.0|0.0502529618517806
1782408917879712853|1425000.0|0.0397430176734219
1782408917979064324|1418000.0|-0.0704569336472129
1782408918079053076|1418000.0|0.0
1782408918179146021|1417000.0|-0.00999071413075117
1782408918278980949|1423000.0|0.0600992069629178
1782408918378934357|1420000.0|-0.0300139841154791
1782408918479774104|1418000.0|-0.019833449205302
1782408918578875990|1421000.0|0.0302718759560237
1782408918679328839|1420000.0|-0.00995491924773582
1782408918779040407|1420000.0|0.0
1782408918879636409|1420000.0|0.0
1782408918979474249|1422000.0|0.0200324846771525
1782408919079032040|1419000.0|-0.030133251952125
1782408919179240265|1418000.0|-0.00997922076755675
1782408919279632890|1425000.0|0.0697262373605631
1782408919379056361|1423000.0|-0.0201159744261996
1782408919479724075|1423000.0|0.0
1782408919579809067|1426000.0|0.0299745240525173
1782408919679295082|1422000.0|-0.0402066561817759
1782408919779325339|1421000.0|-0.00999697521520913
1782408919879454651|1421000.0|0.0
1782408919979021034|1425000.0|0.0401742021702245
1782408920078991434|1422000.0|-0.0300088826292583
1782408920179360955|1422000.0|0.0
1782408920278955035|1422000.0|0.0
1782408920378919323|1418000.0|-0.0400142899032102
1782408920479358300|1423000.0|0.0497814707929572
1782408920579893821|1415000.0|-0.0795738652411221
1782408920678909467|1420000.0|0.0504970699277163
1782408920779188188|1422000.0|0.0199444107389443
1782408920878919563|1421000.0|-0.0100269348537509
1782408920979453773|1424000.0|0.0298405885916844
1782408921079548749|1423000.0|-0.00999051141188145
1782408921179138844|1418000.0|-0.0502057960683741
1782408921278932155|1421000.0|0.0300621351264716
1782408921378873163|1421000.0|0.0
1782408921479564733|1424000.0|0.0297939539526497
1782408921579074779|1424000.0|0.0
1782408921678876971|1421000.0|-0.0300594600166698
1782408921778862603|1418000.0|-0.0300043110194073
1782408921878939771|1417000.0|-0.00999228915030849
1782408921978873306|1419000.0|0.0200133018410687
1782408922079500748|1425000.0|0.05962588217238
1782408922178900682|1422000.0|-0.0301811065588836
1782408922279166267|1435000.0|0.129655654031241
1782408922379012938|1426000.0|-0.0901382080129642
1782408922478926729|1425000.0|-0.0100086283384043
1782408922578871961|1427000.0|0.020010959602355
1782408922679026345|1422000.0|-0.0499229269883982
1782408922778873336|0.0|-14.2417912223314
1782408922879066521|1422000.0|14.1925820603467
1782408922978891464|1420000.0|-0.0200350727973869
1782408923079020744|1424000.0|0.0399483547669573
1782408923179019143|1425000.0|0.0100001601025632
1782408923278931783|1425000.0|0.0
1782408923378909622|1422000.0|-0.0300066497736563
1782408923479648695|1416000.0|-0.0595598095289203
1782408923578935638|1417000.0|0.0100718178018634
1782408923678949189|1415000.0|-0.0199972901672094
1782408923779105029|1417000.0|0.019968880496634
1782408923879086596|1420000.0|0.0300055309195144
1782408923978934628|1422000.0|0.0200304398588447
1782408924078886851|1420000.0|-0.0200095599674657
1782408924179075395|1417000.0|-0.0299435432458226
1782408924279335507|1417000.0|0.0
1782408924378901121|1426000.0|0.09039265302979
1782408924479147425|1421000.0|-0.049877150583028
1782408924578902688|1423000.0|0.0200490674862939
1782408924678873903|1425000.0|0.0200057586576296
1782408924778889135|1415000.0|-0.0999847703197849
1782408924879231055|1416000.0|0.00996592451091229
1782408924979019838|1419000.0|0.0300634992211499
1782408925079844064|1419000.0|0.0
1782408925178968988|1417000.0|-0.020176560236253
1782408925278947739|1416000.0|-0.010002125351616
1782408925378925547|1419000.0|0.0300066590777825
1782408925478944250|1416000.0|-0.0299943901492104
1782408925578984570|1416000.0|0.0
1782408925678985161|1413000.0|-0.0299998227010478
1782408925778958840|1415000.0|0.0200052655859549
1782408925878958599|1414000.0|-0.0100000241000581
1782408925978956486|1416000.0|0.0200004226089297
1782408926078913397|1412000.0|-0.0400172430298491
1782408926179407254|1416000.0|0.0398034279846578
1782408926278956403|1414000.0|-0.0200905785744085
1782408926378948930|1417000.0|0.0300022420675497
1782408926478904290|1415000.0|-0.0200089319872391
1782408926579189697|1419000.0|0.0398861621013315
1782408926679076464|1416000.0|-0.0300340084087415
1782408926779056607|1413000.0|-0.0300059582831363
1782408926879449167|1418000.0|0.0498044875038549
1782408926978899629|1412000.0|-0.0603315447644678
1782408927079567726|1413000.0|0.00993363369131732
1782408927178905099|1416000.0|0.0302001141101245
1782408927279088827|1417000.0|0.00998166089407254
1782408927379156985|1415000.0|-0.0199863776846977
1782408927478892968|1417000.0|0.0200529431789929
1782408927579499720|1415000.0|-0.0198793814554315
1782408927678913750|1416000.0|0.0100589423846916
1782408927778936373|1414000.0|-0.0199954764233687
1782408927878902787|1414000.0|0.0
1782408927979553604|1415000.0|0.00993533912397353
1782408928078892177|1413000.0|-0.020133166197183
1782408928178957792|1410000.0|-0.0299803284075154
1782408928278900367|1410000.0|0.0
1782408928378908813|1414000.0|0.0399966218853156
1782408928478916412|1411000.0|-0.0299977204732212
1782408928579482300|1419000.0|0.0795498370182939
1782408928678918841|1417000.0|-0.0201133303701705
1782408928778983112|1411000.0|-0.0599614621686496
1782408928878907415|1414000.0|0.0300227263031297
1782408928978919189|1418000.0|0.039995290954443
1782408929078995348|1416000.0|-0.0199847797915585
1782408929178927155|1418000.0|0.0200136479069172
1782408929278966993|1415000.0|-0.0299880533593027
1782408929378926448|1411000.0|-0.0400162245782553
1782408929479436128|1420000.0|0.0895436141076163
1782408929579462878|1421000.0|0.00999732571537114
1782408929679470653|1417000.0|-0.0399968902417837
1782408929778913258|1417000.0|0.0
1782408929879040025|1420000.0|0.0299620180485804
1782408929979114280|1415000.0|-0.0499629000485689
1782408930078879749|1417000.0|0.020047016468193
1782408930178890084|1417000.0|0.0
1782408930278884338|1416000.0|-0.0100005746330184
1782408930378891953|1412000.0|-0.0399969542319352
1782408930479329616|1411000.0|-0.00995642441421601
1782408930578942974|1412000.0|0.0100388142722786
1782408930679055916|1412000.0|0.0
1782408930779030155|1418000.0|0.0600154605828007
1782408930879050265|1415000.0|-0.0299939682129924
1782408930979130104|1416000.0|0.00999202246918083
1782408931079172166|1415000.0|-0.00999579556846799
1782408931178983668|1417000.0|0.0200377707971973
1782408931278900626|1414000.0|-0.0300249333051152
1782408931378903776|1413000.0|-0.00999968500992219
1782408931479050735|1413000.0|0.0
1782408931579069229|1413000.0|0.0
1782408931679002076|1408000.0|-0.0500335990627786
1782408931778942810|1413000.0|0.0500296505727084
1782408931878963656|1414000.0|0.00999791583446515
1782408931978957958|1415000.0|0.0100005698324691
1782408932078943428|1409000.0|-0.0600087192669095
1782408932179309683|1412000.0|0.0298905244596403
1782408932279038305|1414000.0|0.0200544232928437
1782408932379125791|1414000.0|0.0
1782408932479066061|1411000.0|-0.0300179297094154
1782408932579268923|1413000.0|0.0199595097393526
1782408932679039689|1413000.0|0.0
1782408932778961575|1413000.0|0.0
1782408932879067493|1415000.0|0.0199788388135055
1782408932979048691|1418000.0|0.0300056416607451
1782408933079104098|1412000.0|-0.0599667742094138
1782408933179291040|1419000.0|0.0698693847747145
1782408933279080269|1413000.0|-0.060126729709476
1782408933379038139|1417000.0|0.04001685910274
1782408933479065865|1419000.0|0.019994456337036
1782408933579254344|1421000.0|0.019962375115007
1782408933679066949|1419000.0|-0.0200375493656337
1782408933779053747|1419000.0|0.0
1782408933878951185|1415000.0|-0.0400410669190535
1782408933979162031|1411000.0|-0.0399158390499966
1782408934079077453|1416000.0|0.0500423247974672
1782408934179056602|1421000.0|0.0500104276742744
1782408934279074952|1420000.0|-0.00999816533666072
1782408934379070374|1423000.0|0.0300013734628771
1782408934479010372|1422000.0|-0.0100060038024015
1782408934579100066|1419000.0|-0.0299731159134126
1782408934679060319|1418000.0|-0.0100039762804522
1782408934779057613|1416000.0|-0.0200005412146453
1782408934879090603|1418000.0|0.0199934041759624
1782408934978984553|1417000.0|-0.0100106162585422
1782408935079063574|1421000.0|0.0399684165575521
1782408935179184452|1425000.0|0.0399517071754005
1782408935278967201|1418000.0|-0.0701524068053086
1782408935379059871|1416000.0|-0.019981483159556
1782408935479163565|1420000.0|0.0399585653652302
1782408935579034938|1421000.0|0.0100128792662138
1782408935678972391|1424000.0|0.030018775843727
1782408935779294294|1424000.0|0.0
1782408935879143875|1423000.0|-0.0100150645599604
1782408935979450962|1424000.0|0.00996938531372165
1782408936079079230|1422000.0|-0.0200746238005462
1782408936178879835|1424000.0|0.0200399586756012
1782408936279631883|1425000.0|0.00992535655453872
1782408936378885318|1423000.0|-0.0201504361032946
1782408936479639734|1428000.0|0.0496256164097066
1782408936579945172|1426000.0|-0.0199390984165784
1782408936679079695|1425000.0|-0.0100873032898943
1782408936779221405|1424000.0|-0.00998584905330656
1782408936879067882|1422000.0|-0.020030751811103
1782408936979321224|1426000.0|0.0398989192799179
1782408937078958132|1427000.0|0.0100364415162301
1782408937178884593|1421000.0|-0.0600441558717866
1782408937278889054|1423000.0|0.0199991078397993
1782408937378890876|1423000.0|0.0
1782408937479738139|1422000.0|-0.00991598552357341
1782408937578897190|1427000.0|0.050424040464042
1782408937678892212|1426000.0|-0.0100004978247817
1782408937778898305|1420000.0|-0.0599963444227343
1782408937878898174|1421000.0|0.0100000131000172
1782408937979346220|1426000.0|0.0497769762489954
1782408938079075689|1421000.0|-0.0501356324277632
1782408938179526008|1420000.0|-0.00995516997810629
1782408938278882195|1425000.0|0.0503239924052238
1782408938378883232|1429000.0|0.0399995852043014
1782408938479837391|1424000.0|-0.0495274295732581
1782408938578994890|1424000.0|0.0
1782408938679711337|1422000.0|-0.0198577298899355
1782408938779032293|1419000.0|-0.0302051059597131
1782408938879037458|1422000.0|0.0299984505800275
1782408938979270591|1425000.0|0.0299302227737409
1782408939078931212|1424000.0|-0.0100340534703271
1782408939179429082|1420000.0|-0.0398018385862307
1782408939278889733|1421000.0|0.0100542273748037
1782408939378942163|1419000.0|-0.0199895194949288
1782408939479269152|1424000.0|0.0498370383666154
1782408939578974781|1419000.0|-0.0501476200506192
1782408939679053850|1420000.0|0.00999209934696735
1782408939779166887|1419000.0|-0.00998870906293653
1782408939878887379|1418000.0|-0.010028029143699
1782408939978893216|1417000.0|-0.00999941633406858
1782408940079352319|1415000.0|-0.01990859902462
1782408940179584092|1418000.0|0.0299306288835178
1782408940278899319|1422000.0|0.0402757977887922
1782408940378936980|1419000.0|-0.0299887059534509
1782408940479564018|1415000.0|-0.0397507477065955
1782408940578918445|1420000.0|0.0503248838624976
1782408940679058235|1418000.0|-0.0199720810279311
1782408940778891159|1415000.0|-0.0300502066833182
1782408940878884180|1418000.0|0.0300020938461295
1782408940978883072|1417000.0|-0.0100001108012277
1782408941078886701|1416000.0|-0.00999963711316916
1782408941178885082|1416000.0|0.0
1782408941279431127|1417000.0|0.00994569204586814
1782408941378891251|0.0|-14.2469156784884
1782408941478888800|1417000.0|14.1703473152127
1782408941579089117|1418000.0|0.00998000834668018
1782408941679284730|1416000.0|-0.0199609537794833
1782408941778902453|1420000.0|0.0401534975859667
1782408941878901250|1422000.0|0.0200002406028945
1782408941979462176|1422000.0|0.0
1782408942079161995|1415000.0|-0.0702107593595531
1782408942178885128|1416000.0|0.0100277635681583
1782408942278890292|1418000.0|0.019998967253331
1782408942378888273|1419000.0|0.0100002019040764
1782408942479513519|1423000.0|0.0397514556138327
1782408942579155659|1420000.0|-0.0301077435711437
1782408942679174711|1423000.0|0.0299942854887287
1782408942778901091|1423000.0|0.0
1782408942878925184|1422000.0|-0.00999759128033283
1782408942978952348|1421000.0|-0.00999728433768251
1782408943078883656|1422000.0|0.0100068739218344
1782408943178885077|1422000.0|0.0
1782408943278884497|1422000.0|0.0
1782408943378892157|1416000.0|-0.0599954043520266
1782408943479037914|1417000.0|0.00998544551418189
1782408943579481880|1417000.0|0.0
1782408943679061395|1418000.0|0.0100422260542241
1782408943779275968|1420000.0|0.0199571772859822
1782408943879230028|1418000.0|-0.0200091922229072
1782408943978964456|1418000.0|0.0
1782408944078963156|1418000.0|0.0
1782408944178946912|1420000.0|0.0200032493278208
1782408944278982940|1418000.0|-0.0199927969950986
1782408944378886888|1417000.0|-0.010009614434857
1782408944479416582|1420000.0|0.0298419290921148
1782408944578922705|1416000.0|-0.0401985313004306
1782408944678880237|1417000.0|0.0100042486042973
1782408944778958473|1420000.0|0.0299765475482601
1782408944878892534|1417000.0|-0.0300197947524618
1782408944978930610|1419000.0|0.0199923876984599
1782408945078943502|1413000.0|-0.0599922657970934
1782408945178954410|1413000.0|0.0
1782408945278953206|1411000.0|-0.0200002408028993
1782408945378911218|1415000.0|0.0400168022549308
1782408945478965391|1415000.0|0.0
1782408945579014075|1417000.0|0.0199902679379571
1782408945679458200|1418000.0|0.00995578387486575
1782408945779183027|1416000.0|-0.0200551864582327
1782408945879542896|1416000.0|0.0
1782408945979551180|1417000.0|0.00999917166861897
1782408946079212007|1416000.0|-0.0100340327298307
1782408946179542580|1413000.0|-0.02990115485536
1782408946279035455|1414000.0|0.0100509709866159
1782408946378961994|1422000.0|0.0800588120038862
1782408946479568951|1423000.0|0.00993967047427943
1782408946578987842|1422000.0|-0.0100584505614733
1782408946678902894|1425000.0|0.0300255060668937
1782408946779197946|1427000.0|0.0199411631991576
1782408946879143894|1423000.0|-0.040021632492795
1782408946979497058|1416000.0|-0.0697536552011454
1782408947079485694|1412000.0|-0.0400045461166207
1782408947179016473|1416000.0|0.0401885732251729
1782408947279674550|1420000.0|0.039738490136266
1782408947378934384|1412000.0|-0.0805965482473001
1782408947478966588|1419000.0|0.0699774644573462
1782408947579024312|1421000.0|0.0199884618602758
1782408947678954004|1413000.0|-0.0800562859735423
1782408947779187744|1422000.0|0.0897901245628468
1782408947879058091|1411000.0|-0.110142803448956
1782408947978913543|1416000.0|0.0500723786218503
1782408948079381907|1422000.0|0.0597202916532014
1782408948179463791|1421000.0|-0.00999181829950363
1782408948279606683|1421000.0|0.0
1782408948378895733|1425000.0|0.0402864162765179
1782408948478881137|1417000.0|-0.0800116785045945
1782408948578944860|1421000.0|0.0399745270321393
1782408948678992904|1412000.0|-0.0899567811640575
1782408948779153764|1417000.0|0.0499196991719121
1782408948878903663|1415000.0|-0.0200501456146838
1782408948979056827|1419000.0|0.0399388280933391
1782408949079046407|1415000.0|-0.0400041684343509
1782408949179228978|1416000.0|0.00998177617142607
1782408949279042461|1421000.0|0.0500934327679959
1782408949378916808|1421000.0|0.0
1782408949479182500|1423000.0|0.0199470024103559
1782408949579304256|1420000.0|-0.0299635176194872
1782408949679369756|1421000.0|0.00999345428744173
1782408949779413336|1421000.0|0.0
1782408949879764196|1419000.0|-0.0199300733446629
1782408949979538239|1417000.0|-0.020045293744386
1782408950079184153|1420000.0|0.0301066032672449
1782408950179269061|1420000.0|0.0
1782408950279562609|1416000.0|-0.0398829244728684
1782408950378905755|1418000.0|0.0201322394199193
1782408950478939574|1419000.0|0.0099966192433381
1782408950578931793|1417000.0|-0.0200015563210973
1782408950678932077|1420000.0|0.029999914800242
1782408950778893736|1422000.0|0.0200076711411922
1782408950879024963|1423000.0|0.00998689449795717
1782408950978900062|1415000.0|-0.0801000457581524
1782408951079085882|1416000.0|0.00998145246502948
1782408951178909604|1414000.0|-0.020035317857613
1782408951279330065|1418000.0|0.0398325197889701
1782408951378957099|1417000.0|-0.0100374362243887
1782408951478964502|1417000.0|0.0
1782408951578940721|1419000.0|0.020004757331341
1782408951678963964|1414000.0|-0.0499883812005576
1782408951778953911|1422000.0|0.0800080432085838
1782408951879375779|1420000.0|-0.0199159808499081
1782408951979200494|1421000.0|0.0100175592787818
1782408952079357577|1415000.0|-0.059905898018216
1782408952179355956|1416000.0|0.0100001621026277
1782408952279497407|1420000.0|0.0399434995204933
1782408952379137529|1419000.0|-0.0100361177799441
1782408952479234548|1421000.0|0.0199806150071262
1782408952578906895|1420000.0|-0.0100328730094015
1782408952678890922|1423000.0|0.0300047926655325
1782408952779987304|1416000.0|-0.0692408557212265
1782408952879343329|1413000.0|-0.0301944446750965
1782408952979199515|1413000.0|0.0
1782408953079074486|1418000.0|0.0500625927591008
1782408953180454388|1423000.0|0.0493194400602202
1782408953279031179|1420000.0|-0.0304331270024807
1782408953379132134|1422000.0|0.0199798293632663
1782408953479669330|1424000.0|0.0198931348751759
1782408953579617277|1420000.0|-0.0400208320437037
1782408953680376074|1422000.0|0.0198493834736832
1782408953779481571|1426000.0|0.0403610306298146
1782408953879254925|1418000.0|-0.0801817286807859
1782408953979160263|1421000.0|0.0300284255081545
1782408954079770627|1423000.0|0.0198786677682629
1782408954179036588|1422000.0|-0.0100739466975996
1782408954279016887|1422000.0|0.0
1782408954379022481|1417000.0|-0.0499972031564554
1782408954479265820|1416000.0|-0.00997572517012826
1782408954579042278|1422000.0|0.0601344256978936
1782408954678890721|1424000.0|0.020030357408778
1782408954778890572|1425000.0|0.0100000149000222
1782408954878916839|1421000.0|-0.0399894959590964
1782408954979560882|1421000.0|0.0
1782408955078907867|1418000.0|-0.0301971921946096
1782408955178921382|1421000.0|0.0299959460478916
1782408955279050737|1417000.0|-0.0399483248443975
1782408955378970411|1422000.0|0.0500401952872664
1782408955478974054|1419000.0|-0.0299989071398129
1782408955578908960|1422000.0|0.0300195409199664
1782408955679612220|1418000.0|-0.0397206604830866
1782408955778905957|1422000.0|0.0402845146215013
1782408955879034928|1418000.0|-0.0399484780483762
1782408955979443227|1418000.0|0.0
1782408956078915860|1414000.0|-0.0402120651616812
1782408956179564112|1415000.0|0.00993559232404752
1782408956278926441|1420000.0|0.0503208816693498
1782408956379906869|1418000.0|-0.0198058182126144
1782408956479467215|1421000.0|0.0301324786476736
1782408956578919096|1422000.0|0.0100551139902522
1782408956679674724|1421000.0|-0.00992500389159403
1782408956778898157|1428000.0|0.0705478513326585
1782408956879485464|1421000.0|-0.0695912855088167
1782408956978897729|1423000.0|0.0201182419493208
1782408957079361165|1426000.0|0.0298616105465475
1782408957179503479|1426000.0|0.0
1782408957278976416|1426000.0|0.0
1782408957378955338|1424000.0|-0.0200042164887515
1782408957478987092|1425000.0|0.00999682560799644
1782408957579067710|1417000.0|-0.0799355575522126
1782408957679315737|1420000.0|0.0299257759955715
1782408957779776372|1424000.0|0.0398165908467531
1782408957879473022|1420000.0|-0.040121709204873
1782408957979783593|1422000.0|0.0199380781114286
1782408958079431954|1420000.0|-0.0200705759726444
1782408958179526876|1420000.0|0.0
1782408958279324230|1421000.0|0.0100203057487877
1782408958379957442|1420000.0|-0.00993707723450187
1782408958478913097|1421000.0|0.010105536666904
1782408958579839909|1426000.0|0.0495408494622816
1782408958679498239|1419000.0|-0.0702399889703149
1782408958780175722|1422000.0|0.0297981227838205
1782408958879591075|1421000.0|-0.0100588085222611
1782408958979447325|1419000.0|-0.0200287913876197
1782408959079314262|1417000.0|-0.0200266480587064
1782408959179757345|1422000.0|0.0497794357825516
1782408959279315226|1418000.0|-0.0401776329490179
1782408959380067398|1425000.0|0.0694774103728503
1782408959478882173|1423000.0|-0.0202398882150974
1782408959579446792|1423000.0|0.0
1782408959679204689|1425000.0|0.0200485381122258
1782408959779286971|1422000.0|-0.029975335694284
1782408959879346390|0.0|-14.2115556357568
1782408959979424832|1425000.0|14.2388307763624
1782408960079443929|1415000.0|-0.0999809066462578
1782408960179093634|1425000.0|0.10035152637933
1782408960278910412|1420000.0|-0.0500917791596118
1782408960380431209|1419000.0|-0.00985019847706672
1782408960479655681|1422000.0|0.0302344768334973
1782408960578886809|1417000.0|-0.0503874147233316
1782408960679016675|1415000.0|-0.0199740604866085
1782408960779457629|1416000.0|0.00995609818680137
1782408960879462359|1423000.0|0.0699966891566029
1782408960979050048|1423000.0|0.0
1782408961079626187|1420000.0|-0.0298281484040663
1782408961178923619|1420000.0|0.0
1782408961279506590|1416000.0|-0.0397681631416515
1782408961379275607|1416000.0|0.0
1782408961478925664|1419000.0|0.0301053515704462
1782408961578942410|1412000.0|-0.0699882797626709
1782408961679105668|1413000.0|0.00998370080973205
1782408961780004975|1413000.0|0.0
1782408961879486968|1413000.0|0.0
1782408961978883680|1411000.0|-0.0201213899308862
1782408962079591899|1411000.0|0.0
1782408962178973507|1413000.0|0.0201244479763298
1782408962279096941|1418000.0|0.049938359085846
1782408962379273031|1410000.0|-0.0798593756254611
1782408962479527649|1414000.0|0.0398984114627019
1782408962579252921|1414000.0|0.0
1782408962679464707|1418000.0|0.0399154646340701
1782408962780022958|1420000.0|0.0198889696281611
1782408962879339621|1424000.0|0.0402752154489927
1782408962979389263|1424000.0|0.0
1782408963078887239|1422000.0|-0.0201009113994439
1782408963179057217|1419000.0|-0.0299490931304787
1782408963279689467|1419000.0|0.0
1782408963379069955|1422000.0|0.0301870121627899
1782408963479165069|1419000.0|-0.0299714929142296
1782408963579375959|1417000.0|-0.019957910761994
1782408963679301472|1420000.0|0.0300223627573471
1782408963779480169|1417000.0|-0.0299464865269709
1782408963879117377|1422000.0|0.050182056486368
1782408963979482987|1418000.0|-0.0398542887349561
1782408964079338068|1415000.0|-0.0300435387959878
1782408964179307293|1416000.0|0.0100030784473922
1782408964279236374|1419000.0|0.0300212907992219
1782408964379691696|1414000.0|-0.0497733708921863
1782408964479459961|1417000.0|0.0300696819775306
1782408964578976849|1418000.0|0.0100485457302483
1782408964679384571|1421000.0|0.0298781800865874
1782408964779065571|1423000.0|0.0200640041733129
1782408964879666958|1420000.0|-0.0298206624129347
1782408964979119158|1417000.0|-0.0301652452132783
1782408965079181407|1416000.0|-0.00999377897252739
1782408965179250872|1419000.0|0.0299791749661098
1782408965279169361|1422000.0|0.0300244732483895
1782408965379811147|1422000.0|0.0
1782408965479042818|1421000.0|-0.0100774278002433
1782408965579273196|1418000.0|-0.0299310454560991
1782408965679364341|1416000.0|-0.0199817875996923
1782408965779302062|1421000.0|0.0500311589054547
1782408965879315511|1422000.0|0.00999865528085128
1782408965979277503|1422000.0|0.0
1782408966079041848|1416000.0|-0.0601417269867306
1782408966180081779|1423000.0|0.0692795405808422
1782408966279751947|1420000.0|-0.0300992770474712
1782408966378909762|1422000.0|0.0201698675994424
1782408966479233499|1422000.0|0.0
1782408966579729686|1421000.0|-0.00995062628595053
1782408966679265182|1419000.0|-0.0200933343417508
1782408966779128343|1420000.0|0.01001370265057
1782408966878888159|1417000.0|-0.0300722286817369
1782408966979161704|1422000.0|0.0498636006137013
1782408967079141777|1420000.0|-0.0200039861943289
1782408967178919033|1425000.0|0.0501116206282522
1782408967279227058|1423000.0|-0.0199385841760916
1782408967379412907|1421000.0|-0.0199628991515558
1782408967479822085|1417000.0|-0.0398369957774179
1782408967578884572|1418000.0|0.010094638548697
1782408967679251349|1419000.0|0.00996345633376271
1782408967778915229|1416000.0|-0.0301011760730166
1782408967878884598|1421000.0|0.0500153201927282
1782408967979442912|1419000.0|-0.0198889571676788
1782408968079792201|1416000.0|-0.0298955780344393
1782408968179433425|1414000.0|-0.0200720135673966
1782408968278931624|1419000.0|0.0502521658708616
1782408968379037905|1421000.0|0.0199787663673172
1782408968479641099|1422000.0|0.00994004226148128
1782408968579494707|1425000.0|0.0300439819861091
1782408968679283243|1423000.0|-0.0200423824235682
1782408968779656628|1424000.0|0.00996280039773492
1782408968878891611|1422000.0|-0.0201541829255919
1782408968978956244|1422000.0|0.0
1782408969078889084|1419000.0|-0.0300201615404906
1782408969179210933|1421000.0|0.0199358367089107
1782408969279224782|1421000.0|0.0
1782408969379298742|1422000.0|0.00999260946603892
1782408969478920894|1421000.0|-0.0100379281106074
1782408969579816712|1418000.0|-0.0297336406946024
1782408969679402000|1420000.0|0.0200832878045199
1782408969778977607|1420000.0|0.0
1782408969879519121|1417000.0|-0.0298384207741292
1782408969979284329|1421000.0|0.0400941378280893
1782408970079590178|1420000.0|-0.00996950835838098
1782408970179844363|1418000.0|-0.0199492918924033
1782408970278902929|1417000.0|-0.0100950381211858
1782408970378971929|1417000.0|0.0
1782408970479028514|1428000.0|0.109937791700566
1782408970579380875|1427000.0|-0.0099648876223251
1782408970679669236|1427000.0|0.0
1782408970779794044|1423000.0|-0.0399501390304788
1782408970878896131|1421000.0|-0.020181209705503
1782408970979638765|1423000.0|0.019852568079568
1782408971078923827|1425000.0|0.0201440172339319
1782408971179752909|1422000.0|-0.0297533205747128
1782408971279414404|1423000.0|0.0100339654748306
1782408971379409773|1419000.0|-0.0400018524857886
1782408971479083956|1423000.0|0.0401307528148989
1782408971579449117|1419000.0|-0.0398544670296499
1782408971678954436|1419000.0|0.0
1782408971779895022|1422000.0|0.0297204535745414
1782408971878889732|1420000.0|-0.0202030997413902
1782408971979535597|1420000.0|0.0
1782408972078896692|1422000.0|0.020128602648753
1782408972179828190|1419000.0|-0.0297231296418488
1782408972279522742|1415000.0|-0.0401225535373287
1782408972379713918|1419000.0|0.0399236755140992
1782408972479148164|1422000.0|0.0301706918962306
1782408972579257789|1424000.0|0.0199780990089614
1782408972679386293|1423000.0|-0.00998716609208503
1782408972779419837|1427000.0|0.0399865868992905
1782408972879759334|1427000.0|0.0
1782408972979748782|1420000.0|-0.0700073871794952
1782408973078974484|1421000.0|0.0100780340158238
1782408973179511165|1423000.0|0.0198932367779278
1782408973279338100|1425000.0|0.0200346730068393
1782408973379156555|1420000.0|-0.0500909375926526
1782408973478947603|1428000.0|0.0801675116188779
1782408973579450556|1422000.0|-0.0596997383748515
1782408973679523860|1423000.0|0.00999267496954033
1782408973779544811|1423000.0|0.0
1782408973879433683|1415000.0|-0.0800890013053706
1782408973979708587|1418000.0|0.0299177548950832
1782408974079413474|1417000.0|-0.0100295986494624
1782408974179496761|1417000.0|0.0
1782408974279558641|1415000.0|-0.0199876316535328
1782408974379600265|1417000.0|0.019991678663673
1782408974479671457|1421000.0|0.0399715434587808
1782408974579112391|1416000.0|-0.0502811045600195
1782408974678963230|1418000.0|0.0200298767644807
1782408974779295383|1415000.0|-0.0299006839811361
1782408974879559967|1415000.0|0.0
1782408974979493367|1417000.0|0.0200133288770321
1782408975079252062|1419000.0|0.0200483777379004
1782408975179215973|1421000.0|0.0200072204057722
1782408975278900300|1418000.0|-0.0300950017950164
1782408975379140196|1422000.0|0.0399042712494434
1782408975478899899|1426000.0|0.0400963503269451
1782408975579055587|1419000.0|-0.0698911878075262
1782408975679044698|1417000.0|-0.0200021780371665
1782408975778934002|1423000.0|0.0600664912031022
1782408975880172012|1421000.0|-0.0197554258524046
1782408975978910368|1425000.0|0.0405111059373928
1782408976078911128|1420000.0|-0.049999620002888
1782408976178912511|1423000.0|0.029999585105738
1782408976278940790|1422000.0|-0.00999717289947576
1782408976379033070|1423000.0|0.00999078050774745
1782408976479036181|1422000.0|-0.00999968890967802
1782408976579679646|1427000.0|0.0496803244999564
1782408976679694565|1425000.0|-0.0199970166450867
1782408976778938363|1423000.0|-0.0201523927973817
1782408976879611091|1429000.0|0.0595990604327321
1782408976978940698|1423000.0|-0.0604049505602091
1782408977079403234|1419000.0|-0.0398158374182392
1782408977178961048|1423000.0|0.0401776599875927
1782408977278918095|1423000.0|0.0
1782408977378879462|1428000.0|0.0500193239654276
1782408977478872941|1422000.0|-0.0600039128551573
1782408977578883621|1423000.0|0.00999893211405022
1782408977678872172|1424000.0|0.0100011450310946
1782408977778869251|1419000.0|-0.0500014605426625
1782408977878886442|1422000.0|0.0299948435864391
1782408977978891954|1420000.0|-0.0199988976607609
1782408978078874889|1420000.0|0.0
1782408978178891648|0.0|-14.1976206207602
1782408978279775721|1418000.0|14.0557370240196
1782408978379247614|1419000.0|0.0100530910776977
1782408978479268358|1418000.0|-0.00999792603022429
1782408978578902252|1412000.0|-0.0602204707566684
1782408978679292180|1414000.0|0.0199223173065728
1782408978778882378|1414000.0|0.0
1782408978879005665|1420000.0|0.0599261188858093
1782408978978897592|1419000.0|-0.0100108189924097
1782408979079755584|1416000.0|-0.029744792063677
1782408979179633127|1417000.0|0.0100122607141027
1782408979279348557|1415000.0|-0.0200570764223752
1782408979380337510|1416000.0|0.00990207315051578
1782408979479045674|1419000.0|0.0303926228432331
1782408979578975649|1418000.0|-0.0100070074069367
1782408979679413449|1413000.0|-0.0497820541668575
1782408979779917361|1417000.0|0.0397994458165967
1782408979878956613|1419000.0|0.020194013581605
1782408979979122477|1420000.0|0.00998344106531143
1782408980079293300|1420000.0|0.0
1782408980179360811|1421000.0|0.00999325345466022
1782408980278897920|1424000.0|0.0301395130935539
1782408980379674760|1423000.0|-0.00992291482844669
1782408980479938704|1422000.0|-0.00997367508303882
1782408980579042165|1419000.0|-0.0302713948607708
1782408980679406668|1418000.0|-0.00996368207990827
1782408980779637972|1418000.0|0.0
1782408980878949673|1419000.0|0.0100693069389678
1782408980979165600|1419000.0|0.0
1782408981078972998|1420000.0|0.010019297367115
1782408981179509614|1419000.0|-0.00994662481975721
1782408981279366772|1422000.0|0.0300429138990717
1782408981379311547|1420000.0|-0.0200110511029716
1782408981478917504|1422000.0|0.0200791203682728
1782408981579389128|1418000.0|-0.0398122359403686
1782408981678915838|1418000.0|0.0
1782408981779369813|1423000.0|0.0497740383095841
1782408981879096588|1423000.0|0.0
1782408981978933378|1421000.0|-0.0200326953621005
1782408982078899880|1426000.0|0.0500167546124601
1782408982179254768|1424000.0|-0.0199292734002154
1782408982279704599|1420000.0|-0.0398208733671239
1782408982378898860|1422000.0|0.0201624567776154
1782408982479696164|1421000.0|-0.00992090026534837
1782408982578918921|1421000.0|0.0
1782408982679465728|1420000.0|-0.00994561667184518
1782408982778955094|1419000.0|-0.010051325485379
1782408982879497869|1418000.0|-0.0099460155142923
1782408982979415796|1424000.0|0.0600492842490617
1782408983078970249|1425000.0|0.0100447541005524
1782408983179411168|1426000.0|0.00995610165613877
1782408983279071046|1422000.0|-0.0401365131111238
1782408983378999035|1419000.0|-0.030021618867963
1782408983479597155|1426000.0|0.0695838053434796
1782408983579041704|1424000.0|-0.0201117106981902
1782408983679236079|1430000.0|0.0598836012500702
1782408983779239766|1432000.0|0.0199992626271869
1782408983879681389|1426000.0|-0.0597361912401595
1782408983978910785|1422000.0|-0.0403106353685757
1782408984078892888|1428000.0|0.0600107401221597
1782408984178925710|1424000.0|-0.0399868755077209
1782408984279481173|1425000.0|0.00994476053479064
1782408984379997404|1419000.0|-0.0596918521547033
1782408984478893760|1423000.0|0.0404463840912399
1782408984578958214|1427000.0|0.0399742350065689
1782408984678890044|1420000.0|-0.0700477515522332
1782408984779387108|1425000.0|0.0497526972529267
1782408984878907401|1424000.0|-0.0100482019280229
1782408984979338384|1425000.0|0.00995708664924648
1782408985078913941|1426000.0|0.0100426252197615
1782408985179403244|1425000.0|-0.00995130795165332
1782408985279538930|1424000.0|-0.00998644978574372
1782408985379134328|1425000.0|0.0100406245678139
1782408985478893053|1428000.0|0.0300725575632608
1782408985579574197|1426000.0|-0.0198646928366249
1782408985679531115|1426000.0|0.0
1782408985779739377|1431000.0|0.0498960854145939
1782408985880098615|1426000.0|-0.0498210239499826
1782408985979529740|1419000.0|-0.070400490791993
1782408986079598130|1427000.0|0.0799453253919644
1782408986179411288|1422000.0|-0.0500935958764074
1782408986278893548|1420000.0|-0.0201040868995135
1782408986379049826|1417000.0|-0.0299531897541161
1782408986478908120|1415000.0|-0.0200283814181724
1782408986579531104|1413000.0|-0.019876174612353
1782408986679632934|1418000.0|0.0499491367940027
1782408986779047514|1417000.0|-0.0100588867347224
1782408986879881538|1416000.0|-0.0099172874425799
1782408986979233110|1419000.0|0.0301957980091145
1782408987079363516|1416000.0|-0.0299609291507317
1782408987179052818|1420000.0|0.0401246665364354
1782408987279408072|1413000.0|-0.0697522025104934
1782408987379399470|1415000.0|0.0200017205480015
1782408987479215027|1413000.0|-0.0200369567641645
1782408987578910729|1416000.0|0.0300915680397135
1782408987679081007|1418000.0|0.0199660022906196
1782408987779518502|1420000.0|0.0199128821362978
1782408987878944362|1414000.0|-0.0603464732414686
1782408987980148146|1416000.0|0.019762106918848
1782408988078960261|1417000.0|0.010120216534177
1782408988178962074|1420000.0|0.0299994561098607
1782408988278983472|1417000.0|-0.0299935819733293
1782408988379054566|1425000.0|0.0799431652061284
1782408988478924715|1420000.0|-0.0500650099160261
1782408988579288273|1418000.0|-0.0199275517912587
1782408988678969286|1418000.0|0.0
1782408988779579694|1418000.0|0.0
1782408988879885732|1420000.0|0.0199389791469981
1782408988979404040|1421000.0|0.010048402350249
1782408989079457038|1419000.0|-0.0199894060146004
1782408989179522980|1419000.0|0.0
1782408989279551113|1421000.0|0.0199943749824862
1782408989379666911|1417000.0|-0.0399537343746688
1782408989479057203|1424000.0|0.0704294137701095
1782408989578917048|1422000.0|-0.0200280703419878
1782408989678890830|1420000.0|-0.0200052449751276
1782408989778930595|1419000.0|-0.00999602508062669
1782408989879623306|1416000.0|-0.0297936163422991
1782408989979675295|1422000.0|0.05996882280871
1782408990079393348|1420000.0|-0.0200565488377516
1782408990178959304|1422000.0|0.0200871872309447
1782408990279490159|1415000.0|-0.0696303637326073
1782408990379717445|1421000.0|0.0598639376506713
1782408990479743546|1420000.0|-0.00999739058108443
1782408990579422527|1417000.0|-0.0300966158552524
1782408990679229475|1415000.0|-0.0200386850823251
1782408990778908552|1413000.0|-0.0200643912463194
1782408990878957213|1417000.0|0.039980545066965
1782408990979072851|1417000.0|0.0
1782408991080058154|1416000.0|-0.00990243104979345
1782408991179178157|1417000.0|0.0100887809698714
1782408991279272515|1423000.0|0.0599434385702339
1782408991379876713|1420000.0|-0.02981982918844
1782408991478893964|1416000.0|-0.0403970011245818
1782408991579075314|1422000.0|0.0598913869697304
1782408991678957366|1422000.0|0.0
1782408991778911835|1420000.0|-0.0200091103480326
1782408991879323089|1418000.0|-0.019918086074296
1782408991979143398|1422000.0|0.0400720057879204
1782408992078946778|1416000.0|-0.0601182044135179
1782408992179763505|1418000.0|0.019837977878413
1782408992279620694|1415000.0|-0.030042904572449
1782408992379150922|1413000.0|-0.0200943978546899
1782408992479539680|1416000.0|0.0298838242425511
1782408992579624005|1416000.0|0.0
1782408992679043977|1416000.0|0.0
1782408992779094366|1412000.0|-0.0399798545510903
1782408992879460692|1414000.0|0.0199270022098846
1782408992979559881|1412000.0|-0.0199801818574174
1782408993078887516|1413000.0|0.0100676916348607
1782408993179692931|1416000.0|0.029760306031179
1782408993279134806|1417000.0|0.0100561257518525
1782408993379493084|1414000.0|-0.0298929003146108
1782408993479319985|1415000.0|0.0100173399152198
1782408993579618630|1415000.0|0.0
1782408993679512218|1416000.0|0.0100106525355762
1782408993779047022|1417000.0|0.0100467370187417
1782408993878939379|1421000.0|0.040043103598006
1782408993979365225|1418000.0|-0.0298727879275222
1782408994078888940|1416000.0|-0.0200957128660239
1782408994179560866|1417000.0|0.00993325587115518
1782408994278962358|1415000.0|-0.0201204223373227
1782408994379414844|1416000.0|0.00995495522131727
1782408994479106208|1416000.0|0.0
1782408994579788646|1418000.0|0.0198644375298103
1782408994679131882|1420000.0|0.020132221181118
1782408994779667104|1418000.0|-0.0198935254750818
1782408994879393700|1419000.0|0.0100274153546763
1782408994980063290|1415000.0|-0.0397339454744973
1782408995079549886|1416000.0|0.0100516053438998
1782408995180002708|1419000.0|0.0298647657703434
1782408995279541511|1417000.0|-0.0200926667763927
1782408995379394971|1414000.0|-0.0300440265164572
1782408995479527888|1419000.0|0.0499336297173885
1782408995579288644|1416000.0|-0.030071945324873
1782408995679058391|1414000.0|-0.0200461568775954
1782408995778895516|1417000.0|0.0300489422146321
1782408995879157105|1417000.0|0.0
1782408995979122757|1420000.0|0.0300103079405714
1782408996078913609|1418000.0|-0.02004191726913
1782408996179039614|1418000.0|0.0
1782408996279054179|1412000.0|-0.05999126227265
1782408996378939991|1410000.0|-0.0200228637076104
1782408996478915019|1415000.0|0.0500124891187827
1782408996579287584|1414000.0|-0.00996288178946109
1782408996679284389|0.0|-14.1404517874346
1782408996778954504|1413000.0|14.17676702791
1782408996879050077|1415000.0|0.0199809036509537
1782408996979069969|1411000.0|-0.0399920447824519
1782408997079464855|1418000.0|0.0697246670512679
1782408997179340923|1415000.0|-0.0300372257345974
1782408997278944718|1418000.0|0.030119334308497
1782408997379415332|1416000.0|-0.0199063180802299
1782408997479247816|1414000.0|-0.0200335594173936
1782408997578904619|1414000.0|0.0
1782408997679564081|1415000.0|0.00993448584098333
1782408997779193940|1411000.0|-0.0401486064534127
1782408997879435657|1411000.0|0.0
1782408997978900812|1413000.0|0.0201075441947484
1782408998079140257|1412000.0|-0.00997611269695278
1782408998179235429|1412000.0|0.0
1782408998279135113|1409000.0|-0.0300301250202153
1782408998379188398|1412000.0|0.0299840230133373
1782408998479139602|1414000.0|0.0200097639644241
1782408998579351894|1417000.0|0.0299364473172612
1782408998679237274|1416000.0|-0.0100114751528202
1782408998779051422|1414000.0|-0.020037239610561
1782408998879442179|1413000.0|-0.00996107639670453
1782408998979385927|1411000.0|-0.020011256732137
1782408999078954858|1411000.0|0.0
1782408999179242175|1413000.0|0.0199427012291096
1782408999279487651|1412000.0|-0.00997551251090872
1782408999378977542|1408000.0|-0.0402050897814332
1782408999479357819|1409000.0|0.00996211636275919
1782408999579798688|1410000.0|0.00995610661233925
1782408999679191219|1410000.0|0.0
1782408999778983142|1415000.0|0.0501042554315744
1782408999879483532|1416000.0|0.00995021014346312
1782408999979999025|1412000.0|-0.0397948602808922
1782409000078890578|1411000.0|-0.0101120871263899
1782409000179664216|1412000.0|0.00992323012095683
1782409000279185483|1411000.0|-0.0100481035877487
1782409000379277727|1409000.0|-0.0199815682022275
1782409000479367347|1412000.0|0.0299731380736584
1782409000579626247|1411000.0|-0.00997417685611951
1782409000679050314|1413000.0|0.0201158538404992
1782409000778956621|1415000.0|0.0200187561732214
1782409000879082897|1415000.0|0.0
1782409000979150134|1416000.0|0.00999328081777655
1782409001079380506|1415000.0|-0.00997701574927807
1782409001179316189|1409000.0|-0.0600386150360327
1782409001279202337|1408000.0|-0.0100113981770525
1782409001378900932|1410000.0|0.0200604632392262
1782409001478899063|1409000.0|-0.0100001869034932
1782409001579273372|1415000.0|0.0597762521084952
1782409001679253040|1416000.0|0.0100020336134743
1782409001779072195|1413000.0|-0.0300543517924991
1782409001879432311|1409000.0|-0.0398564704727922
1782409001978897402|1415000.0|0.0603226713983502
1782409002079271695|1411000.0|-0.0398508410913539
1782409002179303410|1412000.0|0.00999682950552232
1782409002279306262|1411000.0|-0.00999971480813367
1782409002379116457|1410000.0|-0.0100190165944471
1782409002479052796|1412000.0|0.0200127403106091
1782409002579308209|1409000.0|-0.029923571308813
1782409002679559669|1414000.0|0.0498745853676345
1782409002779375208|1412000.0|-0.0200369603774819
1782409002879749708|1407000.0|-0.0498134486348624
1782409002979222415|1413000.0|0.0603180528705226
1782409003078957746|1411000.0|-0.0200530742711427
1782409003179366662|1408000.0|-0.0298778247939655
1782409003279375082|1411000.0|0.0299974742126713
1782409003378988108|1414000.0|0.0301165431918512
1782409003479099360|1413000.0|-0.00998888716325314
1782409003579037907|1412000.0|-0.0100061490787934
1782409003679098999|1412000.0|0.0
1782409003778925306|1414000.0|0.0200347990435026
1782409003878911197|1416000.0|0.0200028221981839
1782409003979054737|1413000.0|-0.0299569997225982
1782409004079291093|1415000.0|0.0199528402648636
1782409004179533033|1416000.0|0.00997586439368592
1782409004279303356|1415000.0|-0.0100230205729614
1782409004379794000|1410000.0|-0.0497558757808339
1782409004478901554|1421000.0|0.110990530550275
1782409004579141861|1413000.0|-0.079808215272126
1782409004678912120|1412000.0|-0.0100230270024657
1782409004779434557|1413000.0|0.00994802782188816
1782409004879058543|1413000.0|0.0
1782409004979083778|1414000.0|0.00999747713664457
1782409005079889143|1413000.0|-0.00992010693081663
1782409005179043161|1410000.0|-0.0302559599753184
1782409005278980796|1412000.0|0.0200124807836407
1782409005379195903|1413000.0|0.00997853547170288
1782409005479347283|1411000.0|-0.0199697697625335
1782409005579356678|1415000.0|0.0399962423530309
1782409005679102329|1415000.0|0.0
1782409005778903243|1416000.0|0.010019948314301
1782409005879064895|1417000.0|0.0099838608891954
1782409005979623731|1420000.0|0.0298332808864255
1782409006078946693|1415000.0|-0.0503408265250889
1782409006179214745|1415000.0|0.0
1782409006278898603|1411000.0|-0.0401268578509471
1782409006379170831|1414000.0|0.0299185533206662
1782409006479476610|1415000.0|0.00996951531576261
1782409006578899508|1418000.0|0.0301741355396822
1782409006679179544|1417000.0|-0.00997207460116987
1782409006779337579|1416000.0|-0.00998422143565416
1782409006878907741|1412000.0|-0.0401726774332254
1782409006979315809|1416000.0|0.0398374361709659
1782409007079467508|1413000.0|-0.0299545592331888
1782409007179114423|1413000.0|0.0
1782409007279023513|1417000.0|0.0400363970885932
1782409007379526829|1410000.0|-0.0696494432084211
1782409007479283728|1417000.0|0.0701705853948006
1782409007578912402|1416000.0|-0.010037270996902
1782409007679019797|1411000.0|-0.0499463601065636
1782409007779141304|1414000.0|0.0299635921381008
1782409007879073819|1417000.0|0.0300202591719022
1782409007979059118|1410000.0|-0.0700102922130582
1782409008079071520|1413000.0|0.0299962798613716
1782409008179301748|1413000.0|0.0
1782409008279397079|1413000.0|0.0
1782409008379527994|1416000.0|0.0299607768489881
1782409008479324700|1410000.0|-0.0601222248758391
1782409008578883838|1412000.0|0.0200885628399073
1782409008678918369|1413000.0|0.00999654809197836
1782409008778880083|1410000.0|-0.0300114901991376
1782409008878900150|1409000.0|-0.0099979937026037
1782409008979319450|1411000.0|0.0199164901567727
1782409009078884379|1411000.0|0.0
1782409009178908398|1411000.0|0.0
1782409009278895169|1411000.0|0.0
1782409009378902451|1410000.0|-0.00999927185302366
1782409009478900326|1411000.0|0.0100002125045157
1782409009578897272|1410000.0|-0.0100003054093272
1782409009678871515|1408000.0|-0.0200051527271879
1782409009779406143|1411000.0|0.0298404645213389
1782409009878932656|1408000.0|-0.0301427218694982
1782409009980079350|1409000.0|0.00988663060010642
1782409010079675751|1408000.0|-0.010040523452248
1782409010179282361|1415000.0|0.0702764605682294
1782409010279543756|1412000.0|-0.0299217859476222
1782409010379637263|1412000.0|0.0
1782409010478945263|1408000.0|-0.040278728803319
1782409010579051506|1411000.0|0.0299681609267866
1782409010679066357|1409000.0|-0.0199970302410389
1782409010779058615|1408000.0|-0.0100007742599432
1782409010878941737|1411000.0|0.0300351044293549
1782409010979926734|1411000.0|0.0
1782409011079181551|1413000.0|0.0201501555335093
1782409011179187297|1418000.0|0.0499971271650731
1782409011278887155|1416000.0|-0.0200602091128354
1782409011379394614|1419000.0|0.0298485309433601
1782409011478951336|1428000.0|0.090400726532559
1782409011579164827|1423000.0|-0.0498934819065429
1782409011679054717|1421000.0|-0.0200220462751536
1782409011779621184|1423000.0|0.0198873447547879
1782409011879356130|1426000.0|0.0300797275209835
1782409011979300660|1424000.0|-0.0200111001572572
1782409012079034166|1426000.0|0.0200534412176385
1782409012179696794|1428000.0|0.0198683467711572
1782409012279596940|1426000.0|-0.0200199907615751
1782409012378905420|1427000.0|0.0100696335297852
1782409012478993423|1424000.0|-0.0299736223131558
1782409012579150290|1421000.0|-0.0299530136061464
1782409012678950067|1427000.0|0.060120374818072
1782409012779034054|1427000.0|0.0
1782409012879675881|1423000.0|-0.03974490645922
1782409012979387387|1423000.0|0.0
1782409013079458653|1422000.0|-0.00999287847522584
1782409013179460079|1422000.0|0.0
1782409013279646738|1422000.0|0.0
1782409013379386483|1419000.0|-0.0300782802282079
1782409013478886084|1423000.0|0.0402011662338224
1782409013578898806|1424000.0|0.0099987279618287
1782409013679073529|1419000.0|-0.0499127908744005
1782409013779382363|1417000.0|-0.0199384233695708
1782409013878992061|1415000.0|-0.0200783662651
1782409013978917583|1413000.0|-0.0200149067022137
1782409014078935408|1412000.0|-0.009998217817674
1782409014179206099|1419000.0|0.0698110278306549
1782409014278917092|1416000.0|-0.0300869534014168
1782409014379571383|1417000.0|0.00993499621392197
1782409014478911592|1417000.0|0.0
1782409014579602811|1413000.0|-0.0397254104153809
1782409014679077132|1419000.0|0.0603170741924441
1782409014779059278|1422000.0|0.0300053571564667
1782409014879592449|1416000.0|-0.0596817939822071
1782409014978914994|0.0|-14.2565819270942
1782409015079155732|1422000.0|14.1858492701839
1782409015178912758|1422000.0|0.0
1782409015279489049|1420000.0|-0.0198854022167113
1782409015378960185|1418000.0|-0.0201063351684251
1782409015479397692|1421000.0|0.0298693196357413
1782409015578905693|1426000.0|0.0502472157992602
1782409015679107855|1416000.0|-0.0997982458701839
1782409015779422770|1420000.0|0.0398744294405274
1782409015879755428|1418000.0|-0.0199336889888834
1782409015979607334|1415000.0|-0.0300444940930822
1782409016078999494|1415000.0|0.0
1782409016179693801|1414000.0|-0.00993104803829674
1782409016279919676|1422000.0|0.0798197072362801
1782409016379353900|1416000.0|-0.0603413971431003
1782409016478908237|1420000.0|0.0401790632185115
1782409016578896590|1416000.0|-0.0400046593426736
1782409016678979360|1416000.0|0.0
1782409016778958466|1421000.0|0.0500104491832523
1782409016879075684|1423000.0|0.0199765838479451
1782409016978938661|1426000.0|0.0300411633031929
1782409017078913127|1421000.0|-0.0500127702607584
1782409017179744106|1420000.0|-0.00991758693526124
1782409017279608700|1421000.0|0.0100135589596449
1782409017379210844|1418000.0|-0.0301198335650285
1782409017478903149|1418000.0|0.0
1782409017579549808|1422000.0|0.039742998324465
1782409017679716338|1418000.0|-0.0399334987445407
1782409017779381731|1420000.0|0.0200671460754687
1782409017879220836|1421000.0|0.0100161154289194
1782409017978895445|1421000.0|0.0
1782409018079532440|1416000.0|-0.0496835184715124
1782409018179597961|1418000.0|0.0199869043803809
1782409018279209530|1421000.0|0.0301169837009595
1782409018379108011|1420000.0|-0.0100101622165807
1782409018478996012|1417000.0|-0.030033637373522
1782409018578891277|1411000.0|-0.0600629068855266
1782409018679743648|1416000.0|0.0495774164793805
1782409018779164785|1419000.0|0.0301746700000021
1782409018879148514|1413000.0|-0.0600097641887311
1782409018979184948|1420000.0|0.0699745054886703
1782409019078982308|1420000.0|0.0
1782409019179543383|1418000.0|-0.0198884110974351
1782409019279136647|1420000.0|0.0200816794196041
1782409019379364745|1417000.0|-0.0299317263308738
1782409019479068298|1421000.0|0.0401189313684739
1782409019579436636|1417000.0|-0.0398532054999257
1782409019679064268|1416000.0|-0.010037375976175
1782409019778920269|1410000.0|-0.0600865239936857
1782409019878976030|1416000.0|0.0599665620453379
1782409019979391024|1419000.0|0.029876016324813
1782409020079286353|1419000.0|0.0
1782409020178922977|1419000.0|0.0
1782409020278959315|1422000.0|0.0299891025599118
1782409020378921924|1415000.0|-0.0700261834902688
1782409020479389622|1419000.0|0.0398137916925299
1782409020579804440|1417000.0|-0.019917379126256
1782409020679433096|1416000.0|-0.0100372728103448
1782409020779300905|1415000.0|-0.0100132365975907
1782409020879381482|1417000.0|0.0199838975748511
1782409020979041610|1416000.0|-0.0100341031069115
1782409021079178124|1416000.0|0.0
1782409021179681374|1411000.0|-0.0497496349620535
1782409021279288430|1415000.0|0.0401577976564231
1782409021379268895|1415000.0|0.0
1782409021478886687|1412000.0|-0.0301151023303146
1782409021578974912|1414000.0|0.0199823705535791
1782409021678895169|1415000.0|0.0100079806640209
1782409021780190597|1415000.0|0.0
1782409021879573397|1418000.0|0.030186309904732
1782409021979367350|1415000.0|-0.0300619417290745
1782409022079098726|1416000.0|0.0100269347532115
1782409022178891399|1415000.0|-0.0100207757737885
1782409022279127848|1415000.0|0.0
1782409022379333689|1415000.0|0.0
1782409022478971546|1418000.0|0.030109037772661
1782409022579682572|1419000.0|0.00992939938870248
1782409022679103868|1413000.0|-0.0603492434860234
1782409022779276493|1409000.0|-0.0399310689921523
1782409022879007837|1411000.0|0.0200538759409479
1782409022979365055|1415000.0|0.0398576214019803
1782409023079101599|1417000.0|0.0200528303848186
1782409023179212864|1415000.0|-0.0199777717322821
1782409023279129424|1415000.0|0.0
1782409023378900897|1412000.0|-0.0300687151326311
1782409023478990034|1417000.0|0.0499554711916439
1782409023579634196|1413000.0|-0.0397439843554959
1782409023679691301|1414000.0|0.0099942927591199
1782409023779450869|1414000.0|0.0
1782409023878991956|1416000.0|0.0200922057441466
1782409023979526950|1412000.0|-0.0397871411819053
1782409024078985510|1414000.0|0.0201088775063705
1782409024179380663|1413000.0|-0.00996064023130678
1782409024279517288|1413000.0|0.0
1782409024378886503|1416000.0|0.030190436746431
1782409024479604025|1413000.0|-0.0297862769101885
1782409024578966648|1418000.0|0.0503207327769518
1782409024678968585|1417000.0|-0.0099998063037519
1782409024779046186|1417000.0|0.0
1782409024879458476|1418000.0|0.00995894028509857
1782409024979284572|1417000.0|-0.0100174206952859
1782409025079609677|1416000.0|-0.00996759485076044
1782409025179295437|1415000.0|-0.0100315230580576
1782409025279358846|1417000.0|0.0199873262363068
1782409025379083694|1418000.0|0.0100275911175117
1782409025479469167|1413000.0|-0.0498080035943049
1782409025578898494|1414000.0|0.0100573948368372
1782409025679634848|1417000.0|0.0297807085612807
1782409025779403584|1415000.0|-0.0200463600140228
1782409025879667329|1419000.0|0.0398947795137714
1782409025979118433|1422000.0|0.0301655776490928
1782409026079621282|1418000.0|-0.039799866767956
1782409026179523026|1417000.0|-0.0100098352637367
1782409026279022081|1413000.0|-0.0402013868372921
1782409026379836003|1424000.0|0.109111914126305
1782409026479184706|1419000.0|-0.05032778334308
1782409026578972258|1414000.0|-0.0501064501512173
1782409026679657140|1413000.0|-0.00993197767267582
1782409026778972083|1415000.0|0.0201379564805268
1782409026879356564|1422000.0|0.0697318941161832
1782409026978963076|1419000.0|-0.0301185127333843
1782409027079841574|1421000.0|0.0198258304757868
1782409027178974180|1417000.0|-0.0403499934219423
1782409027279037205|1417000.0|0.0
1782409027379391397|1419000.0|0.0199294116184006
1782409027478956996|1414000.0|-0.0502181481376916
1782409027579246582|1418000.0|0.0398845000716226
1782409027679013541|1420000.0|0.0200467170699269
1782409027779793351|1417000.0|-0.029767867194828
1782409027878886789|1420000.0|0.030274456720333
1782409027978888502|1424000.0|0.0399993148117373
1782409028078901382|1418000.0|-0.0599922729952382
1782409028179065638|1421000.0|0.0299508040073697
1782409028278979510|1414000.0|-0.0700603415709883
1782409028378919734|1415000.0|0.0100059811753074
1782409028478929510|1416000.0|0.00999902249556083
1782409028578885350|1417000.0|0.0100044179509671
1782409028678976918|1418000.0|0.00999085157702795
1782409028779762280|1421000.0|0.0297662273614694
1782409028878955702|1423000.0|0.0201626273161541
1782409028979374615|1425000.0|0.0199165669120517
1782409029079900105|1418000.0|-0.0696340798736718
1782409029179120903|1415000.0|-0.0302355963716397
1782409029279523432|1410000.0|-0.0497995423999728
1782409029379367719|1420000.0|0.100155955843523
1782409029479794088|1420000.0|0.0
1782409029579381095|1417000.0|-0.0301244117116603
1782409029679037990|1420000.0|0.0301032858790152
1782409029779292407|1419000.0|-0.00997462286374874
1782409029879607479|1417000.0|-0.0199371835171488
1782409029978895094|1424000.0|0.0705022474353926
1782409030079839512|1422000.0|-0.0198128835613278
1782409030178896437|1416000.0|-0.0605712321475758
1782409030279653127|1418000.0|0.0198497985592818
1782409030380287336|1420000.0|0.0198739575724195
1782409030479809511|1413000.0|-0.0703360833904605
1782409030579224086|1418000.0|0.0502944362031422
1782409030679557814|1415000.0|-0.0299002146117804
1782409030778889028|1412000.0|-0.0302019866584939
1782409030879351398|1416000.0|0.0398159032083356
1782409030979294789|1416000.0|0.0
1782409031079652022|1420000.0|0.0398576154446187
1782409031179986950|1419000.0|-0.00996661900230795
1782409031279065684|1418000.0|-0.0100929832228175
1782409031379301157|1420000.0|0.019953016034553
1782409031479173252|1420000.0|0.0
1782409031579628549|1418000.0|-0.0199093533116526
1782409031678954531|1421000.0|0.0302035775493264
1782409031779650276|1421000.0|0.0
1782409031878894578|1418000.0|-0.0302284356838945
1782409031979829204|1422000.0|0.0396296113486367
1782409032079023922|1416000.0|-0.0604870916614733
1782409032179376307|1420000.0|0.0398595409566001
1782409032279400834|1422000.0|0.0199950958028524
1782409032379635218|1419000.0|-0.029929849222199
1782409032479335025|1417000.0|-0.0200602193743464
1782409032579743570|1417000.0|0.0
1782409032678941712|1417000.0|0.0
1782409032779373920|1418000.0|0.00995696519984904
1782409032879001967|1425000.0|0.0702613391588415
1782409032979278127|1418000.0|-0.069807220380198
1782409033079742816|1420000.0|0.0199074920741555
1782409033179431167|1417000.0|-0.0300937869862046
1782409033279265134|1413000.0|-0.0400665236512138
1782409033379171885|1411000.0|-0.0200186672069838
1782409033478978588|0.0|-14.1373270290273
1782409033578883707|1416000.0|14.1734479091106
1782409033679622188|1412000.0|-0.0397067730254936
1782409033779348459|1419000.0|0.0701921362325881
1782409033879669003|1418000.0|-0.00996804802015428
1782409033978894473|1410000.0|-0.0806244606349559
1782409034078938504|1417000.0|0.0699691918651299
1782409034178891831|1416000.0|-0.0100046694793861
1782409034278941510|1417000.0|0.00999503456677757
1782409034378908262|1414000.0|-0.0300099777173915
1782409034479293462|1413000.0|-0.00996162780967712
1782409034578889925|1418000.0|0.0502025860095052
1782409034679026356|1416000.0|-0.0199727509761158
1782409034778896179|1418000.0|0.0200260693362799
1782409034879083027|1417000.0|-0.00998135004706406
1782409034978889474|1422000.0|0.0500969641770736
1782409035079036753|1413000.0|-0.0898676438328394
1782409035179346225|1419000.0|0.059814889664657
1782409035278890207|1416000.0|-0.030137432115183
1782409035379642384|1417000.0|0.00992534384641634
1782409035479030414|1424000.0|0.0704310166928553
1782409035579470398|1420000.0|-0.0398247773516173
1782409035678890172|1419000.0|-0.010058361227013
1782409035779026668|1417000.0|-0.0199727380115238
1782409035879611004|1420000.0|0.029825717594835
1782409035978941642|1416000.0|-0.0402695490589721
1782409036078947017|1416000.0|0.0
1782409036178940664|1418000.0|0.0200012706807263
1782409036278892087|1420000.0|0.0200097201217435
1782409036378943782|1418000.0|-0.0199896663419845
1782409036478896949|1423000.0|0.0500234274717879
1782409036579299093|1421000.0|-0.0199198933441103
1782409036678893043|1418000.0|-0.0301223116464404
1782409036779301587|1425000.0|0.069715182803567
1782409036878889378|1419000.0|-0.0602483491174134
1782409036979416802|1418000.0|-0.00994753431660598
1782409037079277521|1419000.0|0.010013947526254
1782409037179315200|1419000.0|0.0
1782409037279332831|1422000.0|0.0299947116323921
1782409037378952621|1419000.0|-0.0301144983341161
1782409037479037692|1415000.0|-0.0399660005236945
1782409037579091643|1417000.0|0.0199892156182818
1782409037679911819|1416000.0|-0.00991864961632283
1782409037778954424|1418000.0|0.0201933299310938
1782409037879874169|1412000.0|-0.0594531823281955
1782409037979502775|1418000.0|0.0602236670861379
1782409038079099701|1414000.0|-0.0401618821046746
1782409038179162020|1418000.0|0.039975087924956
1782409038279294419|1421000.0|0.029960332818951
1782409038380287828|1423000.0|0.019803272508605
1782409038478889375|1418000.0|-0.0507091435390968
1782409038578939054|1415000.0|-0.0299851037003327
1782409038679653038|1415000.0|0.0
1782409038779356765|1414000.0|-0.0100297153385249
1782409038879008250|1416000.0|0.0200699467750029
1782409038979150202|1420000.0|0.039943299687228
1782409039078958200|1415000.0|-0.0500961856784263
1782409039179113351|1417000.0|0.0199690178690859
1782409039278909621|1418000.0|0.0100204145906455
1782409039379449620|1416000.0|-0.0198925802654921
1782409039478904882|1418000.0|0.0201095443295901
1782409039579199090|1420000.0|0.0199413310088654
1782409039679033056|1414000.0|-0.0600997860788181
1782409039779469007|1421000.0|0.0696961588983212
1782409039879330878|1416000.0|-0.0500691600300579
1782409039979373404|1416000.0|0.0
1782409040078920282|1421000.0|0.0502275922706486
1782409040178916249|1415000.0|-0.0600024198975945
1782409040279055575|1414000.0|-0.00998608678472631
1782409040379041686|1419000.0|0.0500069454646556
1782409040478967748|1420000.0|0.0100073992708729
1782409040579299876|1418000.0|-0.0199337942877081
1782409040678964273|1413000.0|-0.0501683665431699
1782409040779072576|1415000.0|0.0199783628337002
1782409040879015023|1419000.0|0.0400230344570211
1782409040979087997|1422000.0|0.0299781237639645
1782409041078991531|1420000.0|-0.0200193118293493
1782409041179096922|1418000.0|-0.0199789439911383
1782409041278897688|1418000.0|0.0
1782409041378920774|1420000.0|0.0199953838656808
1782409041479441686|1420000.0|0.0
1782409041579541444|1413000.0|-0.0699302389921862
1782409041679503443|1416000.0|0.0300114046338749
1782409041779344449|1420000.0|0.0400636988773931
1782409041879104927|1425000.0|0.0501200485426704
1782409041979372446|1420000.0|-0.0498665973773621
1782409042079322764|1417000.0|-0.0300149120085841
1782409042179316890|1424000.0|0.0700041120415413
1782409042279505145|1420000.0|-0.0399248394934117
1782409042379118646|1417000.0|-0.0301163995832252
1782409042479266228|1424000.0|0.0698968448384505
1782409042579141762|1419000.0|-0.050062310555456
1782409042679590498|1418000.0|-0.00995532686444158
1782409042779211759|1418000.0|0.0
1782409042879130157|1418000.0|0.0
1782409042979201724|1420000.0|0.0199856968363451
1782409043078909321|1425000.0|0.0501466302512536
1782409043179518841|1420000.0|-0.0496970863194656
1782409043278902470|1419000.0|-0.0100620193694074
1782409043379384437|1426000.0|0.0696642413459123
1782409043479424387|1424000.0|-0.0199920131907303
1782409043578894352|1419000.0|-0.0502664296705041
1782409043678987167|1419000.0|0.0
1782409043779363389|1416000.0|-0.02988755643742
1782409043879347275|1417000.0|0.0100016116597028
1782409043979463050|1417000.0|0.0
1782409044079431352|1413000.0|-0.0400126832203272
1782409044178908596|1414000.0|0.010052550309898
1782409044279418195|1414000.0|0.0
1782409044379728818|1412000.0|-0.019938067775733
1782409044478922462|1415000.0|0.0302438732868812
1782409044578958492|1413000.0|-0.0199927965953867
1782409044678987626|1414000.0|0.00999708744854274
1782409044779500665|1418000.0|0.0397958318621726
1782409044878948118|1413000.0|-0.0502778085226577
1782409044979648229|1421000.0|0.0794438051811085
1782409045079230738|1415000.0|-0.0602515447768041
1782409045179867681|1416000.0|0.00993670882868531
1782409045279832063|1416000.0|0.0
1782409045379360220|1416000.0|0.0
1782409045478972745|1420000.0|0.0401555928835254
1782409045579826056|1417000.0|-0.0297461726368111
1782409045679244773|1418000.0|0.0100584681655065
1782409045779293203|1418000.0|0.0
1782409045879307056|1416000.0|-0.0199972297837581
1782409045978995166|1415000.0|-0.0100312865797135
1782409046079792238|1415000.0|0.0
1782409046178897817|1418000.0|0.03027074792631
1782409046279279143|1419000.0|0.00996201225714034
1782409046378900917|1420000.0|0.0100379661980322
1782409046479521236|1420000.0|0.0
1782409046579082785|1418000.0|-0.0200880763717326
1782409046679539951|1418000.0|0.0
1782409046779416205|1417000.0|-0.0100123899320453
1782409046878903594|1411000.0|-0.0603091513437949
1782409046979385528|1410000.0|-0.00995203774640723
1782409047078903973|1414000.0|0.0401935540692984
1782409047179721621|1418000.0|0.0396755933048547
1782409047279208833|1417000.0|-0.0100515431068668
1782409047379435647|1416000.0|-0.00997736992817112
1782409047479543741|1408000.0|-0.0799136181735715
1782409047579344154|1407000.0|-0.010019998614635
1782409047678948087|1413000.0|0.0602385851570741
1782409047779726150|1414000.0|0.00992279440814416
1782409047879335315|1419000.0|0.0501961842567398
1782409047979572961|1412000.0|-0.0698340421920922
1782409048079601774|1412000.0|0.0
1782409048179097418|1412000.0|0.0
1782409048279154712|1413000.0|0.00999427388072278
1782409048379052981|1416000.0|0.0300305503792063
1782409048479474131|1414000.0|-0.0199161232469455
1782409048579768977|1415000.0|0.00997060207859534
1782409048679048605|1412000.0|-0.0302176797036347
1782409048779368299|1414000.0|0.019936264957108
1782409048879284712|1414000.0|0.0
1782409048979469207|1416000.0|0.019963168951443
1782409049079379044|1418000.0|0.0200180488734057
1782409049179631266|1419000.0|0.00997484125588757
1782409049279076670|1414000.0|-0.0502788444602226
1782409049379426076|1415000.0|0.00996518105946736
1782409049479549225|1415000.0|0.0
1782409049579510487|1417000.0|0.0200077506024284
1782409049678949443|1414000.0|-0.0301692628390025
1782409049779663634|1416000.0|0.0198581747035033
1782409049879747999|1413000.0|-0.0299747118343609
1782409049979454667|1415000.0|0.0200588389935967
1782409050079504441|1414000.0|-0.00999502507621856
1782409050179558022|1415000.0|0.00999464476938612
1782409050278960866|1412000.0|-0.0301802230125327
1782409050379350208|1417000.0|0.0498060839964466
1782409050478905708|1412000.0|-0.0502232423120772
1782409050579286282|1416000.0|0.0398483475497958
1782409050679413704|1412000.0|-0.0399490960628148
1782409050779368101|1411000.0|-0.0100045623805824
1782409050879983267|1412000.0|0.00993885951547305
1782409050978954894|1412000.0|0.0
1782409051079535757|1412000.0|0.0
1782409051179542906|1417000.0|0.0499964257555227
1782409051279539575|1416000.0|-0.0100003331110959
1782409051379688852|1419000.0|0.029955283651224
1782409051479578752|1413000.0|-0.0600661328122263
1782409051579206973|1410000.0|-0.0301119499062419
1782409051679101273|1411000.0|0.0100105811843118
1782409051779360951|1409000.0|-0.0199481989160189
1782409051879845205|1409000.0|0.0
1782409051978900544|0.0|-14.2243720956828
1782409052079341311|1406000.0|13.9983001125429
1782409052179439100|1408000.0|0.0199804613066928
1782409052279197464|1411000.0|0.0300726663881537
1782409052379634118|1415000.0|0.0398260977511258
1782409052479268098|1414000.0|-0.0100367364628011
1782409052578890158|1413000.0|-0.010037937380536
1782409052678997116|1412000.0|-0.00998931562779083
1782409052779528602|1409000.0|-0.0298413971519331
1782409052878908597|1411000.0|0.0201247746088134
1782409052979369667|1410000.0|-0.00995410460987525
1782409053079349536|1413000.0|0.0300060405160163
1782409053179154701|1413000.0|0.0
1782409053279211946|1414000.0|0.00999427877511519
1782409053379022182|1415000.0|0.0100190124788403
1782409053479784901|1407000.0|-0.079394443494523
1782409053579074272|1412000.0|0.050357857539454
1782409053679066477|1412000.0|0.0
1782409053779446747|1415000.0|0.0298863511723967
1782409053879524152|1413000.0|-0.0199845309737997
1782409053978884804|1413000.0|0.0
1782409054079079825|1420000.0|0.0698637510141347
1782409054179211726|1417000.0|-0.0299604818248682
1782409054279265915|1415000.0|-0.0199891680697147
1782409054379063799|1413000.0|-0.0200405050672217
1782409054479591061|1414000.0|0.00994755034708893
1782409054579627569|1415000.0|0.00999635053234765
1782409054679260445|1415000.0|0.0
1782409054779446410|1413000.0|-0.0199628760375767
1782409054879335575|1412000.0|-0.0100110957980277
1782409054979360643|1412000.0|0.0
1782409055079258304|1420000.0|0.0800819550720011
1782409055179130604|1413000.0|-0.0700895042969873
1782409055279674411|1413000.0|0.0
1782409055379288247|1416000.0|0.0301162983021756
1782409055479652596|1415000.0|-0.00996369736827566
1782409055579360672|1415000.0|0.0
1782409055679302621|1413000.0|-0.020011616943752
1782409055779602618|1417000.0|0.0398803601160626
1782409055879591942|1415000.0|-0.0200021354279783
1782409055978888945|1416000.0|0.0100707974036236
1782409056078892782|1411000.0|-0.04999808157361
1782409056179833148|1416000.0|0.0495341972506817
1782409056278912807|1413000.0|-0.0302786669865305
1782409056379230724|1418000.0|0.049841545254573
1782409056478911695|1420000.0|0.0200640100104964
1782409056579364445|1420000.0|0.0
1782409056679190185|1414000.0|-0.0601047385173403
1782409056779373510|1415000.0|0.0099817010465564
1782409056879190241|1417000.0|0.0200367210983898
1782409056979100558|1412000.0|-0.050044881751301
1782409057080394589|1414000.0|0.0197445000485764
1782409057179096422|1414000.0|0.0
1782409057279346691|1412000.0|-0.0199500711564175
1782409057379408495|1412000.0|0.0
1782409057479276923|1409000.0|-0.0300395236019936
1782409057579573256|1408000.0|-0.0099704542537961
1782409057678889363|1409000.0|0.0100688602302948
1782409057779104207|1410000.0|0.00997856165898936
1782409057879121420|1410000.0|0.0
1782409057979429769|1415000.0|0.0498462994341578
1782409058079307461|1412000.0|-0.0300367373326969
1782409058179558994|1412000.0|0.0
1782409058278887388|1414000.0|0.0201352294088234
1782409058379018937|1414000.0|0.0
1782409058479182853|1417000.0|0.0299509056734563
1782409058579424530|1413000.0|-0.039903562267818
1782409058678992157|1414000.0|0.010043425058227
1782409058779615034|1412000.0|-0.0198761957482094
1782409058879775831|1417000.0|0.049919730570834
1782409058979428114|1412000.0|-0.0501744651449681
1782409059079289917|1411000.0|-0.0100138388248408
1782409059179502586|1411000.0|0.0
1782409059279315862|1411000.0|0.0
1782409059379033521|1416000.0|0.0501415702107487
1782409059479472430|1413000.0|-0.0298689026978579
1782409059579443322|1413000.0|0.0
1782409059679735527|1410000.0|-0.02991259390498
1782409059779586578|1407000.0|-0.0300447513566983
1782409059879708431|1416000.0|0.0898904657707444
1782409059979838939|1416000.0|0.0
1782409060079188645|1414000.0|-0.0201309101005291
1782409060178907713|1416000.0|0.0200563446902653
1782409060279517150|1418000.0|0.0198788509272743
1782409060378911305|1419000.0|0.0100609537854615
1782409060479660071|1415000.0|-0.0397027195350462
1782409060579326161|1411000.0|-0.0401340114777253
1782409060679427965|1409000.0|-0.0199796599070282
1782409060779598410|1416000.0|0.0698808915144582
1782409060878872276|1417000.0|0.0100731445272817
1782409060978867904|1414000.0|-0.0300013116573457
1782409061079022124|1416000.0|0.019969203494371
1782409061179285865|1419000.0|0.0299210858290237
1782409061279289780|1417000.0|-0.0199992170306533
1782409061378899631|1420000.0|0.0301175031373152
1782409061479740141|1417000.0|-0.0297499487061301
1782409061578942487|1412000.0|-0.0504020338389981
1782409061679467380|1412000.0|0.0
1782409061780021553|1412000.0|0.0
1782409061879455467|1415000.0|0.0301707926331855
1782409061979100390|1419000.0|0.0401425369158045
1782409062079076770|1415000.0|-0.0400094502321448
1782409062178955917|1412000.0|-0.0300362997693603
1782409062278955337|1408000.0|-0.0400002320013456
1782409062378979156|1418000.0|0.0999761866720966
1782409062479589489|1411000.0|-0.0695753586264345
1782409062578962283|1409000.0|-0.0201262329405773
1782409062679805432|1411000.0|0.0198327801128067
1782409062779754308|1415000.0|0.0400204600600011
1782409062879049759|1416000.0|0.0100709548114143
1782409062979381291|1413000.0|-0.0299008690508184
1782409063079346630|1414000.0|0.0100034673018015
1782409063179151297|1416000.0|0.020039143059312
1782409063279468845|1416000.0|0.0
1782409063379448217|1416000.0|0.0
1782409063478880163|1413000.0|-0.030171389786538
1782409063579323728|1414000.0|0.00995583938104945
1782409063679244315|1416000.0|0.0200158952228733
1782409063779288823|1412000.0|-0.0399822047203231
1782409063878896418|1408000.0|-0.0401575803531849
1782409063979295742|1406000.0|-0.0199204528508578
1782409064079533338|1410000.0|0.0399051868721991
1782409064180517736|1412000.0|0.0198050395864122
1782409064278963088|1412000.0|0.0
1782409064379501325|1409000.0|-0.0298393933444447
1782409064479462488|1408000.0|-0.0100038852088986
1782409064578909586|1407000.0|-0.0100555976002437
1782409064679049726|1410000.0|0.0299580168352071
1782409064779079738|1411000.0|0.0099969997004499
1782409064878973093|1411000.0|0.0
1782409064979069072|1411000.0|0.0
1782409065079070172|1411000.0|0.0
1782409065179285751|1411000.0|0.0
1782409065279259635|1412000.0|0.0100026122822236
1782409065379158830|1407000.0|-0.0500504533595091
1782409065479650202|1408000.0|0.0099511030658433
1782409065579417237|1405000.0|-0.0300700526982685
1782409065678903695|1412000.0|0.0703613350070218
1782409065779617116|1412000.0|0.0
1782409065879051926|1410000.0|-0.0201136805108794
1782409065979065649|1412000.0|0.0199972557765898
1782409066079054909|1410000.0|-0.02000214823072
1782409066179360920|1416000.0|0.0598169535422957
1782409066278962163|1412000.0|-0.0401601413749425
1782409066379106030|1409000.0|-0.0299569019039379
1782409066479178889|1413000.0|0.0399708776182761
1782409066579316229|1414000.0|0.00998628483640568
1782409066678906847|1415000.0|0.0100411064825404
1782409066779343723|1416000.0|0.00995650243044198
1782409066878945397|1413000.0|-0.0301199756943844
1782409066979181889|1414000.0|0.00997640659651178
1782409067079588621|1417000.0|0.029878474682355
1782409067178899110|1416000.0|-0.0100694298262895
1782409067278890848|1410000.0|-0.0600049576095977
1782409067379631501|1412000.0|0.0198529584675215
1782409067479112535|1413000.0|0.0100521673307095
1782409067578887154|1412000.0|-0.0100225890113396
1782409067679522174|1414000.0|0.0198737974116764
1782409067778880023|1417000.0|0.0301938903689431
1782409067879929125|1415000.0|-0.0197923579766201
1782409067978887261|1415000.0|0.0
1782409068079235961|1413000.0|-0.0199305023383462
1782409068179533796|1416000.0|0.0299109148268255
1782409068279510351|1416000.0|0.0
1782409068379819818|1415000.0|-0.00996914877436244
1782409068478918948|1417000.0|0.0201818118887623
1782409068579415296|1412000.0|-0.0497530517228347
1782409068679224314|1410000.0|-0.0200382694878333
1782409068779153749|1411000.0|0.0100070614829354
1782409068878959855|1415000.0|0.0400777082716763
1782409068979882508|1412000.0|-0.029725734617777
1782409069079388901|1413000.0|0.0100496055564993
1782409069179595056|1418000.0|0.0498971345622432
1782409069278894905|1417000.0|-0.0100705087678431
1782409069379576966|1413000.0|-0.0397290238228238
1782409069479348736|1411000.0|-0.0200457504161748
1782409069579440651|1416000.0|0.0499540847030452
1782409069679213205|1412000.0|-0.0400911857984511
1782409069779299600|1405000.0|-0.0699395757035709
1782409069879533611|1411000.0|0.0598599211998011
1782409069978923573|1413000.0|0.0201227564610599
1782409070079687489|1416000.0|0.0297725626304559
1782409070179247419|1415000.0|-0.0100442015176186
1782409070279350806|1409000.0|-0.0599380318669937
1782409070380102418|1407000.0|-0.019850799012526
1782409070479338267|1415000.0|0.0806160281855401
1782409070579376982|1416000.0|0.00999612999827117
1782409070679378608|0.0|-14.1597697621437
1782409070778964394|1415000.0|14.2088550669269
1782409070879071317|1413000.0|-0.019978638240634
1782409070979547729|1411000.0|-0.0199051693844322
1782409071079081482|1415000.0|0.0401873724182791
1782409071179119093|1412000.0|-0.0299887209421664
1782409071279408367|1410000.0|-0.0199423120761648
1782409071379613050|1412000.0|0.0199591470191069
1782409071479306948|1412000.0|0.0
1782409071579179598|1409000.0|-0.0300382537161075
1782409071679618713|1409000.0|0.0
1782409071779803780|1409000.0|0.0
1782409071879147566|1410000.0|0.0100660548612472
1782409071978986648|1412000.0|0.0200322354726779
1782409072078893059|1412000.0|0.0
1782409072179532910|1410000.0|-0.0198728434126954
1782409072279359736|1411000.0|0.0100173474412579
1782409072379327906|1411000.0|0.0
1782409072479462029|1414000.0|0.0299598169946523
1782409072579521688|1410000.0|-0.0399761506282967
1782409072679092625|1412000.0|0.0200861823766909
1782409072779135100|1406000.0|-0.0599745258201579
1782409072879829272|1410000.0|0.0397242454111445
1782409072980133203|1414000.0|0.0398787959766004
1782409073079506348|1408000.0|-0.0603784855556297
1782409073179755159|1406000.0|-0.0199503613065296
1782409073279629376|1414000.0|0.0801007531303099
1782409073379715707|1413000.0|-0.00999137434661283
1782409073479417812|1409000.0|-0.0401195140263087
1782409073579308943|1411000.0|0.0200217975307538
1782409073678887368|1411000.0|0.0
1782409073779196738|1412000.0|0.00996915841461271
1782409073879024524|1409000.0|-0.0300517533264737
1782409073979555239|1410000.0|0.00994720867149905
1782409074078893120|1414000.0|0.0402666128946318
1782409074179760620|1414000.0|0.0
1782409074278937893|1413000.0|-0.0100829551947854
1782409074379025615|1414000.0|0.00999123548840486
1782409074479200713|1417000.0|0.0299475624171588
1782409074578965634|1416000.0|-0.010023563292352
1782409074679343341|1409000.0|-0.0697365999803124
1782409074779707608|1409000.0|0.0
1782409074879071376|1414000.0|0.050320152915296
1782409074979330827|1414000.0|0.0
1782409075079244229|1413000.0|-0.0100086673057134
1782409075179316991|1410000.0|-0.0299781872713776
1782409075279350649|1413000.0|0.0299899059974394
1782409075378899153|1412000.0|-0.0100453543731807
1782409075479482445|1417000.0|0.0497100452826698
1782409075579278983|1411000.0|-0.0601223260871033
1782409075679319185|1417000.0|0.0599758884933079
1782409075779303707|1415000.0|-0.0200030960792111
1782409075878951268|1422000.0|0.070247579868011
1782409075979144127|1413000.0|-0.0898267610069895
1782409076079530585|1416000.0|0.0298845089245006
1782409076179060641|1419000.0|0.0301416488703674
1782409076279322524|1413000.0|-0.0598432806214102
1782409076379792423|1409000.0|-0.0398129194894483
1782409076479047343|1410000.0|0.0100750673115247
1782409076579386154|1410000.0|0.0
1782409076679221251|1412000.0|0.0200330350758311
1782409076779526142|1411000.0|-0.00996960357596122
1782409076879029254|1411000.0|0.0
1782409076979724914|1414000.0|0.0297927437984914
1782409077079121338|1415000.0|0.0100607241161915
1782409077179107268|1408000.0|-0.0700098503859493
1782409077278917165|1411000.0|0.0300571395239492
1782409077379383864|1414000.0|0.0298606406885131
1782409077479318482|1410000.0|-0.0400261699104108
1782409077579081163|1410000.0|0.0
1782409077678913109|1405000.0|-0.0500841684484443
1782409077779067887|1410000.0|0.0499227305960381
1782409077878906328|1412000.0|0.0200323640870955
1782409077979346211|1413000.0|0.00995620434962076
1782409078079950862|1413000.0|0.0
1782409078179484119|1415000.0|0.0200937863411824
1782409078279147872|1409000.0|-0.0602024288609722
1782409078378991209|1410000.0|0.0100156908818062
1782409078479598996|1408000.0|-0.0198791769468103
1782409078579042637|1406000.0|-0.0201118943341988
1782409078679343111|1409000.0|0.0299101278424666
1782409078778914208|1408000.0|-0.0100430750501825
1782409078879327946|1409000.0|0.00995879667381768
1782409078978924115|1410000.0|0.0100405468407123
1782409079079610190|1409000.0|-0.00993185999156289
1782409079179071814|1409000.0|0.0
1782409079279396672|1407000.0|-0.0199352387819976
1782409079379279082|1407000.0|0.0
1782409079479753061|1405000.0|-0.0199056513925859
1782409079579013005|1405000.0|0.0
1782409079679903448|1406000.0|0.0099117415908264
1782409079779024848|1409000.0|0.0302659163409718
1782409079878950489|1409000.0|0.0
1782409079979058547|1410000.0|0.00998920586392756
1782409080079709566|1417000.0|0.0695472342907924
1782409080179663431|1410000.0|-0.0700323094059444
1782409080279970882|1406000.0|-0.0398773965455467
1782409080378922441|1406000.0|0.0
1782409080479439283|1410000.0|0.0397943262085373
1782409080579349868|1412000.0|0.0200178990043948
1782409080678979301|1412000.0|0.0
1782409080779752624|1409000.0|-0.0297697834177801
1782409080879420873|1412000.0|0.0300998565751867
1782409080979408034|1411000.0|-0.0100012840648611
1782409081078970010|1404000.0|-0.0703079657639579
1782409081179594276|1411000.0|0.0695657248322189
1782409081279418926|1410000.0|-0.0100175658016332
1782409081379040726|1410000.0|0.0
1782409081479561713|1408000.0|-0.019896342641363
1782409081578951352|1409000.0|0.0100614109283564
1782409081679575315|1406000.0|-0.0298139718468453
1782409081779390492|1410000.0|0.0400740660911717
1782409081879334885|1414000.0|0.0400222551754354
1782409081979188782|1416000.0|0.020029263354639
1782409082080103241|1417000.0|0.00990938275752933
1782409082179037424|1412000.0|-0.0505386495181347
1782409082278987401|1413000.0|0.0100050048035529
1782409082379817844|1410000.0|-0.0297529189671417
1782409082479014780|1412000.0|0.0201619130655407
1782409082579266502|1412000.0|0.0
1782409082679159695|1420000.0|0.0800855369594603
1782409082779406328|1413000.0|-0.0698277816472898
1782409082879081441|1406000.0|-0.0702281621692267
1782409082979378683|1413000.0|0.0697925472367426
1782409083079249284|1414000.0|0.010012956665796
1782409083179987054|1418000.0|0.0397070532730673
1782409083278890116|1419000.0|0.0101109104185268
1782409083379362126|1415000.0|-0.0398120829870926
1782409083479365640|1412000.0|-0.0299989458370433
1782409083579417457|1411000.0|-0.00999482098361092
1782409083679463242|1409000.0|-0.0199908471906138
1782409083779326371|1411000.0|0.0200274117186935
1782409083879110748|1416000.0|0.0501080444687248
1782409083979069829|1415000.0|-0.01000409357505
1782409084079164798|1417000.0|0.0199810242211075
1782409084179238503|1414000.0|-0.029977904785278
1782409084279257024|1414000.0|0.0
1782409084379430778|1418000.0|0.0399306189523455
1782409084479061298|1416000.0|-0.0200741700434766
1782409084579164059|1414000.0|-0.0199794688979658
1782409084679600277|1412000.0|-0.0199131353193725
1782409084779461342|1411000.0|-0.0100139128297901
1782409084878960838|1415000.0|0.0402012086573785
1782409084979644961|1412000.0|-0.0297961576325197
1782409085079567338|1412000.0|0.0
1782409085179062913|1411000.0|-0.0100506982345697
1782409085279139546|1411000.0|0.0
1782409085379372996|1408000.0|-0.0299301281159134
1782409085478888331|1410000.0|0.0200974050883716
1782409085579339941|1410000.0|0.0
1782409085679984159|1411000.0|0.00993599056033204
1782409085779422886|1415000.0|0.0402257764220976
1782409085879275935|1413000.0|-0.0200294334527532
1782409085979089704|1410000.0|-0.0300559735400834
1782409086078882016|1414000.0|0.0400832480963063
1782409086179520186|1412000.0|-0.0198731753568253
1782409086278887969|1412000.0|0.0
1782409086379208875|1411000.0|-0.00996801205124683
1782409086479303427|1411000.0|0.0
1782409086579015404|1411000.0|0.0
1782409086679105317|1413000.0|0.0199820335541704
1782409086779022269|1415000.0|0.0200166234054057
1782409086879060294|1415000.0|0.0
1782409086979076847|1414000.0|-0.00999834497395646
1782409087079529321|1415000.0|0.00995495641053101
1782409087179127649|1412000.0|-0.030120987573205
1782409087279374810|1414000.0|0.0199506896758902
1782409087379236034|1415000.0|0.0100138968855419
1782409087479652476|1412000.0|-0.0298755855141731
1782409087578909411|1412000.0|0.0
1782409087678884939|1411000.0|-0.0100024477990254
1782409087779035300|1410000.0|-0.0099849864744871
1782409087879717550|1412000.0|0.0198644746218921
1782409087979325830|1411000.0|-0.0100393260479952
1782409088078874381|1412000.0|0.0100453496304532
1782409088179209415|1408000.0|-0.0398664338918747
1782409088279028175|1409000.0|0.0100181569075793
1782409088378945351|1413000.0|0.040033157062005
1782409088479237873|1414000.0|0.00997083311954205
1782409088579341417|1409000.0|-0.0499482815513505
1782409088678957329|1404000.0|-0.0501927844619843
1782409088779220458|1410000.0|0.0598425369309988
1782409088879155458|1409000.0|-0.010006504227748
1782409088978923770|1412000.0|0.0300696678119602
1782409089079013635|1408000.0|-0.03996408627387
1782409089179225340|0.0|-14.0502549078473
1782409089279150196|1411000.0|14.1206107917734
1782409089380471551|2821000.0|13.9161186701461
1782409089479216149|0.0|-28.5686514213162
1782409089579054413|1413000.0|14.1528903186858
1782409089679734679|1407000.0|-0.0595945982105371
1782409089779725647|1411000.0|0.0400036131263376
1782409089878904822|1410000.0|-0.0100827618297894
1782409089979054031|1411000.0|0.00998510133015629
1782409090078901351|1413000.0|0.0200305826936567
1782409090179388688|1414000.0|0.00995150264555224
1782409090278906536|1417000.0|0.0301453463905289
1782409090379309249|1413000.0|-0.0398395609090762
1782409090478911576|1412000.0|-0.0100399260752211
1782409090579401202|1412000.0|0.0
1782409090678897721|1412000.0|0.0
1782409090779553907|1416000.0|0.0397392366923181
1782409090878905482|1413000.0|-0.0301957970973284
1782409090979039235|1412000.0|-0.00998664256596874
1782409091079396380|1414000.0|0.0199288251972493
1782409091179629988|1412000.0|-0.0199533872910172
1782409091279708109|1417000.0|0.0499609699906336
1782409091378931859|1416000.0|-0.0100782322780584
1782409091479065596|1412000.0|-0.0399465766467899
1782409091578913203|1410000.0|-0.0200305251181433
1782409091679121868|1412000.0|0.0199583539008328
1782409091779528549|1414000.0|0.0199189932391053
1782409091879055532|1412000.0|-0.0200950530169291
1782409091979097093|1413000.0|0.00999584562659913
1782409092078949532|1414000.0|0.0100147779064265
1782409092179225685|1413000.0|-0.00997246075046377
1782409092279033693|1416000.0|0.0300577083955027
1782409092379205701|1417000.0|0.00998282873594787
1782409092479043869|1416000.0|-0.0100162094320481
1782409092579524278|1416000.0|0.0
1782409092678902637|1417000.0|0.0100625529548138
1782409092779498694|1418000.0|0.00994074747880029
1782409092879569134|1412000.0|-0.0599577657498058
1782409092978956869|1412000.0|0.0
1782409093078972220|1417000.0|0.0499923256780852
1782409093178905668|1419000.0|0.0200133192642367
1782409093279894302|1414000.0|-0.0495105221445019
1782409093379449685|1414000.0|0.0
1782409093478948796|1416000.0|0.0201006821055919
1782409093579494725|1411000.0|-0.0497285176011452
1782409093679197325|1410000.0|-0.0100298287105853
1782409093779411701|1413000.0|0.0299358247762776
1782409093878900940|1415000.0|0.0201026766321934
1782409093979582309|1416000.0|0.00993232422177335
1782409094079816189|1415000.0|-0.00997666657222089
1782409094179215956|1416000.0|0.0100603857552302
1782409094279394092|1421000.0|0.0499110903800406
1782409094379044708|1420000.0|-0.010035060897165
1782409094479789869|1412000.0|-0.0794082804632175
1782409094579597188|1421000.0|0.0901737476787649
1782409094679335916|1419000.0|-0.0200523912837549
1782409094779056339|1418000.0|-0.0100280360824382
1782409094879861212|1414000.0|-0.0396806213921821
1782409094978917634|1417000.0|0.0302857698615442
1782409095079707035|1411000.0|-0.0595300690396999
1782409095179052369|1416000.0|0.0503294900593922
1782409095279183801|1415000.0|-0.00998687405169637
1782409095379283169|1413000.0|-0.0199801461283951
1782409095479497273|1410000.0|-0.0299359060277583
1782409095579051664|1412000.0|0.0200895207123511
1782409095679644489|1412000.0|0.0
1782409095779044575|1409000.0|-0.0301810604067284
1782409095879573080|1416000.0|0.0696319914436209
1782409095978949311|1413000.0|-0.0301883052900245
1782409096079562072|1419000.0|0.0596345825357084
1782409096179270799|1411000.0|-0.0802336991023865
1782409096279427991|1405000.0|-0.0599058328232684
1782409096378931581|1411000.0|0.0602993319135521
1782409096479785815|1417000.0|0.0594918008102664
1782409096579570222|1408000.0|-0.0901944529268987
1782409096679001524|1417000.0|0.0905147556048295
1782409096779032332|1415000.0|-0.0199938402976811
1782409096879370500|1415000.0|0.0
1782409096979052620|1413000.0|-0.0200637787398583
1782409097079457620|1411000.0|-0.0199193267267566
1782409097179580972|1413000.0|0.0199753599939403
1782409097279054338|1415000.0|0.0201058844233742
1782409097379030249|1415000.0|0.0
1782409097479057233|1409000.0|-0.059983813967639
1782409097578897832|1410000.0|0.0100159655492452
1782409097679422289|1413000.0|0.0298434837603749
1782409097779699545|1417000.0|0.0398894042333987
1782409097879319263|1415000.0|-0.0200763467328827
1782409097978973702|1417000.0|0.0200693518529566
1782409098078922045|1415000.0|-0.0200103367396496
1782409098179390742|1415000.0|0.0
1782409098278946012|1413000.0|-0.020089343336621
1782409098379000516|1413000.0|0.0
1782409098479481932|1413000.0|0.0
1782409098579249891|1413000.0|0.0
1782409098679095018|1409000.0|-0.0400620452914042
1782409098779074609|1412000.0|0.0300061239498369
1782409098878998712|1414000.0|0.0200151909294597
1782409098978918224|1413000.0|-0.0100080552835366
1782409099079391256|1411000.0|-0.0199058390116066
1782409099179453615|1414000.0|0.0299813039586644
1782409099279317318|1417000.0|0.0300409449066795
1782409099379879726|1412000.0|-0.0497203686689762
1782409099479126852|1408000.0|-0.0403034340762674
1782409099579627196|1410000.0|0.0199004293955452
1782409099679295859|1412000.0|0.0200664876983451
1782409099779634795|1407000.0|-0.0498311044478287
1782409099878878512|1411000.0|0.0403048184904239
1782409099978888856|1414000.0|0.0299968971209618
1782409100079193232|1412000.0|-0.0199393095272334
1782409100179424407|1411000.0|-0.0099769358186213
1782409100279508126|1407000.0|-0.0399665404120325
1782409100379679638|1417000.0|0.0998287816599993
1782409100479028172|1414000.0|-0.0301967213728589
1782409100579364995|1412000.0|-0.0199328615377826
1782409100679267194|1415000.0|0.0300293690231984
1782409100778952096|1418000.0|0.0300948282017672
1782409100878899000|1414000.0|-0.0400212496827315
1782409100979441488|1418000.0|0.0397841756213552
1782409101079313590|1416000.0|-0.0200256123576932
1782409101178983741|1415000.0|-0.0100330940604274
1782409101279281188|1415000.0|0.0
1782409101379566028|1416000.0|0.00997159690338041
1782409101478925202|1414000.0|-0.0201289918130761
1782409101579324554|1418000.0|0.0398408945906344
1782409101679370033|1419000.0|0.00999545416739921
1782409101779351896|1417000.0|-0.0200036280580209
1782409101879107615|1417000.0|0.0
1782409101979165141|1416000.0|-0.0099942507073381
1782409102078946284|1412000.0|-0.0400877348137814
1782409102179139763|1409000.0|-0.0299420683855084
1782409102279221994|1408000.0|-0.00999178365638152
1782409102379274721|1412000.0|0.0399789203146857
1782409102479408152|1414000.0|0.0199733493602152
1782409102579890288|1412000.0|-0.0199040354795006
1782409102679068725|1407000.0|-0.050414184284836
1782409102779221117|1415000.0|0.0798782719038802
1782409102878907747|1413000.0|-0.020062871018912
1782409102979352187|1412000.0|-0.00995575265290941
1782409103079048881|1406000.0|-0.0601825372464206
1782409103179291912|1406000.0|0.0
1782409103279138143|1401000.0|-0.0500770029065995
1782409103379252630|1406000.0|0.049942821961421
1782409103479616285|1409000.0|0.0298912987973585
1782409103578884659|1408000.0|-0.01007370182169
1782409103679319194|1405000.0|-0.0298702035111727
1782409103779033856|1409000.0|0.0401144618030195
1782409103879380456|1413000.0|0.0398618388664888
1782409103979055390|1409000.0|-0.04013045045006
1782409104079551942|1408000.0|-0.00995059014562012
1782409104179668589|1409000.0|0.0099883488906695
1782409104279018578|1408000.0|-0.0100654263786582
1782409104379570490|1406000.0|-0.0198902234698431
1782409104478881375|1409000.0|0.0302081690239695
1782409104579094390|1410000.0|0.00997874377893929
1782409104678884428|1416000.0|0.0601262422607756
1782409104779089395|1409000.0|-0.069856816578763
1782409104879565707|1413000.0|0.0398103783904807
1782409104978913136|1412000.0|-0.0100656857461304
1782409105079482568|1412000.0|0.0
1782409105179784831|1409000.0|-0.0299095943627912
1782409105278906292|1406000.0|-0.0302658977151275
1782409105379637964|1404000.0|-0.0198547285108104
1782409105479225601|1409000.0|0.0502070352367132
1782409105579453576|1410000.0|0.00997725435438559
1782409105679336511|1413000.0|0.0300351606608276
1782409105779582374|1414000.0|0.0099754740003585
1782409105879365292|1408000.0|-0.0601305325626978
1782409105979384051|1411000.0|0.0299943733555022
1782409106079454345|1412000.0|0.00999297553777548
1782409106179321711|1413000.0|0.0100132810151416
1782409106278993461|1412000.0|-0.0100329331029103
1782409106379113244|1409000.0|-0.0299641080924037
1782409106479246835|1404000.0|-0.0499332936137285
1782409106579240345|1406000.0|0.0200012980842457
1782409106679675408|1409000.0|0.0298700464796841
1782409106779572214|1408000.0|-0.0100103300600021
1782409106879288108|1406000.0|-0.0200569830923845
1782409106978984450|1405000.0|-0.0100304582890313
1782409107079446314|1405000.0|0.0
1782409107178882910|1408000.0|0.03016997886774
1782409107278886021|1410000.0|0.019999377819356
1782409107379559757|1407000.0|-0.0297992318473211
1782409107479331635|1408000.0|0.0100228643586322
1782409107579185049|1406000.0|-0.0200293602379985
1782409107679291295|1411000.0|0.0499469333811599
1782409107778902708|0.0|-14.1650435176539
1782409107878960507|1412000.0|14.111843495578
1782409107978920529|1411000.0|-0.0100039993988797
1782409108079211432|1411000.0|0.0
1782409108179238766|1408000.0|-0.0299918020408302
1782409108279078324|1404000.0|-0.0400642799320085
1782409108379824747|1411000.0|0.0694813750360149
1782409108478878992|1408000.0|-0.0302864354778536
1782409108579046471|1411000.0|0.0299498403069523
1782409108679225741|1410000.0|-0.00998210508022268
1782409108779713924|1412000.0|0.0199028377296861
1782409108878911513|1411000.0|-0.0100808901716351
1782409108978867983|1412000.0|0.0100043548956861
1782409109079281702|1412000.0|0.0
1782409109178958619|1409000.0|-0.0300972390628815
1782409109279388722|1411000.0|0.0199143477927131
1782409109379510585|1409000.0|-0.0199756570650308
1782409109479013758|1412000.0|0.0301497923086332
1782409109579285236|1413000.0|0.00997292570076607
1782409109679089706|1407000.0|-0.0601175478412941
1782409109778882431|1407000.0|0.0
1782409109879141350|1409000.0|0.01994834993184
1782409109979590093|1407000.0|-0.0199106523413638
1782409110079528451|1413000.0|0.0600370080124791
1782409110179383881|1411000.0|-0.020028955861489
1782409110278886158|1411000.0|0.0
1782409110378877587|1412000.0|0.0100008571734683
1782409110478882329|1407000.0|-0.0499976291124275
1782409110578889343|1414000.0|0.0699950905443492
1782409110678878997|1413000.0|-0.0100010347070508
1782409110779238332|1412000.0|-0.00996419515932424
1782409110878883073|1416000.0|0.0401426102356972
1782409110978872839|1412000.0|-0.0400040940189819
1782409111079453871|1413000.0|0.00994223244796295
1782409111178877299|1416000.0|0.0301739746893459
1782409111279071753|1413000.0|-0.0299417770169195
1782409111378882638|1414000.0|0.0100189473322474
1782409111479238149|1412000.0|-0.0199291496806787
1782409111579014714|1414000.0|0.0200447870699898
1782409111679653601|1416000.0|0.0198730337707332
1782409111778872454|1406000.0|-0.100787296946479
1782409111879225821|1406000.0|0.0
1782409111978896914|1407000.0|0.0100329992367998
1782409112079312280|1405000.0|-0.0199172704305036
1782409112179299502|1412000.0|0.0700089457430871
1782409112279057715|1410000.0|-0.0200484746052939
1782409112378876889|1409000.0|-0.0100181153572759
1782409112479012415|1413000.0|0.0399458629697516
1782409112579803206|1418000.0|0.0496077067199522
1782409112678987594|1412000.0|-0.060493391359132
1782409112778990928|1415000.0|0.0299989998333456
1782409112879014165|1418000.0|0.0299930305194982
1782409112979020603|1416000.0|-0.0199987124828904
1782409113079021281|1421000.0|0.0499996610022984
1782409113178956198|1420000.0|-0.0100065125385555
1782409113279231500|1417000.0|-0.0299176361493282
1782409113379021234|1417000.0|0.0
1782409113479043607|1416000.0|-0.00999776320043917
1782409113580066047|1422000.0|0.0593927448198638
1782409113679362579|1418000.0|-0.0402833806924898
1782409113778976136|1418000.0|0.0
1782409113879311294|1414000.0|-0.0398663846226265
1782409113978984051|1414000.0|0.0
1782409114079544698|1415000.0|0.00994424787262954
1782409114179594767|1411000.0|-0.0399799824226008
1782409114278903619|1417000.0|0.0604175748602954
1782409114379296554|1414000.0|-0.029882580880816
1782409114479144495|1415000.0|0.010015229057152
1782409114579287349|1409000.0|-0.0599144098689258
1782409114678946857|1409000.0|0.0
1782409114779711568|1410000.0|0.00992410924495184
1782409114879649094|1415000.0|0.0500312565272028
1782409114979070778|1411000.0|-0.0402326719792837
1782409115078909231|1409000.0|-0.0200323616793221
1782409115179088213|1407000.0|-0.0199642675546453
1782409115279067514|1410000.0|0.0300062109856119
1782409115379361616|1411000.0|0.00997067604234594
1782409115479249909|1410000.0|-0.0100111831924087
1782409115578896570|1412000.0|0.0200709183823028
1782409115679267648|1413000.0|0.00996302938980091
1782409115779345110|1409000.0|-0.0399690391828682
1782409115879707820|1409000.0|0.0
1782409115979280096|1408000.0|-0.0100429561336933
1782409116079457622|1414000.0|0.0598936731577899
1782409116179383067|1411000.0|-0.0300223831877857
1782409116279039776|1413000.0|0.0200688947093366
1782409116379166565|1411000.0|-0.0199746743101889
1782409116479237355|1414000.0|0.0299787780230375
1782409116578984912|1408000.0|-0.0601518491325056
1782409116679588518|1410000.0|0.0198800031084373
1782409116779613196|1409000.0|-0.00999753280885343
1782409116878905583|1412000.0|0.0302137967536222
1782409116978962453|1414000.0|0.0199886324647173
1782409117079063595|1407000.0|-0.0699292721355766
1782409117179184112|1407000.0|0.0
1782409117279403750|1411000.0|0.039912337340512
1782409117378894090|1409000.0|-0.0201024541679122
1782409117479986770|1409000.0|0.0
1782409117579584454|1407000.0|-0.0200807882239511
1782409117679151322|1411000.0|0.0401740064777372
1782409117779748704|1410000.0|-0.00994061654606479
1782409117879342725|1409000.0|-0.0100407633908064
1782409117979691739|1411000.0|0.0199304399742283
1782409118078907502|1409000.0|-0.0201580871781433
1782409118179342372|1408000.0|-0.00995670129308675
1782409118279516425|1408000.0|0.0
1782409118379436927|1408000.0|0.0
1782409118478908594|1411000.0|0.0301593417550748
1782409118579580729|1410000.0|-0.0099332352492574
1782409118679693918|1412000.0|0.0199773877945293
1782409118778883585|1411000.0|-0.0100816953040078
1782409118879549592|1409000.0|-0.0198676798613856
1782409118979527773|1411000.0|0.0200043647523453
1782409119079347633|1412000.0|0.0100180465089813
1782409119179148406|1412000.0|0.0
