1782421549910407592|1663000.0|
1782421550010632460|1655000.0|-0.0798205092173332
1782421550110880816|1666000.0|0.10972748520684
1782421550210504244|1666000.0|0.0
1782421550310591527|1665000.0|-0.00999127931167839
1782421550410543947|1663000.0|-0.0200095205298681
1782421550510558015|1684000.0|0.209970461355497
1782421550610483043|1746000.0|0.620465175151114
1782421550710344214|1658000.0|-0.881223393625136
1782421550810337674|1653000.0|-0.050003270213872
1782421550910713198|1643000.0|-0.0996258809069829
1782421551010318754|1658000.0|0.15059400903299
1782421551111023062|1655000.0|-0.0297901853414255
1782421551210477673|1664000.0|0.090493541822812
1782421551310310957|1661000.0|-0.0300500983219184
1782421551410500449|1657000.0|-0.0399243465572218
1782421551510516053|1700000.0|0.429932913268214
1782421551610294760|1744000.0|0.44097584868483
1782421551710483084|1652000.0|-0.918270675932257
1782421551810472432|1658000.0|0.0600063918808632
1782421551910476964|1656000.0|-0.0199990936410762
1782421552010297175|1662000.0|0.0601080676938261
1782421552110970204|1652000.0|-0.0993314703980944
1782421552210554319|1655000.0|0.03012528654796
1782421552311072435|1665000.0|0.0994845546050624
1782421552410344182|1649000.0|-0.161173752689171
1782421552510332490|1687000.0|0.380044434795316
1782421552610470733|1752000.0|0.649102661008342
1782421552710544353|1637000.0|-1.14915399283048
1782421552810368212|1608000.0|-0.290511710231519
1782421552910478392|1627000.0|0.189790888399162
1782421553010493068|1636000.0|0.0899867935381803
1782421553110556624|1646000.0|0.0999364843679951
1782421553210397763|1651000.0|0.0500795568848629
1782421553310354919|1700000.0|0.490210025583361
1782421553410383002|1678000.0|-0.219938234745536
1782421553510382670|1640000.0|-0.380001261604189
1782421553610337473|1764000.0|1.24056069621787
1782421553710437909|1645000.0|-1.188806010795
1782421553810349833|1558000.0|-0.870766936687157
1782421553911134285|1553000.0|-0.0496108268763519
1782421554010302960|1558000.0|0.0504191469735781
1782421554110939236|1555000.0|-0.0298103240624683
1782421554210772056|1550000.0|-0.0500837299797802
1782421554311015835|1556000.0|0.0598540883020781
1782421554410496382|1552000.0|-0.0402088661615421
1782421554510844466|1651000.0|0.986565921876495
1782421554611233398|1636000.0|-0.149418862230749
1782421554711465178|1550000.0|-0.858011301405602
1782421554810503405|1541000.0|-0.0908740016115192
1782421554911036961|1534000.0|-0.0696284929979001
1782421555011085956|1555000.0|0.209897160886024
1782421555110452231|1555000.0|0.0
1782421555210363322|1555000.0|0.0
1782421555310517709|1565000.0|0.0998458509860382
1782421555410483441|1728000.0|1.63055875987583
1782421555510477636|1763000.0|0.350020318679499
1782421555610460871|1747000.0|-0.160026828497798
1782421555710580587|1648000.0|-0.988816228763573
1782421555810351118|1631000.0|-0.170390994511195
1782421555910400065|1665000.0|0.339833661617648
1782421556010480709|1626000.0|-0.389685741830358
1782421556110536521|1551000.0|-0.749581643493134
1782421556210481180|1652000.0|1.01055925359653
1782421556310737616|1651000.0|-0.00997442199122259
1782421556410780851|1612000.0|-0.389831456369839
1782421556510486118|1683000.0|0.712098790127105
1782421556610729161|1586000.0|-0.967648198788219
1782421556710473085|1572000.0|-0.140359426805787
1782421556810543392|1647000.0|0.749473067970102
1782421556910439155|1758000.0|1.11115823801256
1782421557010799703|1668000.0|-0.896766725506521
1782421557110397802|1673000.0|0.0502017613810079
1782421557210483245|1679000.0|0.0599487779656428
1782421557310670464|1673000.0|-0.0598878785127273
1782421557410688836|1666000.0|-0.0699871419622787
1782421557510762055|1786000.0|1.19912201485195
1782421557610992907|1649000.0|-1.36684461187659
1782421557710635454|1650000.0|0.0100358735310128
1782421557810316176|1685000.0|0.351121052273277
1782421557911197140|1662000.0|-0.227991477163125
1782421558010469031|1667000.0|0.0503667246552199
1782421558110894954|1652000.0|-0.149363825115155
1782421558211130062|1643000.0|-0.0897888991150685
1782421558310357872|1661000.0|0.181400758517194
1782421558410306804|1688000.0|0.270137954050374
1782421558510884599|1806000.0|1.17322118664463
1782421558610342074|1661000.0|-1.45790952364314
1782421558711045582|1649000.0|-0.119161687992041
1782421558810479649|1645000.0|-0.0402276616121917
1782421558910612004|1662000.0|0.169775293909746
1782421559010397030|1658000.0|-0.0400861748535296
1782421559110544506|1678000.0|0.19970548234286
1782421559210390973|1666000.0|-0.12018452290355
1782421559310319536|1655000.0|-0.110078636875825
1782421559410342019|1662000.0|0.0699842654376017
1782421559510811495|1783000.0|1.20434588511241
1782421559610313097|1678000.0|-1.05525939170306
1782421559710345005|1667000.0|-0.109964912395753
1782421559810633808|1659000.0|-0.0797696229358725
1782421559910561123|1659000.0|0.0
1782421560010622646|1662000.0|0.0299815544482568
1782421560110742777|1656000.0|-0.0599280078848479
1782421560210533549|1664000.0|0.0801677333451233
1782421560310322463|1663000.0|-0.0100211532515526
1782421560410310002|1690000.0|0.270033648892989
1782421560511443799|1796000.0|1.0481164867171
1782421560610327833|1669000.0|-1.28433271644237
1782421560710346971|1696000.0|0.26994833728721
1782421560810307391|1693000.0|-0.0300118787015901
1782421560911150498|1673000.0|-0.198327883729326
1782421561010456757|1666000.0|-0.0704890111709877
1782421561110432840|1703000.0|0.37008851406991
1782421561210544763|1724000.0|0.209765224467819
1782421561310336814|1719000.0|-0.0501041911644846
1782421561410409472|1663000.0|-0.559593410619712
1782421561510408676|1650000.0|-0.130001034808237
1782421561610464646|1550000.0|-0.999440613088854
1782421561710846186|1540000.0|-0.0996199101946434
1782421561810579773|1536000.0|-0.0401068498619226
1782421561910395311|1540000.0|0.0400739211564436
1782421562010391410|0.0|-15.4006007774363
1782421562110556661|1545000.0|15.4245108415892
1782421562210804104|1553000.0|0.0798025342152617
1782421562310942395|1552000.0|-0.00998618999798988
1782421562410304381|1553000.0|0.0100642110756522
1782421562510337152|1628000.0|0.749754298018996
1782421562610382851|1604000.0|-0.239890372498672
1782421562710336150|1579000.0|-0.25011680705006
1782421562810298041|1598000.0|0.190072434704141
1782421562910327724|1737000.0|1.38958752873385
1782421563010405535|1620000.0|-1.16909031913178
1782421563110475394|1560000.0|-0.599581138612377
1782421563211404582|1551000.0|-0.0891714297751013
1782421563310899304|1554000.0|0.0301523532072385
1782421563410389258|1554000.0|0.0
1782421563510303357|1549000.0|-0.0500429874266293
1782421563610416576|1557000.0|0.0799095272323628
1782421563710415923|1701000.0|1.4400094032614
1782421563810354038|1703000.0|0.0200123846642495
1782421563910401944|1670000.0|-0.329841985898236
1782421564010469387|1643000.0|-0.269818026628301
1782421564110423790|1550000.0|-0.93042424554324
1782421564210313777|1542000.0|-0.0800881073295164
1782421564310317364|1553000.0|0.109996054441527
1782421564410429479|1584000.0|0.309652832726589
1782421564511017114|1719000.0|1.34211327267014
1782421564610496300|1717000.0|-0.0201047081346243
1782421564710485518|1663000.0|-0.540058229078259
1782421564810404321|1664000.0|0.0100081262983104
1782421564910886132|1672000.0|0.0796163994297436
1782421565010963143|1676000.0|0.0399692193045214
1782421565110299449|1666000.0|-0.100668128327623
1782421565210485964|1667000.0|0.00998138322308147
1782421565310560942|1664000.0|-0.0299775234524658
1782421565410566033|1683000.0|0.189990327592422
1782421565510526643|1690000.0|0.0700275838652845
1782421565610568086|1678000.0|-0.119950289001729
1782421565710566137|1668000.0|-0.100001949037987
1782421565810316683|1666000.0|-0.0200500155658296
1782421565910307614|1665000.0|-0.0100009069822542
1782421566010422128|1670000.0|0.0499428084922832
1782421566110567235|1685000.0|0.149782654882979
1782421566210546550|1688000.0|0.0300062067838732
1782421566310549048|1665000.0|-0.229994254743517
1782421566410565562|1666000.0|0.00999834887266717
1782421566510420669|1670000.0|0.0400580412977776
1782421566610321087|1667000.0|-0.0300299043793791
1782421566710316594|1667000.0|0.0
1782421566810376133|1669000.0|0.0199880992855664
1782421566910384247|1662000.0|-0.0699943206608216
1782421567010322345|1652000.0|-0.100061940342311
1782421567110288572|1666000.0|0.140047298174012
1782421567210345455|1660000.0|-0.0599658896030171
1782421567310310641|1664000.0|0.0400139304497468
1782421567410377267|1672000.0|0.0799467346885464
1782421567511432519|1654000.0|-0.178120381115867
1782421567610831049|1663000.0|0.0905445985971825
1782421567710392427|1659000.0|-0.0401762217473527
1782421567810301645|1651000.0|-0.08007269159088
1782421567910545600|1651000.0|0.0
1782421568010348082|1670000.0|0.190376026920854
1782421568110375044|1668000.0|-0.019994609053507
1782421568211278680|1665000.0|-0.0297313369361635
1782421568310467817|1678000.0|0.131062739259441
1782421568410533932|1660000.0|-0.179881071629492
1782421568510563102|1664000.0|0.0399883354025631
1782421568610498208|1656000.0|-0.0800519489117268
1782421568710383442|1665000.0|0.090103408077314
1782421568810493557|1654000.0|-0.109879006731737
1782421568910538407|1676000.0|0.219901374233656
1782421569010679738|1669000.0|-0.0699012079238292
1782421569110315948|1664000.0|-0.0501825591318658
1782421569210500462|1671000.0|0.0698710780789933
1782421569310393632|1683000.0|0.120128333098249
1782421569410373619|1684000.0|0.0100020017006003
1782421569510335077|1685000.0|0.0100038556860585
1782421569610454647|1678000.0|-0.0699164009593729
1782421569710326393|1712000.0|0.340436623587216
1782421569810371836|1682000.0|-0.299863732923847
1782421569910310750|1726000.0|0.440268942686329
1782421570010351072|1665000.0|-0.60975413493771
1782421570110791811|1595000.0|-0.69692836489385
1782421570210471733|1550000.0|-0.451444976050443
1782421570310320279|1556000.0|0.0600910102386468
1782421570410467193|1549000.0|-0.0698973110644228
1782421570510483035|1556000.0|0.0699889123565045
1782421570610333118|1620000.0|0.640960909366495
1782421570710306447|1559000.0|-0.610162736503453
1782421570810303233|1580000.0|0.210006749616933
1782421570910575748|1548000.0|-0.319130322002994
1782421571010408230|1605000.0|0.570956454834009
1782421571110510360|1554000.0|-0.509479668414648
1782421571210315834|1611000.0|0.571110959304697
1782421571310317148|1639000.0|0.279996320848344
1782421571410480367|1604000.0|-0.349429664396069
1782421571511221074|1619000.0|0.148897108693113
1782421571611146627|1547000.0|-0.72053641774692
1782421571710656437|1545000.0|-0.0200985209397948
1782421571810457431|1545000.0|0.0
1782421571910526697|1539000.0|-0.059958469166747
1782421572011017068|1550000.0|0.109463224093381
1782421572110323453|1547000.0|-0.0302095378862094
1782421572211263776|1621000.0|0.7331064316091
1782421572310305729|1602000.0|-0.191837897219171
1782421572410745235|1551000.0|-0.507768327733512
1782421572510550149|1551000.0|0.0
1782421572610597895|1570000.0|0.189909325893259
1782421572710424329|1587000.0|0.170295575218083
1782421572810320763|1747000.0|1.6016587739258
1782421572910397277|1725000.0|-0.219831797898156
1782421573010994528|1621000.0|-1.03382546705973
1782421573110708625|1550000.0|-0.71203573151748
1782421573210347907|1558000.0|0.0802896191082549
1782421573310396997|1543000.0|-0.149926401129685
1782421573410683623|1556000.0|0.129628451155591
1782421573510622105|1543000.0|-0.13008002262832
1782421573611202684|1550000.0|0.0695959405841161
1782421573710573869|1548000.0|-0.0201265588208493
1782421573810412047|1540000.0|-0.0801296674304293
1782421573910717441|1543000.0|0.0299086607446056
1782421574010866163|1548000.0|0.0499257494269373
1782421574111208645|1547000.0|-0.00996586869358085
1782421574211246999|1545000.0|-0.0199923321409307
1782421574310750073|1543000.0|-0.0200998815373282
1782421574410402474|1547000.0|0.0401395245860659
1782421574511405101|1553000.0|0.0594043954916143
1782421574610965950|1543000.0|-0.10044108804255
1782421574710351216|1537000.0|-0.0603711218119595
1782421574810463458|1535000.0|-0.0199775767682837
1782421574911109236|1537000.0|0.0198716731068441
1782421575010776518|1539000.0|0.0200667657416403
1782421575110345783|1542000.0|0.0301297795057541
1782421575210727785|1578000.0|0.358630026127592
1782421575311087739|1542000.0|-0.358708813278252
1782421575410445484|1565000.0|0.231486735130714
1782421575510542862|1749000.0|1.838209987878
1782421575610423535|1762000.0|0.130155310427274
1782421575710428993|1698000.0|-0.639965070706441
1782421575810405075|1738000.0|0.400095694888303
1782421575910415701|1709000.0|-0.289969187874096
1782421576010436071|1677000.0|-0.319934829275277
1782421576110430361|1668000.0|-0.0900051392934537
1782421576210359290|1669000.0|0.0100071121546795
1782421576310302876|1660000.0|-0.0900508012590223
1782421576410354366|1655000.0|-0.0499742682492784
1782421576515608884|1660000.0|0.047503899072532
1782421576610388705|1801000.0|1.48765843311732
1782421576710597347|1660000.0|-1.40706427295961
1782421576810358724|1654000.0|-0.0601435162628118
1782421576910407286|1660000.0|0.0599708769427391
1782421577010563016|1659000.0|-0.00998445121412424
1782421577110423193|1661000.0|0.0200280037556913
1782421577210388331|1658000.0|-0.0300104622473487
1782421577310318748|1652000.0|-0.0600417788709918
1782421577410522494|1656000.0|0.0399186673120983
1782421577510387104|1662000.0|0.0600813441318201
1782421577610408594|1768000.0|1.05977225494241
1782421577710306819|1639000.0|-1.29131423506274
1782421577810318581|1638000.0|-0.00999882393832837
1782421577910505015|1638000.0|0.0
1782421578010337320|1646000.0|0.0801343813508062
1782421578110415434|1642000.0|-0.0399687787881374
1782421578210384683|1641000.0|-0.0100030760459149
1782421578310476605|1644000.0|0.0299724487256824
1782421578410492782|1646000.0|0.019996765123306
1782421578510338463|1645000.0|-0.0100154557511606
1782421578610290065|1754000.0|1.09052779364157
1782421578710507491|1653000.0|-1.00780876172174
1782421578810287828|1654000.0|0.0100220146580583
1782421578910989686|1661000.0|0.0695121235995467
1782421579010484967|1661000.0|0.0
1782421579110357321|1655000.0|-0.0600766854859554
1782421579210339130|1651000.0|-0.0400072777238908
1782421579310399948|1658000.0|0.0699574532760666
1782421579410415005|1651000.0|-0.0699894616867538
1782421579510376143|1654000.0|0.0300116631325266
1782421579610316080|1787000.0|1.33079931799437
1782421579710409826|1649000.0|-1.37870751685125
1782421579810351843|1648000.0|-0.0100058016639788
1782421579910386853|0.0|-16.4742323712468
1782421580010404359|1653000.0|16.5271067646898
1782421580110389624|1651000.0|-0.0200029474343044
1782421580210435737|1665000.0|0.139935471556001
1782421580311126283|1669000.0|0.0397256759338657
1782421580410776716|1649000.0|-0.200701586514933
1782421580510401917|1653000.0|0.0401504836110695
1782421580610532143|1665000.0|0.11984393204106
1782421580710303056|1750000.0|0.851951710615297
1782421580810380098|1634000.0|-1.15910700078446
1782421580910424467|1647000.0|0.129942345880556
1782421581010439540|1647000.0|0.0
1782421581110387078|1627000.0|-0.200104979074122
1782421581210389223|1634000.0|0.0699984985322065
1782421581310715337|1623000.0|-0.109642440651095
1782421581410591818|1621000.0|-0.0200247343516238
1782421581511926220|1623000.0|0.0197366339616826
1782421581611046205|1648000.0|0.25221957004937
1782421581710543694|1778000.0|1.30656563604334
1782421581810312718|1662000.0|-1.16268552451711
1782421581910522576|1650000.0|-0.119748697777817
1782421582010684018|1662000.0|0.119806581858117
1782421582110386355|1664000.0|0.0200597103355762
1782421582210318276|1656000.0|-0.0800545003032615
1782421582310406245|1670000.0|0.139876951644408
1782421582410428006|1665000.0|-0.0499891218671905
1782421582515803453|1662000.0|-0.0284696301217114
1782421582610430393|1697000.0|0.369873526503129
1782421582710585290|1759000.0|0.619041123870358
1782421582810517611|1661000.0|-0.980663703387816
1782421582910589933|1651000.0|-0.0999277302669164
1782421583010483838|1653000.0|0.0200212415362078
1782421583110922544|1654000.0|0.00995632102229593
1782421583210590560|1653000.0|-0.0100333089804858
1782421583310313905|1654000.0|0.0100277422503226
1782421583410321314|1658000.0|0.0399970366195569
1782421583510353732|1657000.0|-0.00999675925058614
1782421583610441813|1690000.0|0.329709588497356
1782421583710430902|1829000.0|1.39015167944974
1782421583810344327|1652000.0|-1.77153370530537
1782421583910406025|1638000.0|-0.139913676060144
1782421584010488122|1632000.0|-0.0599507822063321
1782421584110521243|1652000.0|0.199933779932748
1782421584210404684|1630000.0|-0.220256729040803
1782421584310310157|1645000.0|0.150141924657121
1782421584410395966|1630000.0|-0.149871396853074
1782421584510384527|1634000.0|0.0400045761234628
1782421584610569696|1685000.0|0.509057383533485
1782421584710547521|1757000.0|0.720159695412458
1782421584810357394|1642000.0|-1.15219062547049
1782421584910549636|1644000.0|0.0199616253721521
1782421585010459541|1653000.0|0.0900811586198586
1782421585110308182|1658000.0|0.0500757942213755
1782421585210337287|1657000.0|-0.00999709034685455
1782421585310386600|1658000.0|0.00999507113057338
1782421585410426073|1659000.0|0.00999605425750294
1782421585510345786|1659000.0|0.0
1782421585610531563|1674000.0|0.149721851236429
1782421585710362812|1747000.0|0.731233964627649
1782421585810329133|1645000.0|-1.02034364153503
1782421585910389342|1644000.0|-0.00999398272294234
1782421586010396047|1642000.0|-0.019998659089908
1782421586110379296|1636000.0|-0.0600100522838581
1782421586210391825|1640000.0|0.0399949890278247
1782421586310304610|1645000.0|0.0500436455654799
1782421586410399795|1643000.0|-0.019980981103137
1782421586510416963|1645000.0|0.0199965669893793
1782421586610293732|1673000.0|0.280345472529253
1782421586710434373|1743000.0|0.699016895647792
1782421586810479302|1650000.0|-0.929582347946891
1782421586910444775|1645000.0|-0.0500172694626274
1782421587010591048|1650000.0|0.0499269703226999
1782421587110421641|1661000.0|0.11018666392175
1782421587210518938|1656000.0|-0.0499513987875217
1782421587310471979|1655000.0|-0.0100046981061837
1782421587410416011|1660000.0|0.0500279996708558
1782421587510372716|1660000.0|0.0
1782421587610421549|1712000.0|0.519746192341894
1782421587710464414|1726000.0|0.139940014712693
1782421587810323855|1664000.0|-0.620872692447778
1782421587910400560|1682000.0|0.179862036824654
1782421588010408465|1676000.0|-0.0599952573749045
1782421588110383650|1661000.0|-0.150037231739056
1782421588210449602|1661000.0|0.0
1782421588310424595|1660000.0|-0.0100025013255065
1782421588410630148|1652000.0|-0.0798358949229091
1782421588510378629|1668000.0|0.160403445141185
1782421588610435637|1739000.0|0.709595473812289
1782421588710479974|1702000.0|-0.369836025801241
1782421588810373463|1673000.0|-0.290309211243988
1782421588910405960|1664000.0|-0.0899707622014074
1782421589010411689|1663000.0|-0.00999942713281956
1782421589110477386|1657000.0|-0.0599606076795728
1782421589210316122|1665000.0|0.080129219584671
1782421589310341099|1661000.0|-0.039990011694779
1782421589410320124|1672000.0|0.110023077340472
1782421589510373612|1662000.0|-0.0999465405943669
1782421589610449421|1774000.0|1.11915158237692
1782421589710302254|1661000.0|-1.13166543807525
1782421589810358607|1659000.0|-0.0199887357477441
1782421589910295535|1654000.0|-0.0500315559029391
1782421590010502112|1672000.0|0.17962892794951
1782421590110477313|1665000.0|-0.0700173636060007
1782421590210524066|1655000.0|-0.0999532688482154
1782421590310308994|1660000.0|0.0501077677783162
1782421590410292323|1659000.0|-0.0100016673779686
1782421590510347907|1660000.0|0.0099944446878647
1782421590610386932|1663000.0|0.0299882970670696
1782421590710432901|1653000.0|-0.0999540521217801
1782421590810356661|1655000.0|0.0200152596339449
1782421590910303750|1641000.0|-0.140074114614784
1782421591010459799|1658000.0|0.169735130026944
1782421591110427959|1667000.0|0.0900286651269764
1782421591210424344|1668000.0|0.0100003615130687
1782421591310283976|1663000.0|-0.0500702826543563
1782421591410328793|1668000.0|0.0499776015383186
1782421591510393577|1671000.0|0.0299805773827484
1782421591610441498|1659000.0|-0.119942522343868
1782421591710407435|1658000.0|-0.0100034074606833
1782421591810326635|1663000.0|0.050040432669597
1782421591910295084|1793000.0|1.30041029245137
1782421592010345948|1677000.0|-1.15941027755642
1782421592110356845|1662000.0|-0.149983656280975
1782421592210434525|1661000.0|-0.00999223802949869
1782421592310379086|1665000.0|0.0400221879007503
1782421592410378718|1704000.0|0.390001435205282
1782421592510334463|1685000.0|-0.190084121728071
1782421592610379567|1693000.0|0.0799639330676292
1782421592710416208|1690000.0|-0.0299890117262134
1782421592810397648|1692000.0|0.0200037126890751
1782421592910457649|1785000.0|0.929442325310391
1782421593010443570|1685000.0|-1.00014080982462
1782421593110334722|1674000.0|-0.110119863268771
1782421593210346178|1663000.0|-0.109987399843474
1782421593310470979|1657000.0|-0.0599252127352543
1782421593410460483|1661000.0|0.0400041988407103
1782421593510468387|1656000.0|-0.0499960483123414
1782421593610459476|1664000.0|0.080007129435304
1782421593710475636|1655000.0|-0.0899854583499306
1782421593810378644|1662000.0|0.0700679603160698
1782421593910356837|1783000.0|1.21026392225353
1782421594010377269|1670000.0|-1.12976916556409
1782421594110379078|1652000.0|-0.179996743858904
1782421594210292566|1651000.0|-0.0100086586908066
1782421594310388278|1655000.0|0.0399617518081094
1782421594410514087|1645000.0|-0.0998743490801657
1782421594510399991|1656000.0|0.110125648960438
1782421594610348391|1652000.0|-0.0400206506557384
1782421594710327336|1643000.0|-0.0900189534906575
1782421594810320552|1660000.0|0.170011533582438
1782421594910433625|1770000.0|1.0987576018169
1782421595010317881|1658000.0|-1.1212978349661
1782421595110452393|1656000.0|-0.0199731337383459
1782421595210449673|1663000.0|0.0700019040517902
1782421595310437290|1657000.0|-0.0600074307201461
1782421595410343914|1657000.0|0.0
1782421595510551850|1661000.0|0.0399169981906423
1782421595610440794|1653000.0|-0.0800889435771791
1782421595710633115|1652000.0|-0.00998080481636911
1782421595810350267|1653000.0|0.0100283650299198
1782421595910299915|1633000.0|-0.200100754732023
1782421596010412651|1679000.0|0.459481998374313
1782421596110627612|1717000.0|0.379184900346366
1782421596210427132|1701000.0|-0.160321412367514
1782421596310431484|1676000.0|-0.249989120473477
1782421596410451676|1682000.0|0.0599878872458073
1782421596510439708|1729000.0|0.470056256332758
1782421596610397005|1680000.0|-0.490209334091937
1782421596710408733|1658000.0|-0.219974201425657
1782421596810333037|1695000.0|0.370280287366325
1782421596910337997|1811000.0|1.15994246685364
1782421597010364333|1698000.0|-1.12970248155446
1782421597110499486|1658000.0|-0.399460117667169
1782421597210446766|1668000.0|0.100052747808645
1782421597310464334|1661000.0|-0.0699877045600629
1782421597410445966|1665000.0|0.0400073485497816
1782421597510337934|0.0|-16.6680067810857
1782421597610416334|1667000.0|16.6569409582887
1782421597710437662|1678000.0|0.109976544202652
1782421597810322606|1662000.0|-0.160184301650107
1782421597910485950|1673000.0|0.109820614615263
1782421598010439566|1826000.0|1.5307100045285
1782421598110306126|1633000.0|-1.93257883319502
1782421598210356510|1661000.0|0.279858995843534
1782421598310455838|1658000.0|-0.0299702311687847
1782421598410440654|1634000.0|-0.240036447134133
1782421598510427982|1648000.0|0.140017743048399
1782421598610429582|1651000.0|0.0299995200076799
1782421598710423294|1679000.0|0.28001760750716
1782421598810737070|1657000.0|-0.219311852043133
1782421598910477390|1757000.0|1.00260356092702
1782421599010449998|1776000.0|0.190052059060018
1782421599110440510|1660000.0|-1.16011007124356
1782421599210440766|1668000.0|0.0799997952005243
1782421599310659470|1654000.0|-0.139694482578821
1782421599410485678|1657000.0|0.0300522283687266
1782421599510437390|1670000.0|0.130062804727147
1782421599610463982|1666000.0|-0.0399893660277859
1782421599710425134|1659000.0|-0.0700272041682753
1782421599810319070|1667000.0|0.0800849412921321
1782421599910351054|1693000.0|0.259916868188878
1782421600010403566|1778000.0|0.849553882265345
1782421600110404846|1708000.0|-0.699991040114686
1782421600210323005|1704000.0|-0.0400327632137418
1782421600310440141|1712000.0|0.079906400838314
1782421600410428093|1702000.0|-0.100012049451718
1782421600510367261|1715000.0|0.130079129736201
1782421600610420813|1714000.0|-0.00999464766628175
1782421600710780253|1708000.0|-0.0597851084063442
1782421600810590061|1706000.0|-0.0200381108838522
1782421600910372205|1712000.0|0.0601309989891578
1782421601010388044|1713000.0|0.00999841635083419
1782421601110360397|1712000.0|-0.010002765464568
1782421601210510076|1691000.0|-0.209686143876707
1782421601310340972|1704000.0|0.130220207579826
1782421601410473068|1696000.0|-0.0798944626106698
1782421601510435516|1700000.0|0.0400150264427298
1782421601610425196|1702000.0|0.0200020642130268
1782421601710401451|1717000.0|0.150035625959384
1782421601810345307|1727000.0|0.100056175539195
1782421601910444011|1779000.0|0.51948724530939
1782421602010371659|1663000.0|-1.16083989087785
1782421602110360154|1666000.0|0.0300034518971408
1782421602210287306|1652000.0|-0.140102061549798
1782421602310285210|1655000.0|0.0300006288131799
1782421602410294953|1656000.0|0.0099990257949168
1782421602510394905|1660000.0|0.0399600591217067
1782421602610454169|1661000.0|0.00999407711014145
1782421602710375513|1658000.0|-0.0300236153749093
1782421602810414008|1646000.0|-0.119953823775538
1782421602910497016|1773000.0|1.26894667274589
1782421603010404632|1664000.0|-1.09100791675381
1782421603110432071|1652000.0|-0.119967082232306
1782421603210354855|1658000.0|0.0600463654015084
1782421603310474247|1657000.0|-0.00998807503745129
1782421603410475318|1643000.0|-0.139998500616058
1782421603510361430|1656000.0|0.130148223208448
1782421603610319013|1659000.0|0.0300127304998961
1782421603710358517|1652000.0|-0.0699723581196484
1782421603810342549|1665000.0|0.130020761715231
1782421603910333556|1768000.0|1.03009263623078
1782421604010301412|1645000.0|-1.23039549832898
1782421604110324388|1654000.0|0.0899793263499778
1782421604210280659|1651000.0|-0.030013124439186
1782421604310303123|1659000.0|0.0799820328361437
1782421604410299074|1646000.0|-0.130005263913136
1782421604510520770|1637000.0|-0.0898009149635624
1782421604610376450|1635000.0|-0.0200289057167304
1782421604710676034|1652000.0|0.169492228402463
1782421604810407969|1685000.0|0.330886992215683
1782421604910529697|1722000.0|0.369550153988553
1782421605010693296|1633000.0|-0.888546347061671
1782421605110526032|1616000.0|-0.170284825210039
1782421605210541455|1631000.0|0.149976869067484
1782421605310575503|1624000.0|-0.0699761745121021
1782421605410349758|1627000.0|0.0300678767283203
1782421605510408573|1652000.0|0.249853048929272
1782421605610422525|1640000.0|-0.119983259935574
1782421605710431740|1625000.0|-0.149986178773626
1782421605810380700|1653000.0|0.280142984979534
1782421605910433883|1721000.0|0.679638547831107
1782421606010421547|1623000.0|-0.980120907715176
1782421606110435130|1631000.0|0.0799891350757827
1782421606210631354|1626000.0|-0.0499020801422616
1782421606310618041|1747000.0|1.21016110874841
1782421606411033545|1628000.0|-1.18507596197496
1782421606510791000|1645000.0|0.170413329008845
1782421606610495752|1685000.0|0.401184489180616
1782421606710983927|1646000.0|-0.388105366626471
1782421606810903639|1654000.0|0.0800642820107408
1782421606910359142|1770000.0|1.166350744815
1782421607010415269|1681000.0|-0.889500749914096
1782421607110416628|1618000.0|-0.629991438416352
1782421607210403716|1689000.0|0.71009168703863
1782421607310284195|1640000.0|-0.490586353715825
1782421607410548227|1618000.0|-0.219420659244982
1782421607510403826|1636000.0|0.180260297672442
1782421607610482097|1636000.0|0.0
1782421607710493489|1633000.0|-0.0299965827892886
1782421607810370752|1647000.0|0.140172042960368
1782421607910537343|1756000.0|1.08818717809813
1782421608010471295|1647000.0|-1.09072039900914
1782421608110575486|1638000.0|-0.0899063257001897
1782421608210446429|1645000.0|0.0700904566406267
1782421608310365228|1652000.0|0.0700568868927258
1782421608410531468|1645000.0|-0.0698838251291054
1782421608510483675|1654000.0|0.0900430342673674
1782421608610339946|1647000.0|-0.0701007551143183
1782421608710530682|1664000.0|0.169676366086381
1782421608810429385|1645000.0|-0.190192659458251
1782421608910497240|1791000.0|1.45900998877212
1782421609010475639|1660000.0|-1.31028303423823
1782421609110494759|1661000.0|0.00999808836550452
1782421609210400150|1652000.0|-0.090085228734053
1782421609312245863|1667000.0|0.147281604283138
1782421609410450708|1697000.0|0.305483909678794
1782421609510562052|1646000.0|-0.509432777168589
1782421609610303026|1630000.0|-0.160415517899394
1782421609710700722|1622000.0|-0.0796831034847652
1782421609810359809|1662000.0|0.401368316769749
1782421609910456384|1758000.0|0.959073774502274
1782421610010387823|1708000.0|-0.500343040191786
1782421610110401998|1685000.0|-0.229967402120749
1782421610210648606|1655000.0|-0.299261995976961
1782421610310483101|1647000.0|-0.0801326234985212
1782421610410368444|1665000.0|0.180206619503724
1782421610510449003|1683000.0|0.179855110521515
1782421610610434618|1690000.0|0.070010070948706
1782421610710497929|1647000.0|-0.429727934947106
1782421610810293176|1671000.0|0.240492415435376
1782421610910421960|1754000.0|0.828932467610912
1782421611010439143|1658000.0|-0.959835071539657
1782421611110426886|1665000.0|0.0700085809517673
1782421611210450821|1655000.0|-0.0999760707274714
1782421611310313636|1648000.0|-0.0700961614190427
1782421611410427539|1652000.0|0.0399544906365303
1782421611510441698|1657000.0|0.0499929215022445
1782421611610445425|1658000.0|0.00999962731389001
1782421611711223617|1642000.0|-0.158764507305311
1782421611810391151|1674000.0|0.322686253345777
1782421611910787150|1735000.0|0.607593934096916
1782421612011117502|1647000.0|-0.877102474433659
1782421612110480332|1655000.0|0.0805130047121242
1782421612210478411|1663000.0|0.0800015368295225
1782421612310626826|1665000.0|0.0199703609887386
1782421612410436761|1652000.0|-0.13024755501544
1782421612511057545|1656000.0|0.0397532183808069
1782421612610404503|1647000.0|-0.0905916012043368
1782421612711207431|1649000.0|0.0198406935163629
1782421612810523222|1688000.0|0.392686798416578
1782421612910575012|1741000.0|0.529725655083232
1782421613010449267|1657000.0|-0.841057587863859
1782421613110487522|1650000.0|-0.0699732317401978
1782421613210342657|1655000.0|0.0500725375815675
1782421613310541376|1656000.0|0.00998016751092397
1782421613410435311|1659000.0|0.0300318532851869
1782421613510491198|1671000.0|0.119932973059346
1782421613610432253|1670000.0|-0.0100058979765623
1782421613710350444|1664000.0|-0.0600491255891532
1782421613810437115|1701000.0|0.369679594998219
1782421613910537194|1743000.0|0.419580088443287
1782421614010469353|1663000.0|-0.800543096442057
1782421614110469447|1671000.0|0.0799999248000707
1782421614210480118|1673000.0|0.0199978660277162
1782421614310467221|1665000.0|-0.0800103189308325
1782421614410557988|1671000.0|0.0599455891870626
1782421614510420723|1654000.0|-0.17023367124884
1782421614610462369|1648000.0|-0.0599750228020039
1782421614710544624|1648000.0|0.0
1782421614818100742|1676000.0|0.260329217162709
1782421614911129343|1751000.0|0.806203674932186
1782421615010335693|1661000.0|-0.9071999927424
1782421615111245613|1671000.0|0.0990982848861638
1782421615210496811|0.0|-16.8360688200459
1782421615311174458|1667000.0|16.5577965881543
1782421615410653448|1664000.0|-0.030157121619349
1782421615510706311|1663000.0|-0.0099947164930203
1782421615610426086|1662000.0|-0.0100281012467186
1782421615710492021|1660000.0|-0.0199868216891193
1782421615813702070|1651000.0|-0.0872008112310847
1782421615910298626|1691000.0|0.414093438279518
1782421616010559297|1737000.0|0.458804030944497
1782421616110502639|1661000.0|-0.760430844908108
1782421616211148159|1630000.0|-0.30801172272745
1782421616311047757|1624000.0|-0.0600603017441572
1782421616410615244|1624000.0|0.0
1782421616511383739|1628000.0|0.0396949463222607
1782421616610774121|1616000.0|-0.120736028562603
1782421616711257896|1614000.0|-0.0199037108229662
1782421616814245738|1618000.0|0.0388395360298937
1782421616910656853|1679000.0|0.632707131330241
1782421617010547204|1730000.0|0.510559823741134
1782421617110621010|1646000.0|-0.839380486837884
1782421617210392321|1659000.0|0.130297977140944
1782421617310607744|1651000.0|-0.0798280320584986
1782421617411136607|1649000.0|-0.0198947838492911
1782421617510794701|1653000.0|0.0401372316030848
1782421617610403964|1653000.0|0.0
1782421617710441930|1646000.0|-0.0699734338860908
1782421617812621099|1643000.0|-0.0293601918019122
1782421617910432376|1691000.0|0.490740960267802
1782421618010400102|1720000.0|0.290093624816473
1782421618110518821|1640000.0|-0.799051374199065
1782421618210415619|1638000.0|-0.0200206617233117
1782421618310558578|1650000.0|0.119828694097206
1782421618410436272|1642000.0|-0.080097964616604
1782421618510525999|1645000.0|0.0299731060311514
1782421618610411854|1641000.0|-0.0400457101758803
1782421618710400876|1645000.0|0.0400043916821189
1782421618810341691|1644000.0|-0.0100059220049386
1782421618910353769|1682000.0|0.379954109142698
1782421619010393016|1696000.0|0.139945075756118
1782421619110398694|1628000.0|-0.679961391792174
1782421619210413173|1635000.0|0.0699898661672776
1782421619310350947|1639000.0|0.0400249058979441
1782421619410355714|1636000.0|-0.0299985699681696
1782421619510392080|1634000.0|-0.0199927294440104
1782421619610419967|1649000.0|0.149958181162019
1782421619710457421|1631000.0|-0.179932608040984
1782421619810317643|1640000.0|0.0901259762871346
1782421619910539658|1687000.0|0.468958841029089
1782421620010442344|1745000.0|0.580564970995875
1782421620110781063|1664000.0|-0.807265637903948
1782421620210439909|1646000.0|-0.180616179320399
1782421620310332563|1655000.0|0.09009671521992
1782421620410372274|1661000.0|0.0599761828580253
1782421620510284960|1671000.0|0.10008739030397
1782421620610736255|1657000.0|-0.139371025530333
1782421620710596413|1656000.0|-0.0100140037831705
1782421620810364443|1666000.0|0.100232509351944
1782421620910412698|1724000.0|0.579720255990472
1782421621010508296|1753000.0|0.289723030577229
1782421621110644214|1650000.0|-1.02860194480865
1782421621210481125|1650000.0|0.0
1782421621310384995|1668000.0|0.180173200497638
1782421621410377921|1669000.0|0.010000707450045
1782421621510375440|1658000.0|-0.110002729167711
1782421621610366558|1671000.0|0.13001154762566
1782421621710461068|1675000.0|0.0399622316948252
1782421621810464571|1642000.0|-0.329988440504929
1782421621910441577|1684000.0|0.420096597011517
1782421622010390615|1731000.0|0.470239643527134
1782421622110493206|1646000.0|-0.849128870200772
1782421622210703108|1664000.0|0.179622967798132
1782421622310515154|1663000.0|-0.0100188307932291
1782421622410496401|1642000.0|-0.21003938868656
1782421622510520543|1638000.0|-0.039990345530782
1782421622610408141|1645000.0|0.0700787699389868
1782421622710360203|1632000.0|-0.130062349289002
1782421622810353673|1647000.0|0.150009795639655
1782421622911155224|1742000.0|0.942445816136301
1782421623010476886|1690000.0|-0.523551448424212
1782421623110361156|1661000.0|-0.290336005859581
1782421623210368018|1669000.0|0.0799945107766705
1782421623310622497|1659000.0|-0.0997461669518027
1782421623411132752|1654000.0|-0.049746167692043
1782421623510335085|1659000.0|0.050402040443948
1782421623610520235|1663000.0|0.0399260768686776
1782421623710524426|1656000.0|-0.0699970664229462
1782421623810369640|1642000.0|-0.140217036341872
1782421623910351350|1775000.0|1.33024330149984
1782421624010483252|1653000.0|-1.21839291537676
1782421624110643490|1648000.0|-0.049920009175697
1782421624210490848|1657000.0|0.0901375878167953
1782421624310360222|1654000.0|-0.0300392390564098
1782421624410506701|1654000.0|0.0
1782421624510436715|1654000.0|0.0
1782421624610484249|1652000.0|-0.0199904977168153
1782421624710728071|1646000.0|-0.0598540626274206
1782421624812047031|1651000.0|0.0493491050441102
1782421624910996996|1767000.0|1.17230966175683
1782421625010473425|1612000.0|-1.55815806375599
1782421625110340319|1640000.0|0.280373193542997
1782421625210488269|1615000.0|-0.249630671421632
1782421625310803100|1645000.0|0.299058471224459
1782421625410345465|1624000.0|-0.210965451745094
1782421625510836568|1642000.0|0.179120334662861
1782421625611156982|1630000.0|-0.119616731246743
1782421625710485891|1644000.0|0.14094587508255
1782421625810363265|1622000.0|-0.220270108423155
1782421625910503039|1746000.0|1.23826922157823
1782421626010490973|1663000.0|-0.830100159885292
1782421626110328987|1660000.0|-0.0300486746461123
1782421626210352473|1654000.0|-0.0599859117087761
1782421626310473271|1660000.0|0.0599276086473062
1782421626410798678|1659000.0|-0.00996756484626073
1782421626510476835|1664000.0|0.0501614410868371
1782421626610625105|1664000.0|0.0
1782421626710513423|1658000.0|-0.0600670841208879
1782421626810455629|1662000.0|0.0400231309683118
1782421626910337979|1773000.0|1.11130745321871
1782421627010581497|1655000.0|-1.1771334681211
1782421627110338599|1649000.0|-0.0601460936585748
1782421627210506053|1649000.0|0.0
1782421627310474019|1655000.0|0.0600192265590359
1782421627410491952|1644000.0|-0.109980277236883
1782421627510489887|1644000.0|0.0
1782421627610461068|1648000.0|0.0400115309230967
1782421627710601434|1639000.0|-0.0898738476749725
1782421627810419768|1637000.0|-0.0200363993251981
1782421627910473078|1779000.0|1.41924340134274
1782421628010451764|1656000.0|-1.23026221808916
1782421628110424258|1657000.0|0.0100027513567882
1782421628210490272|1664000.0|0.0699538206848131
1782421628310406334|1650000.0|-0.140117611921094
1782421628410393308|1656000.0|0.0600078166181927
1782421628510366841|1650000.0|-0.0600158844041252
1782421628610572071|1649000.0|-0.00997951903308839
1782421628710416421|1652000.0|0.0300467677940715
1782421628811120884|1646000.0|-0.0595802789792941
1782421628910479777|1770000.0|1.24800102191155
1782421629010567743|1650000.0|-1.19894533574596
1782421629110372316|1647000.0|-0.0300587428994862
1782421629210408090|1647000.0|0.0
1782421629310393464|1652000.0|0.0500073140697558
1782421629410346390|1652000.0|0.0
1782421629510475780|1655000.0|0.0299612331604137
1782421629610405649|1652000.0|-0.0300210540654266
1782421629710384543|1645000.0|-0.0700147773189009
1782421629810388524|1647000.0|0.0199992038316955
1782421629910460522|1734000.0|0.869374068058479
1782421630010392120|1657000.0|-0.770527055916788
1782421630110458486|1667000.0|0.0999336780152484
1782421630210406979|1666000.0|-0.0100051533543382
1782421630310407521|1661000.0|-0.0499997290014688
1782421630410387006|1656000.0|-0.0500102596047579
1782421630510355324|1661000.0|0.0500158460203362
1782421630610471514|1654000.0|-0.0699187613911396
1782421630710745784|1646000.0|-0.0797811841462421
1782421630810385173|1641000.0|-0.0501809580546505
1782421630910411747|1780000.0|1.38963071953259
1782421631011458626|1648000.0|-1.30632436455558
1782421631110439598|1649000.0|0.010102951908777
1782421631210784844|1658000.0|0.0896903476623098
1782421631311087866|1655000.0|-0.0299093680347936
1782421631410523687|1648000.0|-0.0703971660273213
1782421631510309253|1650000.0|0.0200429789615063
1782421631611335636|1650000.0|0.0
1782421631710426817|1641000.0|-0.0908254388450573
1782421631810447486|1636000.0|-0.0499896676355964
1782421631910415964|1732000.0|0.96030270661918
1782421632010486874|1674000.0|-0.579589013430576
1782421632110391399|1687000.0|0.13012423611443
1782421632210432148|1690000.0|0.0299877802794139
1782421632310335538|1682000.0|-0.0800773627401433
1782421632410463040|1705000.0|0.22970711882935
1782421632510360061|1661000.0|-0.440453574686677
1782421632610361642|1652000.0|-0.0899985771224957
1782421632710727704|1657000.0|0.0498176365632439
1782421632810480950|1657000.0|0.0
1782421632910384627|1703000.0|0.460443513005032
1782421633010434849|1737000.0|0.339829330913429
1782421633110567006|0.0|-17.3470746265857
1782421633210482284|1658000.0|16.5940588185122
1782421633310479769|1659000.0|0.0100002515063254
1782421633410405831|1660000.0|0.0100073992708729
1782421633510399972|1658000.0|-0.0200011718686598
1782421633610441906|1661000.0|0.0299874250731698
1782421633710427375|1655000.0|-0.0600087198670839
1782421633810395325|1653000.0|-0.0200064120550636
1782421633910566986|1656000.0|0.0299485899510042
1782421634010327304|1762000.0|1.06254673326122
1782421634110338597|1716000.0|-0.459948058065803
1782421634211231923|1661000.0|-0.545130210099328
1782421634310454528|1678000.0|0.171331925824765
1782421634410566398|1666000.0|-0.119865906010946
1782421634510371227|1672000.0|0.0601173315972517
1782421634610340312|1668000.0|-0.0400123698241311
1782421634710629894|1672000.0|0.039884501662396
1782421634810445603|1660000.0|-0.120221557510552
1782421634910393392|1661000.0|0.0100052238274125
1782421635010419614|1788000.0|1.26966706790145
1782421635110452107|1666000.0|-1.21960371416516
1782421635211390937|1704000.0|0.376465627747023
1782421635310505670|1694000.0|-0.100893173974448
1782421635410466323|1710000.0|0.160062979980733
1782421635510481648|1696000.0|-0.139978548287475
1782421635610364478|1699000.0|0.0300351922347414
1782421635710356235|1702000.0|0.030002473103858
1782421635810508745|1689000.0|-0.129802038910458
1782421635910499494|1688000.0|-0.0100009251855889
1782421636010767171|1826000.0|1.37631591883793
1782421636110448048|1710000.0|-1.16371367800065
1782421636210521886|1736000.0|0.259808162848716
1782421636310458187|1692000.0|-0.44028045424655
1782421636410481832|1691000.0|-0.00999763605895386
1782421636510775254|1691000.0|0.0
1782421636611219780|1686000.0|-0.0497787206442689
1782421636710369424|1680000.0|-0.0605145894421971
1782421636810438302|1679000.0|-0.00999311694091344
1782421636910361403|1682000.0|0.0300230874540213
1782421637010864281|1766000.0|0.83579696095867
1782421637110436901|1711000.0|-0.55236067907021
1782421637210395171|1656000.0|-0.550229610816594
1782421637310475040|1695000.0|0.389688759484687
1782421637410487597|1650000.0|-0.44994350059463
1782421637510525482|1659000.0|0.0899659164125671
1782421637610472087|1653000.0|-0.0600320541152949
1782421637710471461|1641000.0|-0.120000751204703
1782421637810528162|1625000.0|-0.159909329810904
1782421637910364591|1625000.0|0.0
1782421638010522332|1783000.0|1.5775116173996
1782421638110478105|1657000.0|-1.26055750676852
1782421638210618839|1655000.0|-0.0199718927564481
1782421638310614244|1671000.0|0.16000735233784
1782421638410525569|1661000.0|-0.100088753702346
1782421638510653582|1657000.0|-0.0399488602655083
1782421638611089963|1645000.0|-0.119478618011933
1782421638710402280|1623000.0|-0.221523378615766
1782421638810417573|1639000.0|0.159975534941441
1782421638912118435|1638000.0|-0.00983275834967849
1782421639010503519|1791000.0|1.55511378127197
1782421639110437100|1658000.0|-1.33088395981727
1782421639210844665|1667000.0|0.0896346804147675
1782421639310346550|1660000.0|-0.0703504260245924
1782421639410369731|1658000.0|-0.0199953648744685
1782421639510799185|1661000.0|0.0298717147262396
1782421639610587725|1652000.0|-0.0901907172907831
1782421639710577691|1664000.0|0.120012042008295
1782421639810533640|1643000.0|-0.210092547868261
1782421639914647000|1647000.0|0.0384196610310147
1782421640010630417|1763000.0|1.2085420963915
1782421640110790366|1657000.0|-1.05830724813967
1782421640210577931|1645000.0|-0.120255464696428
1782421640310543800|1645000.0|0.0
1782421640410421013|1650000.0|0.0500614689759115
1782421640510418498|1641000.0|-0.0900022635569285
1782421640610646319|1656000.0|0.149659045266483
1782421640710523260|1642000.0|-0.140172494870463
1782421640810521721|1638000.0|-0.0400006156094742
1782421640910490838|1644000.0|0.060018535524326
1782421641010336610|1724000.0|0.80123572984142
1782421641110384431|1648000.0|-0.759636734117378
1782421641210534876|1647000.0|-0.00998497809969791
1782421641310462297|1639000.0|-0.0800581053722982
1782421641410722950|1660000.0|0.209454051730543
1782421641510477154|1644000.0|-0.160394242632621
1782421641610640415|1654000.0|0.0998370051070921
1782421641710348411|1635000.0|-0.19055643240488
1782421641810346024|1648000.0|0.130003103174073
1782421641914407353|1649000.0|0.00960971774634937
1782421642010406242|1752000.0|1.07292908358554
1782421642110452655|1642000.0|-1.09948969384839
1782421642210494444|1647000.0|0.0499791142279553
1782421642310552025|1644000.0|-0.0299827356409906
1782421642410766230|1647000.0|0.0299358758571203
1782421642510470163|1648000.0|0.0100296946159586
1782421642610549023|1644000.0|-0.039968480855997
1782421642710306124|1648000.0|0.0400973961743335
1782421642810829945|1643000.0|-0.0497394542931272
1782421642910446341|1636000.0|-0.0702695568307852
1782421643010441186|1742000.0|1.06005464581699
1782421643110779183|1647000.0|-0.946799844928138
1782421643210449867|1642000.0|-0.0501652020367393
1782421643311277416|1646000.0|0.0396716972659923
1782421643410359572|1642000.0|-0.0403705385659957
1782421643510391696|1652000.0|0.0999678863161998
1782421643610597661|1645000.0|-0.0698561208407104
1782421643710446666|1633000.0|-0.120181468007618
1782421643810402854|1646000.0|0.130056980564325
1782421643910434227|1635000.0|-0.109965500523521
1782421644010825040|1760000.0|1.24513385502715
1782421644110623260|1669000.0|-0.911839910571551
1782421644210604953|1690000.0|0.21003845173936
1782421644310578421|1676000.0|-0.140037154657874
1782421644410482338|1676000.0|0.0
1782421644510416415|1660000.0|-0.16010554637934
1782421644610824508|1669000.0|0.0896342090671914
1782421644710415512|1681000.0|0.120492810776363
1782421644810345108|1676000.0|-0.050035226801077
1782421644910729025|1677000.0|0.00996175512856307
1782421645010457566|1762000.0|0.852313682198559
1782421645110488394|1684000.0|-0.77975961570567
1782421645210482135|1691000.0|0.0700043815742427
1782421645310460052|1682000.0|-0.0900198790898994
1782421645410482000|1687000.0|0.049989028408045
1782421645510798061|1707000.0|0.199369869596455
1782421645610533241|1700000.0|-0.0701858662108997
1782421645710457925|1729000.0|0.290218581026486
1782421645810468002|1749000.0|0.199979848030714
1782421645910508895|1732000.0|-0.169930510316416
1782421646010568955|1783000.0|0.509693877856959
1782421646110611992|1645000.0|-1.37940634489135
1782421646210439044|1644000.0|-0.0100173247628308
1782421646310377601|1651000.0|0.0700430365429431
1782421646410418877|1656000.0|0.0499793705150262
1782421646510372058|1667000.0|0.110051525023501
1782421646610369670|1649000.0|-0.180004298502648
1782421646710480546|1671000.0|0.219756342957183
1782421646810493999|1666000.0|-0.0499932744047943
1782421646910432235|1650000.0|-0.160098883474389
1782421647010533720|1776000.0|1.25872258538422
1782421647110409812|1658000.0|-1.18146392832431
1782421647210470449|1671000.0|0.129921219670029
1782421647310467021|1713000.0|0.420014398093567
1782421647410530890|1755000.0|0.419731921419109
1782421647511310007|1686000.0|-0.684665653500417
1782421647610451891|1685000.0|-0.0100865543366112
1782421647710335231|1683000.0|-0.0200233592509021
1782421647810371323|1688000.0|0.0499819605108124
1782421647910478728|1683000.0|-0.0499463551172863
1782421648010533092|1764000.0|0.809559890860932
1782421648110491216|1659000.0|-1.05043988220507
1782421648210512477|1664000.0|0.0499893717596702
1782421648310357673|1675000.0|0.11017054841577
1782421648410405445|1673000.0|-0.0199904501621485
1782421648510313585|1664000.0|-0.090082750014163
1782421648610595038|1659000.0|-0.0498596684673087
1782421648710689243|1685000.0|0.259755297521969
1782421648810867175|1672000.0|-0.129769099246329
1782421648910769011|1660000.0|-0.120117912547673
1782421649010593423|1807000.0|1.47258568375038
1782421649110338171|1712000.0|-0.952431099429917
1782421649210358392|1691000.0|-0.20995754448493
1782421649310365444|1737000.0|0.459967563087451
1782421649410559056|1743000.0|0.0598840572790209
1782421649510884412|1664000.0|-0.787438023145415
1782421649610374456|1671000.0|0.0703587989166032
1782421649710335220|1686000.0|0.150058877101019
1782421649810332016|1706000.0|0.200006408205319
1782421649910805981|1671000.0|-0.348348947909043
1782421650010377801|1790000.0|1.19511725305413
1782421650110730486|1671000.0|-1.18581779849737
1782421650210443842|1675000.0|0.0401149872039208
1782421650310571982|1708000.0|0.329577679161922
1782421650410969658|1686000.0|-0.219128578235217
1782421650510465878|1661000.0|-0.251265826983176
1782421650610548019|1674000.0|0.129893304340881
1782421650710364638|1651000.0|-0.230422551178577
1782421650810353787|1671000.0|0.20002170435514
1782421650910314791|0.0|-16.716518773661
1782421651010357315|1662000.0|16.6129355153015
1782421651110464367|1742000.0|0.799144499830042
1782421651210403147|1706000.0|-0.360220527006633
1782421651310367959|1755000.0|0.490172481892929
1782421651410499603|1601000.0|-1.53797534773323
1782421651510425279|1552000.0|-0.490364458480121
1782421651610478603|1564000.0|0.119936045303203
1782421651711018936|1548000.0|-0.159140113450788
1782421651810336276|1531000.0|-0.171168498874416
1782421651910388432|1549000.0|0.179906168138945
1782421652010536460|1578000.0|0.289571353317112
1782421652110388024|1724000.0|1.462170387236
1782421652210379540|1573000.0|-1.51012811926964
1782421652310338496|1546000.0|-0.270110864303145
1782421652410761917|1566000.0|0.199156728588244
1782421652510702585|1541000.0|-0.250148418059403
1782421652610949941|1538000.0|-0.0299259763020583
1782421652710434928|1531000.0|-0.0703623753803174
1782421652811407581|1529000.0|-0.0198073432813536
1782421652910389064|1526000.0|-0.0303086992543848
1782421653010445028|1533000.0|0.0699608471115225
1782421653110927120|1716000.0|1.82122004386613
1782421653210727436|1543000.0|-1.73346144515214
1782421653310360824|1545000.0|0.0200735921978283
1782421653411024533|1587000.0|0.417230801618883
1782421653510662320|1542000.0|-0.451635883884093
1782421653610393004|1581000.0|0.391053168751956
1782421653710338040|1683000.0|1.02056094111567
1782421653810356948|1670000.0|-0.129975424246783
1782421653910395808|1650000.0|-0.19992231019026
1782421654010410732|1642000.0|-0.0799880625815403
1782421654110446760|1793000.0|1.50945617312994
1782421654210547044|1556000.0|-2.36762565029286
1782421654310541536|1550000.0|-0.0600033049820384
1782421654410545484|1540000.0|-0.0999960521558609
1782421654510453511|1642000.0|1.02093898821563
1782421654610824884|1634000.0|-0.0797040008608829
1782421654710321071|1542000.0|-0.924658549980413
1782421654811191916|1597000.0|0.545251702808676
1782421654910461943|1534000.0|-0.634632646972082
1782421655010357763|1573000.0|0.390406725726862
1782421655110330303|1685000.0|1.12030763647698
1782421655210348298|1612000.0|-0.729868660134609
1782421655310347687|1579000.0|-0.33000201631232
1782421655410336034|1574000.0|-0.0500058271790412
1782421655510333886|1587000.0|0.130002792459982
1782421655610326026|1609000.0|0.220017293359258
1782421655710349141|1566000.0|-0.429900628469729
1782421655810360113|1586000.0|0.199978058407432
1782421655910387261|1542000.0|-0.43988058121981
1782421656010350697|1651000.0|1.09039869337825
1782421656110355844|1564000.0|-0.869955223404651
1782421656210336240|1531000.0|-0.330064705884942
1782421656310339148|1546000.0|0.149995638126843
1782421656410370200|1548000.0|0.0199937915278548
1782421656510345428|1548000.0|0.0
1782421656610319039|1540000.0|-0.0800211167725051
1782421656710380603|1537000.0|-0.0299815421633825
1782421656810354279|1532000.0|-0.0500131654656772
1782421656910315971|1564000.0|0.320122632578088
1782421657010376671|1541000.0|-0.229860474691862
1782421657110383467|1542000.0|0.00999932044618248
1782421657210350519|1626000.0|0.840276854417994
1782421657310359890|1556000.0|-0.699934409146519
1782421657410550014|1588000.0|0.319392757713325
1782421657510332954|1649000.0|0.611326946269573
1782421657610391478|1579000.0|-0.699590571613869
1782421657710348081|1535000.0|-0.440191029701159
1782421657810348525|1527000.0|-0.0799996448015771
1782421657910417497|1533000.0|0.0599586453231477
1782421658010379045|1540000.0|0.0700269267538754
1782421658110918385|1571000.0|0.30833701514253
1782421658210326717|1549000.0|-0.221309417001384
1782421658310459513|1573000.0|0.239681712273369
1782421658410322948|1540000.0|-0.330451280791613
1782421658510458688|1541000.0|0.00998644440037094
1782421658610441212|1709000.0|1.68029364811795
1782421658710428839|1739000.0|0.300037123593302
1782421658810435587|1561000.0|-1.77987989370477
1782421658910575343|1604000.0|0.429399887892677
1782421659010424154|1543000.0|-0.610923649356225
1782421659110384917|1546000.0|0.0300117757204394
1782421659210451649|1764000.0|2.17854621254145
1782421659310415100|1783000.0|0.190069468490038
1782421659410429832|1555000.0|-2.27966415987597
1782421659510432915|1588000.0|0.329989826413652
1782421659610422639|1539000.0|-0.490050357574744
1782421659710334283|1527000.0|-0.120106120964239
1782421659810415046|1531000.0|0.0399677208695941
1782421659910394946|1531000.0|0.0
1782421660010422414|1541000.0|0.0999725395428384
1782421660110381289|1537000.0|-0.0400164567678458
1782421660210411188|1537000.0|0.0
1782421660310508384|1569000.0|0.319689274812453
1782421660410431131|1542000.0|-0.270208744361281
1782421660510420055|1534000.0|-0.0800088617815309
1782421660610415267|1533000.0|-0.010000478822926
1782421660710344798|1545000.0|0.120084622432582
1782421660810403050|1576000.0|0.30981952393092
1782421660910490998|1712000.0|1.35880495821535
1782421661010935650|1653000.0|-0.5873881667687
1782421661110486957|1638000.0|-0.150676072992191
1782421661211054505|1535000.0|-1.02418724577038
1782421661310955028|1561000.0|0.260258897743709
1782421661410459406|1573000.0|0.120597708776191
1782421661510414810|1555000.0|-0.18008030861443
1782421661610718294|1547000.0|-0.0797579473909401
1782421661710409169|1529000.0|-0.180558150382369
1782421661810459148|1536000.0|0.0699650321765685
1782421661910481320|1546000.0|0.0999778329148861
1782421662010457715|1658000.0|1.12026443842069
1782421662110463759|1657000.0|-0.00999939563652773
1782421662210332091|1785000.0|1.28168757239282
1782421662310324134|1577000.0|-2.08016551877033
1782421662411176850|1628000.0|0.505687918211345
1782421662510455645|1543000.0|-0.856174775288117
1782421662610319881|1570000.0|0.270367061136882
1782421662710660276|1526000.0|-0.438507342930033
1782421662811191360|1531000.0|0.0497358608010235
1782421662910369819|1534000.0|0.0302485038611056
1782421663010498663|1532000.0|-0.0199742643588295
1782421663110490002|1577000.0|0.450038977875874
1782421663210375421|1582000.0|0.0500573562193297
1782421663310681289|1560000.0|-0.219329142338911
1782421663410492900|1544000.0|-0.160301991318425
1782421663510405311|1537000.0|-0.0700613660499095
1782421663610501562|1531000.0|-0.0599423049320798
1782421663710419110|1527000.0|-0.0400330080157692
1782421663810540097|1606000.0|0.789045357693088
1782421663910439037|1743000.0|1.37138592261339
1782421664010444136|1695000.0|-0.479975526047927
1782421664110447155|1669000.0|-0.259992150836966
1782421664210450159|1682000.0|0.129996094917309
1782421664310430298|1695000.0|0.13002582442899
1782421664410381428|1680000.0|-0.150073340841669
1782421664510397216|1658000.0|-0.219965271882875
1782421664610479436|1664000.0|0.0599507085274487
1782421664710405015|1702000.0|0.380283010419184
1782421664810423938|1670000.0|-0.31993945785639
1782421664910514333|1687000.0|0.169846467285897
1782421665010549704|1729000.0|0.419851494327941
1782421665110448803|1648000.0|-0.810818123594888
1782421665210410366|1644000.0|-0.0400153807118842
1782421665310444938|1667000.0|0.229920511880633
1782421665410457781|1639000.0|-0.279964044217801
1782421665510547424|1639000.0|0.0
1782421665610445595|1639000.0|0.0
1782421665710428454|1651000.0|0.120020572726371
1782421665810407825|1644000.0|-0.0700144432795041
1782421665910402077|1678000.0|0.340019544323408
1782421666010435352|1737000.0|0.589803742804582
1782421666110870947|1672000.0|-0.647180912305045
1782421666210499358|1676000.0|0.0401491899735307
1782421666310511321|1656000.0|-0.199976076861925
1782421666410441700|1653000.0|-0.0300209008513817
1782421666510476095|1647000.0|-0.0599793700956556
1782421666610514058|1641000.0|-0.0599772308438547
1782421666710465285|1640000.0|-0.0100048796799663
1782421666810671008|1643000.0|0.0299384098051965
1782421666910464107|1692000.0|0.491015916842105
1782421667010593703|1691000.0|-0.00998705717338558
1782421667110533986|1638000.0|-0.5303166892173
1782421667210422125|1635000.0|-0.0300335958806881
1782421667310376056|1647000.0|0.120055308279972
1782421667410397187|1653000.0|0.059987324078549
1782421667510426110|1645000.0|-0.0799768682903844
1782421667610445769|1666000.0|0.209958724214407
1782421667710455236|1653000.0|-0.129987694065003
1782421667810630751|1662000.0|0.0898423132638749
1782421667913967294|1665000.0|0.0290313563131292
1782421668010359654|1789000.0|1.28640900585897
1782421668110573473|1664000.0|-1.24733296512729
1782421668210575499|1701000.0|0.36999250395187
1782421668310375878|1664000.0|-0.370740075045206
1782421668410382113|1657000.0|-0.0699956357721096
1782421668510404444|1660000.0|0.0299933021956867
1782421668610457479|1652000.0|-0.0799575944897623
1782421668710515698|1768000.0|1.15932505254766
1782421668810402317|1711000.0|-0.570647005281058
1782421668910432984|1686000.0|-0.249923356004414
1782421669010359443|0.0|-16.8724081376685
1782421669110446190|1790000.0|17.8844857451507
1782421669210326473|1550000.0|-2.40287665184128
1782421669310511075|1543000.0|-0.0698710167057409
1782421669410464142|1564000.0|0.210098605578556
1782421669510845338|1545000.0|-0.189278478012954
1782421669610362932|1544000.0|-0.0100484744436245
1782421669710493888|1534000.0|-0.0998692152704504
1782421669810731659|1528000.0|-0.0598576758056601
1782421669910425830|1533000.0|0.0501533835915041
1782421670010393633|1580000.0|0.470151374638092
1782421670110455435|1690000.0|1.0993205978841
1782421670210476742|1543000.0|-1.46968685382206
1782421670310397857|1542000.0|-0.010007894727756
1782421670411185212|1547000.0|0.0496093979249679
1782421670511284231|1543000.0|-0.0399604315802536
1782421670610962833|1645000.0|1.02328882983331
1782421670710405820|1529000.0|-1.16649754295896
1782421670811000471|1560000.0|0.308167479004425
1782421670917919848|1527000.0|-0.30864377370998
1782421671010570396|1564000.0|0.39935003946226
1782421671110419575|1651000.0|0.871314124675978
1782421671210882466|1558000.0|-0.925714948816275
1782421671310485517|1529000.0|-0.291155739797569
1782421671411070472|1540000.0|0.109360291506816
1782421671510902371|1614000.0|0.741246042009078
1782421671611170958|1535000.0|-0.787883846413434
1782421671710909800|1526000.0|-0.0902356576387763
1782421671810973971|1529000.0|0.0299807610458293
1782421671918818900|1523000.0|-0.0556354392889442
1782421672010504248|1556000.0|0.359926648257909
1782421672110567683|1662000.0|1.05932801527351
1782421672210764974|1599000.0|-0.628759514067102
1782421672310501144|1543000.0|-0.561481356262227
1782421672410703284|1536000.0|-0.0698587874470545
1782421672510688879|1546000.0|0.100014407075339
1782421672610720809|1532000.0|-0.139955312268793
1782421672710362852|1530000.0|-0.0200718485870467
1782421672810396574|1581000.0|0.509828075776287
1782421672915042573|1684000.0|0.9842707889864
1782421673011064404|1621000.0|-0.656100798577773
1782421673110646094|1624000.0|0.03012602015491
1782421673210503977|1537000.0|-0.871238177560804
1782421673310904692|1540000.0|0.0298802652949234
1782421673410531678|1559000.0|0.190711380147544
1782421673510455785|1646000.0|0.870660770578615
1782421673610485220|1764000.0|1.17965276920738
1782421673710384878|1710000.0|-0.540542391046023
1782421673810544249|1687000.0|-0.229634029950128
1782421673910646389|1661000.0|-0.259734706970301
1782421674010494943|1706000.0|0.450682540680559
1782421674110459737|1746000.0|0.400140873595958
1782421674210498420|1690000.0|-0.559783458964569
1782421674310439903|1672000.0|-0.180105392272396
1782421674410352857|1671000.0|-0.0100087121836073
1782421674510436692|1672000.0|0.00999162352241998
1782421674610442351|1704000.0|0.319981892224719
1782421674710441546|1692000.0|-0.120000966007776
1782421674810507924|1694000.0|0.0199867332062324
1782421674910344847|1684000.0|-0.100163343375476
1782421675010358857|1711000.0|0.26996217829882
1782421675110458084|1762000.0|0.509494443948104
1782421675210354847|1672000.0|-0.900930093200317
1782421675310626682|1655000.0|-0.169539133297002
1782421675410453444|1640000.0|-0.15026030795229
1782421675510594687|1632000.0|-0.0798871649715792
1782421675610363801|1760000.0|1.28296218005905
1782421675710407092|1706000.0|-0.539766329758184
1782421675811064927|1776000.0|0.695425249311194
1782421675910402601|1672000.0|-1.04693411685883
1782421676010890356|1594000.0|-0.776213977513977
1782421676110473630|1677000.0|0.833473299943924
1782421676210947721|1538000.0|-1.38344122963999
1782421676311221395|1538000.0|0.0
1782421676410354493|1537000.0|-0.0100874482909835
1782421676510843688|1534000.0|-0.0298539559402382
1782421676610940642|1612000.0|0.779244491295909
1782421676710418476|1529000.0|-0.834356727147879
1782421676811178631|1533000.0|0.0396982319052606
1782421676910400161|1533000.0|0.0
1782421677010385515|1568000.0|0.350051268508786
1782421677110998342|1623000.0|0.546649981318982
1782421677210506880|1552000.0|-0.713506613874681
1782421677311283819|1605000.0|0.525913969266322
1782421677410554853|1542000.0|-0.634626209292834
1782421677510907071|1537000.0|-0.0498245091105012
1782421677610402266|1536000.0|-0.0100507366209996
1782421677710980772|1524000.0|-0.119309785730959
1782421677810827183|1533000.0|0.0901384427328089
1782421677910406617|1551000.0|0.180760216010065
1782421678010479571|1579000.0|0.279795877715372
1782421678110895870|1634000.0|0.547719847751011
1782421678210328728|1536000.0|-0.985589693097225
1782421678310369778|1535000.0|-0.00999589668441105
1782421678410475597|1539000.0|0.0399577171432961
1782421678510820071|1554000.0|0.149485062824685
1782421678610534881|1553000.0|-0.010028600565954
1782421678710553307|1613000.0|0.599889464367296
1782421678810490325|1535000.0|-0.780491569200114
1782421678911177520|1603000.0|0.675358966947088
1782421679010350714|1570000.0|-0.332751206944086
1782421679110453493|1624000.0|0.539445563244553
1782421679210349534|1535000.0|-0.890926197966144
1782421679310984409|1535000.0|0.0
1782421679411067347|1539000.0|0.039966852292046
1782421679510410653|1538000.0|-0.0100661034977032
1782421679610425031|1534000.0|-0.0399942496267887
1782421679710356961|1571000.0|0.3702520305572
1782421679810333196|1658000.0|0.870206804647124
1782421679910368262|1620000.0|-0.379866795909346
1782421680010461617|1571000.0|-0.489542987144351
1782421680110428667|1658000.0|0.870286759487251
1782421680211106518|1538000.0|-1.19192055460143
1782421680310917648|1556000.0|0.180340609308802
1782421680410512554|1553000.0|-0.0301220225058498
1782421680510409444|1536000.0|-0.170175467924977
1782421680611396496|1541000.0|0.0495112977453783
1782421680710656057|1534000.0|-0.0705221736775564
1782421680810455412|1600000.0|0.661326919397425
1782421680911152078|1540000.0|-0.59584892314111
1782421681010340568|1582000.0|0.423436227328393
1782421681110507746|1638000.0|0.559065365702925
1782421681210453612|1584000.0|-0.540292481932169
1782421681310407927|1538000.0|-0.460210247051365
1782421681410954433|1562000.0|0.238695514690486
1782421681510451227|1534000.0|-0.281416102713822
1782421681610450133|1536000.0|0.0200002188023937
1782421681710395823|1554000.0|0.18009781112122
1782421681810815114|1549000.0|-0.0497912298544311
1782421681910451748|1532000.0|-0.17061997497828
1782421682011125535|1586000.0|0.536385901525687
1782421682110755064|1602000.0|0.160594957745911
1782421682210544642|1590000.0|-0.120253038849408
1782421682311161709|1535000.0|-0.546626945506173
1782421682410355478|1532000.0|-0.0302438351747679
1782421682510942864|1534000.0|0.0198832088150695
1782421682610503130|1536000.0|0.0200883352400846
1782421682710348692|1530000.0|-0.0600928061279278
1782421682810557982|1552000.0|0.219540523638078
1782421682910710696|1530000.0|-0.219664541492106
1782421683010939651|1604000.0|0.738309603247884
1782421683110446845|1593000.0|-0.110544771265483
1782421683211374455|1549000.0|-0.435956028286016
1782421683310622097|1544000.0|-0.0503790306675498
1782421683410493130|1554000.0|0.100129133539652
1782421683510411573|1540000.0|-0.140114272997629
1782421683610417038|1537000.0|-0.0299983605895938
1782421683711115209|1532000.0|-0.0496533348157833
1782421683811135251|1533000.0|0.00999799620160128
1782421683910362285|1536000.0|0.0302336961921083
1782421684010404039|1556000.0|0.199916526853378
1782421684110351857|1537000.0|-0.190099197563272
1782421684211057371|1532000.0|-0.0496497143145508
1782421684310637364|1538000.0|0.0602530670995327
1782421684410354222|1537000.0|-0.0100283945970299
1782421684510752633|1537000.0|0.0
1782421684610965250|1559000.0|0.219533235021694
1782421684710448860|1533000.0|-0.261349583112233
1782421684811192375|1527000.0|-0.0595571834077856
1782421684911363297|1532000.0|0.0499146848224078
1782421685010337099|1538000.0|0.0606221028065589
1782421685110590692|1535000.0|-0.029924114540214
1782421685211034527|1557000.0|0.219027877619368
1782421685310352089|1536000.0|-0.211442967156201
1782421685410552723|1535000.0|-0.00997997677340046
1782421685510488317|1539000.0|0.0400257790032248
1782421685610346039|1536000.0|-0.0300427442156151
1782421685710979569|1528000.0|-0.0794963666682467
1782421685811056827|1546000.0|0.179861042955433
1782421685910359157|1535000.0|-0.110772828794652
1782421686011184624|1540000.0|0.0495906455856039
1782421686110466968|1543000.0|0.030216853058989
1782421686211004611|1539000.0|-0.039786092856782
1782421686311027340|1560000.0|0.209952279946291
1782421686411070518|1539000.0|-0.209909365334236
1782421686510920096|1542000.0|0.030045194582595
1782421686611600890|1529000.0|-0.129120952303972
1782421686710348515|1536000.0|0.0708877808453621
1782421686811022238|1544000.0|0.0794646285207909
1782421686911191224|1549000.0|0.0499156495404675
1782421687010588482|0.0|-15.5839308967658
1782421687111378364|3082000.0|30.5784661996132
1782421687210735365|0.0|-31.019454784067
1782421687310339775|1540000.0|15.4611628139758
1782421687411227562|1539000.0|-0.00991200253009812
1782421687511128884|1541000.0|0.0200197550939316
1782421687610421453|1550000.0|0.0906412241181916
1782421687710814663|1532000.0|-0.179294994153489
1782421687810755809|1530000.0|-0.0200117777316662
1782421687910495451|1533000.0|0.0300783112897077
1782421688011245093|1535000.0|0.0198511871635236
1782421688110632511|1536000.0|0.0100616357696303
1782421688210612872|1552000.0|0.160031428572257
1782421688310910995|1535000.0|-0.169494697323498
1782421688410422061|1529000.0|-0.0602948017861652
1782421688510512598|1529000.0|0.0
1782421688610637840|1525000.0|-0.0399499658637529
1782421688710464953|1522000.0|-0.0300519559250401
1782421688810787332|1537000.0|0.149517985413803
1782421688910444605|1522000.0|-0.150515858486314
1782421689010722614|1531000.0|0.0897504855725646
1782421689111156224|1536000.0|0.0497841310294432
1782421689211004746|1530000.0|-0.0600910246823684
1782421689310436259|1529000.0|-0.0100571737251951
1782421689410525965|1553000.0|0.239784898558899
1782421689510740631|1533000.0|-0.199571587655643
1782421689610349728|1535000.0|0.0200784874096389
1782421689711585563|1527000.0|-0.079023401150393
1782421689810349428|1528000.0|0.0101251606546585
1782421689910387821|1526000.0|-0.0199923243469135
1782421690011013143|1551000.0|0.248446409940432
1782421690110538496|1534000.0|-0.170810748091494
1782421690210336282|1534000.0|0.0
1782421690310468452|1530000.0|-0.0399472017834029
1782421690410449838|1536000.0|0.060011170479273
1782421690511038312|1531000.0|-0.0497074843783792
1782421690610465985|1549000.0|0.181036118586422
1782421690711325676|1526000.0|-0.228039564388513
1782421690810489364|1530000.0|0.0403373460656284
1782421690911044078|1530000.0|0.0
1782421691010992040|1525000.0|-0.0500260325468167
1782421691110830401|1536000.0|0.11017809076413
1782421691210609083|1548000.0|0.120266170683634
1782421691310565444|1531000.0|-0.170074218688293
1782421691410730142|1531000.0|0.0
1782421691510330919|1525000.0|-0.0602404939069903
1782421691610383201|1540000.0|0.149921617979688
1782421691710420858|1529000.0|-0.109958592892674
1782421691810452740|1736000.0|2.06934025294056
1782421691910460829|1724000.0|-0.11999029398512
1782421692010457479|1707000.0|-0.170005695190789
1782421692110417552|1707000.0|0.0
1782421692210395626|1648000.0|-0.59012939177044
1782421692310402419|1657000.0|0.0899938867152754
1782421692410561356|1654000.0|-0.029952394562654
1782421692510418165|1638000.0|-0.160229434129024
1782421692610363647|1644000.0|0.0600327286430016
1782421692710411640|1636000.0|-0.0799616240177851
1782421692810415426|1637000.0|0.00999962141433325
1782421692910441435|1778000.0|1.4096333684572
1782421693010436309|1626000.0|-1.52007791919414
1782421693110383902|1636000.0|0.100052434479338
1782421693210445191|1638000.0|0.0199877497080814
1782421693310356112|1621000.0|-0.170151569316431
1782421693410404650|1620000.0|-0.00999514855479447
1782421693510385699|1636000.0|0.160030327347336
1782421693610420956|1637000.0|0.00999647554261794
1782421693710345638|1620000.0|-0.170128137110309
1782421693810427999|1653000.0|0.329728432365819
1782421693910397624|1736000.0|0.83025218910244
1782421694010461234|1658000.0|-0.779504157405474
1782421694110369387|1654000.0|-0.0400367725745065
1782421694210391220|1660000.0|0.059986903059455
1782421694310338142|1645000.0|-0.150079659281553
1782421694410361319|1640000.0|-0.0499884141852443
1782421694510391697|1639000.0|-0.00999696312254263
1782421694610831130|1639000.0|0.0
1782421694710960036|1629000.0|-0.0998712599536442
1782421694810556765|1666000.0|0.371498144281425
1782421694911094871|1694000.0|0.278501367431768
1782421695011175360|1619000.0|-0.749396817995164
1782421695110566505|1632000.0|0.130796360178766
1782421695210883202|1631000.0|-0.00996843028035502
1782421695310374251|1629000.0|-0.0201023109124118
1782421695410436452|1635000.0|0.0599627025993562
1782421695510398701|1626000.0|-0.0900339887310859
1782421695610368071|1635000.0|0.0900275754463592
1782421695710396880|1628000.0|-0.0699798395080361
1782421695810899034|1651000.0|0.228850816471058
1782421695910399395|1710000.0|0.592962672768594
1782421696010331020|1644000.0|-0.660451583770403
1782421696110531574|1629000.0|-0.149699771121026
1782421696210450879|1626000.0|-0.0300242280508256
1782421696310405544|1632000.0|0.0600272133371664
1782421696410326625|1639000.0|0.0700552869318938
1782421696510335962|1626000.0|-0.129987863033229
1782421696611217828|1621000.0|-0.0495629214471509
1782421696710454493|1623000.0|0.0201538413246757
1782421696810515430|1665000.0|0.419744220464376
1782421696910343903|1685000.0|0.200343643441286
1782421697010451417|1608000.0|-0.76917303130712
1782421697110782418|1612000.0|0.0398680364008329
1782421697210774475|1622000.0|0.100007943630963
1782421697310342452|1611000.0|-0.110477287290873
1782421697410459165|1616000.0|0.0499417115302217
1782421697510403718|1611000.0|-0.050027738880377
1782421697610342863|1613000.0|0.0200121784111721
1782421697710352568|1598000.0|-0.149985443912668
1782421697811154866|1654000.0|0.555542890500373
1782421697910297451|1687000.0|0.332853939606275
1782421698010559476|1631000.0|-0.558536494749632
1782421698110486109|1631000.0|0.0
1782421698211117158|1619000.0|-0.119247489907414
1782421698310443295|1621000.0|0.0201356869441122
1782421698410421592|1629000.0|0.0800173661689797
1782421698510432737|1626000.0|-0.0299966568725916
1782421698611044618|1618000.0|-0.0795134721713433
1782421698710341267|1614000.0|-0.040283333227086
1782421698810451212|1653000.0|0.389571685410475
1782421698910419365|1701000.0|0.480152914298617
1782421699010405775|1630000.0|-0.710096502114637
1782421699110316311|1594000.0|-0.360322358795072
1782421699210416128|1599000.0|0.049950141267491
1782421699310402553|1615000.0|0.16002172294889
1782421699410347298|1630000.0|0.150082928322044
1782421699510341979|1592000.0|-0.380020213275144
1782421699610466661|1619000.0|0.269663777808553
1782421699710398302|1594000.0|-0.250171014403736
1782421699810421991|1687000.0|0.929779744476331
1782421699910612688|1653000.0|-0.339352864268426
1782421700010652122|1619000.0|-0.339865977250531
1782421700110362498|1614000.0|-0.0501452326285481
1782421700210352795|1613000.0|-0.0100009703941573
1782421700310346308|1617000.0|0.0400025949683356
1782421700410402733|1602000.0|-0.149915410229778
1782421700510379925|1591000.0|-0.110025094523559
1782421700610429839|1589000.0|-0.0199900221803289
1782421700710332408|1602000.0|0.13012678382675
1782421700810454721|1717000.0|1.14859511885228
1782421700910340490|1665000.0|-0.520594680509493
1782421701010448164|1664000.0|-0.00998924418122031
1782421701110927565|1666000.0|0.0199045772575814
1782421701210363365|1679000.0|0.130737621661414
1782421701310331742|1668000.0|-0.110034796303635
1782421701411175912|1661000.0|-0.0694140276031822
1782421701510437072|1668000.0|0.0705210376344584
1782421701610406009|1674000.0|0.0600186435912588
1782421701710412210|1668000.0|-0.0599962796307001
1782421701817371281|1671000.0|0.0280481119735978
1782421701910545252|1738000.0|0.719084947018089
1782421702010537005|1634000.0|-1.04008577587394
1782421702110443862|1633000.0|-0.0100093229837067
1782421702210524207|1635000.0|0.0199839439002733
1782421702310453735|1659000.0|0.240169252075323
1782421702410392096|1668000.0|0.0900555093153869
1782421702511084329|1675000.0|0.069518768145702
1782421702610519858|1687000.0|0.120681210435357
1782421702710887211|1681000.0|-0.0597803949258281
1782421702814436183|1684000.0|0.0289717989667729
1782421702910514540|1751000.0|0.697347478579385
1782421703010442996|1636000.0|-1.15082334505399
1782421703110526845|1639000.0|0.0299748663742938
1782421703210531462|1632000.0|-0.0699967682492099
1782421703310386831|1632000.0|0.0
1782421703411180537|1627000.0|-0.049606272042423
1782421703510379521|1621000.0|-0.0604844904459909
1782421703610770474|1633000.0|0.119532683388313
1782421703710667683|1617000.0|-0.160164634829788
1782421703810339259|1662000.0|0.451482777798156
1782421703910359476|1733000.0|0.709856488313758
1782421704010423501|1632000.0|-1.00935376125436
1782421704110485381|1640000.0|0.0799505266141312
1782421704210427374|1638000.0|-0.02001160813353
1782421704310387687|1630000.0|-0.0800317622054665
1782421704410353727|1634000.0|0.0400135886146935
1782421704510404360|1634000.0|0.0
1782421704610402097|1624000.0|-0.100002263051213
1782421704710579242|1632000.0|0.0798585345988848
1782421704810435635|1623000.0|-0.0901294321736616
1782421704910399884|0.0|-16.2358044624534
1782421705011163253|3392000.0|33.6630268882733
1782421705110444637|0.0|-34.165518885192
1782421705210355173|1633000.0|16.3446225531209
1782421705310815038|1636000.0|0.0298626720233001
1782421705410650775|1648000.0|0.120197439920737
1782421705510939136|1652000.0|0.0398849872519105
1782421705610401704|1647000.0|-0.0502701679691198
1782421705710426081|1652000.0|0.0499878144704665
1782421705810585610|1636000.0|-0.159745160143475
1782421705910480178|1648000.0|0.120126651931665
1782421706011208108|1745000.0|0.962990106120517
1782421706110331395|1651000.0|-0.948313992049114
1782421706210439212|1653000.0|0.0199784598239716
1782421706310568069|1639000.0|-0.139819832358618
1782421706410522717|1637000.0|-0.0200090745154743
1782421706511024262|1649000.0|0.119401149504717
1782421706611079918|1647000.0|-0.0199888749917346
1782421706710330503|1647000.0|0.0
1782421706811408288|1634000.0|-0.128613819545017
1782421706910422792|1635000.0|0.0100995304687887
1782421707010426384|1726000.0|0.909967313974082
1782421707110418713|1640000.0|-0.860065975660993
1782421707210758417|1642000.0|0.0199322892162409
1782421707310414682|1647000.0|0.0501724603064343
1782421707410478146|1639000.0|-0.0799492610009983
1782421707510904826|1647000.0|0.0796601062586157
1782421707611152996|1645000.0|-0.0199504888717669
1782421707710768668|1645000.0|0.0
1782421707810799524|1639000.0|-0.0599814921107943
1782421707910380956|1635000.0|-0.0401681309423227
1782421708010814917|1746000.0|1.1052038463364
1782421708110775725|1637000.0|-1.09042736029105
1782421708210415110|1641000.0|0.0401447680553227
1782421708310547390|1640000.0|-0.00998678947488263
1782421708410412967|1650000.0|0.100134603938652
1782421708510689872|1642000.0|-0.0797790877171568
1782421708610925864|1644000.0|0.0199529127222086
1782421708710505313|1629000.0|-0.150633490651269
1782421708810393737|1639000.0|0.100111700631096
1782421708910415442|1643000.0|0.0399913198840192
1782421709010438714|1732000.0|0.889792927389938
1782421709110356659|1628000.0|-1.04085407280944
1782421709210462059|1627000.0|-0.00998947109746327
1782421709310373555|1628000.0|0.0100088582398966
1782421709410348156|1640000.0|0.120030486543277
1782421709510414628|1631000.0|-0.0899402149403249
1782421709610329212|1639000.0|0.0800683912170419
1782421709710432389|1633000.0|-0.0599381576071257
1782421709810416974|1638000.0|0.0500077086882943
1782421709910504054|1641000.0|0.0299738987289868
1782421710010522175|1707000.0|0.659880423068536
1782421710110585767|1647000.0|-0.599618690482349
1782421710210377088|1640000.0|-0.0701463807659185
1782421710310322776|1632000.0|-0.0800434732111704
1782421710410394753|1642000.0|0.0999280747696231
1782421710510414233|1632000.0|-0.0999805237939649
1782421710610368994|1646000.0|0.140063363264907
1782421710710364106|1639000.0|-0.070003421767256
1782421710810386178|1645000.0|0.0599867597223941
1782421710910425755|1633000.0|-0.119952526388631
1782421711010364195|1730000.0|0.97059749982089
1782421711110409116|1636000.0|-0.939577932197078
1782421711210411284|1649000.0|0.129997181661102
1782421711310323165|1635000.0|-0.140123475405292
1782421711410327333|1640000.0|0.0499979160868575
1782421711510355229|1647000.0|0.0699804782457886
1782421711610335430|1651000.0|0.0400079211683121
1782421711710365038|1640000.0|-0.109967440840116
1782421711810381894|1625000.0|-0.149974720261153
1782421711910421791|1637000.0|0.11995214269363
1782421712010662887|1716000.0|0.788099922610583
1782421712110575279|1640000.0|-0.760666404623763
1782421712210439144|1631000.0|-0.0901226885220194
1782421712310382160|1650000.0|0.190108331331526
1782421712410409704|1636000.0|-0.139961449018482
1782421712510537409|1638000.0|0.0199744915755335
1782421712610365288|1641000.0|0.0300517253301555
1782421712710381393|1637000.0|-0.039993559037317
1782421712810381065|1633000.0|-0.0400001312004303
1782421712910426850|1653000.0|0.199908471906138
1782421713010314218|1713000.0|0.60067655401632
1782421713110315746|1640000.0|-0.729988845770437
1782421713210351322|1647000.0|0.0699751056564117
1782421713310350802|1634000.0|-0.130000676003515
1782421713410359290|1634000.0|0.0
1782421713510361315|1642000.0|0.0799983800328043
1782421713610350811|1644000.0|0.0200021010206912
1782421713710557220|1636000.0|-0.0798352129353323
1782421713810391660|1628000.0|-0.0801326676445523
1782421713910361540|1656000.0|0.280084361409657
1782421714010370157|1724000.0|0.679941409448748
1782421714110368357|1645000.0|-0.790014220255965
1782421714210345645|1637000.0|-0.080018173727617
1782421714310408405|1643000.0|0.0599623676180829
1782421714410457229|1640000.0|-0.0299853599478591
1782421714510351558|1647000.0|0.0700740479472063
1782421714610378606|1649000.0|0.019994591862793
1782421714710387686|1638000.0|-0.109990012906828
1782421714810360062|1646000.0|0.0800221053063698
1782421714910374087|1656000.0|0.0999859769667304
1782421715010354735|1712000.0|0.560108392176054
1782421715110396231|1642000.0|-0.699709648484265
1782421715210408367|1642000.0|0.0
1782421715310405431|1641000.0|-0.0100002936086203
1782421715410360095|1648000.0|0.0700317495939959
1782421715510404183|1648000.0|0.0
1782421715610363199|1646000.0|-0.0200082001607539
1782421715711369816|1635000.0|-0.10890375627569
1782421715811156481|1638000.0|0.0300641373273673
1782421715910806984|1675000.0|0.371297674232512
1782421716010496784|1707000.0|0.320995728750584
1782421716110507864|1647000.0|-0.599933527365168
1782421716210448625|1634000.0|-0.13007705634741
1782421716310413896|1651000.0|0.170059059810882
1782421716410700705|1639000.0|-0.119656813489798
1782421716510386632|1638000.0|-0.0100315062526328
1782421716611074529|1633000.0|-0.0496584013468868
1782421716710546681|1637000.0|0.0402122596080961
1782421716811152001|1649000.0|0.119277986492166
1782421716910454537|1693000.0|0.443090395999554
1782421717010370369|1680000.0|-0.130109510572859
1782421717110403129|1639000.0|-0.409865727987511
1782421717210439057|1632000.0|-0.0699748594325031
1782421717311153625|1645000.0|0.129077652400793
1782421717410763553|1636000.0|-0.090352439568072
1782421717510423673|1641000.0|0.0501705195618869
1782421717610360305|1644000.0|0.0300190224541487
1782421717710380968|1639000.0|-0.0499896706343568
1782421717811034561|1632000.0|-0.0695454557692739
1782421717910550168|1746000.0|1.14554895896882
1782421718010471648|1637000.0|-1.09085654055564
1782421718110380216|1647000.0|0.100091515674612
1782421718210769152|1643000.0|-0.0398450283405733
1782421718310789656|1651000.0|0.0799836001626227
1782421718410466416|1650000.0|-0.0100324288229272
1782421718510928328|1645000.0|-0.0497701059083964
1782421718610384847|1648000.0|0.030163935256974
1782421718710327367|1644000.0|-0.0400230052234024
1782421718810548847|1646000.0|0.0199558018899741
1782421718910330167|1766000.0|1.20262991108957
1782421719011197408|1652000.0|-1.13019845561157
1782421719111160168|1657000.0|0.0500186269366712
1782421719210377359|1647000.0|-0.100788985247526
1782421719310355623|1648000.0|0.0100021740725564
1782421719411217135|1651000.0|0.0297437539901246
1782421719510368518|1649000.0|-0.020171176028881
1782421719610364654|1652000.0|0.0300011592447932
1782421719710346854|1636000.0|-0.160028485070343
1782421719810807710|1648000.0|0.119449509767267
1782421719910517301|1767000.0|1.19346593247986
1782421720010318509|1652000.0|-1.15229066165211
1782421720110332693|1642000.0|-0.0999858180115732
1782421720210511389|1648000.0|0.0598929736518032
1782421720310396917|1650000.0|0.0200229206377124
1782421720410812157|1652000.0|0.0199172954224877
1782421720510917093|1650000.0|-0.0199790348000422
1782421720610438284|1645000.0|-0.0502405563052396
1782421720711400853|1643000.0|-0.0198093216110616
1782421720810814988|1639000.0|-0.040235727042236
1782421720911369620|1762000.0|1.22321565455085
1782421721010324683|1649000.0|-1.14193247494572
1782421721110349698|1649000.0|0.0
1782421721210347530|1648000.0|-0.0100002168047003
1782421721310563490|1652000.0|0.0399138021528707
1782421721410535402|1674000.0|0.220061810961463
1782421721510408866|1665000.0|-0.0901140266848059
1782421721610492058|1654000.0|-0.109908564866716
1782421721710507169|1652000.0|-0.0199969782566156
1782421721810559897|1650000.0|-0.0199894599575536
1782421721910347601|1761000.0|1.11236149896785
1782421722010370873|1634000.0|-1.26970451436542
1782421722110353328|1639000.0|0.0500087740394052
1782421722210339335|1618000.0|-0.21002938941246
1782421722310353039|1621000.0|0.0299958893633217
1782421722410346663|1628000.0|0.0700044634845918
1782421722510340543|1629000.0|0.0100006120374567
1782421722610514839|1647000.0|0.179686813072288
1782421722710509502|1637000.0|-0.100005337284851
1782421722810556742|1636000.0|-0.00999527823056388
1782421722910559838|0.0|-16.3594935100809
1782421723010365525|1737000.0|17.4038178806384
1782421723110334236|1650000.0|-0.87027229949979
1782421723210332084|1643000.0|-0.0700015064324184
1782421723310345468|1648000.0|0.0499933088955374
1782421723410355155|1655000.0|0.0699932197568022
1782421723510339691|1654000.0|-0.0100015466391723
1782421723610359474|1643000.0|-0.109978243004186
1782421723710325130|1636000.0|-0.070024049059409
1782421723810332978|1645000.0|0.0899929373542764
1782421723910325513|1652000.0|0.0700052258901127
1782421724010342593|1746000.0|0.939839475417599
1782421724110584473|1670000.0|-0.75816614772189
1782421724210531568|1668000.0|-0.0200105866008412
1782421724311564329|1682000.0|0.138568914295037
1782421724411146416|1693000.0|0.11046163352652
1782421724510960871|1681000.0|-0.120223067891319
1782421724611301119|1688000.0|0.0697626340329555
1782421724710547446|1685000.0|-0.0302278189096106
1782421724810756766|1683000.0|-0.0199582234466814
1782421724910361573|1672000.0|-0.110436437068745
1782421725010327869|1774000.0|1.02034389670695
1782421725110392132|1650000.0|-1.23920365055804
1782421725210386780|1651000.0|0.0100005352286454
1782421725310765236|1659000.0|0.079698376711433
1782421725410483612|1646000.0|-0.13036714516891
1782421725510346723|1653000.0|0.0700959536499919
1782421725610341195|1658000.0|0.0500027641528024
1782421725710489554|1646000.0|-0.119822232933442
1782421725810568826|1651000.0|0.0499603953953622
1782421725910394001|1654000.0|0.030052539351922
1782421726010378873|1781000.0|1.27019215466916
1782421726110498544|1729000.0|-0.519378454609584
1782421726211007672|1657000.0|-0.716352847076735
1782421726310430511|1670000.0|0.130754664931666
1782421726410445639|1666000.0|-0.0399939497152871
1782421726510435982|1655000.0|-0.110010623725933
1782421726610457334|1658000.0|0.0299935957674317
1782421726710463374|1643000.0|-0.149990940547191
1782421726810441397|1637000.0|-0.0600131890985682
1782421726910318380|1643000.0|0.0600739011109296
1782421727010423604|1744000.0|1.00893835470564
1782421727110441659|1715000.0|-0.289947649951801
1782421727210423667|1667000.0|-0.480086377140975
1782421727310443130|1663000.0|-0.0399922163149386
1782421727410446946|1667000.0|0.0399984736582452
1782421727510444697|1664000.0|-0.0300006747151743
1782421727610436881|1667000.0|0.0300023449832839
1782421727710416392|1663000.0|-0.0400081972795406
1782421727810382496|1668000.0|0.050016953746642
1782421727910338871|1656000.0|-0.120052372847655
1782421728010473247|1794000.0|1.37814809970953
1782421728110405030|1648000.0|-1.46099664808342
1782421728210665757|1661000.0|0.129661936323282
1782421728310343317|1647000.0|-0.140452876254194
1782421728410400620|1647000.0|0.0
1782421728510409748|1642000.0|-0.0499954364165639
1782421728610357867|1645000.0|0.030015572379106
1782421728710625490|1640000.0|-0.049866545654523
1782421728810444537|1635000.0|-0.0500906405167342
1782421728910306241|1636000.0|0.0100138487522704
1782421729010337736|1797000.0|1.60949309015126
1782421729110547376|1657000.0|-1.39707117997829
1782421729210556119|1661000.0|0.0399965031057335
1782421729310606430|1682000.0|0.209894400028402
1782421729410365685|1670000.0|-0.120289591176277
1782421729510383788|1674000.0|0.0399927601106372
1782421729610796356|1677000.0|0.0298767381389947
1782421729710590299|1677000.0|0.0
1782421729810772418|1668000.0|-0.0898363908633236
1782421729915991422|1683000.0|0.142559798418164
1782421730010469713|1819000.0|1.43948412445352
1782421730110500904|1670000.0|-1.48953539901369
1782421730210572991|1676000.0|0.0599567789567534
1782421730310632854|1688000.0|0.119928207377218
1782421730410326558|1673000.0|-0.150460855582214
1782421730510357413|1686000.0|0.129959900872586
1782421730610931517|1676000.0|-0.0994291731398373
1782421730711140340|1680000.0|0.0399166448646942
1782421730811170571|1673000.0|-0.0699788446954601
1782421730912054707|1678000.0|0.0495618062288802
1782421731010360697|1848000.0|1.72929442041121
1782421731110358417|1647000.0|-2.0100458290449
1782421731210445160|1633000.0|-0.139878665049576
1782421731310440431|1633000.0|0.0
1782421731410405798|1632000.0|-0.0100034644998602
1782421731510349725|1638000.0|0.0600336626756721
1782421731610834996|1632000.0|-0.0597102435042445
1782421731710400683|1619000.0|-0.130567069757677
1782421731810481698|1630000.0|0.109910955639289
1782421731910390377|1625000.0|-0.0500457022357387
1782421732010608881|1638000.0|0.129716564118738
1782421732110473016|1643000.0|0.0500680249220604
1782421732210919519|1646000.0|0.0298666445361468
1782421732310363446|1677000.0|0.311733465634357
1782421732410417453|1671000.0|-0.0599676132910899
1782421732510333476|1675000.0|0.0400336190322547
1782421732610876588|1680000.0|0.0497299108863867
1782421732710486067|1663000.0|-0.170666488477467
1782421732811019050|1674000.0|0.109416826913412
1782421732910403377|1666000.0|-0.0804955896114284
1782421733010458760|1671000.0|0.0499723238278944
1782421733110481167|1679000.0|0.0799820784156894
1782421733211002551|1673000.0|-0.0596887921877399
1782421733310384941|1672000.0|-0.010062144812577
1782421733410359748|1672000.0|0.0
1782421733510345323|1673000.0|0.0100014427081106
1782421733610810467|1662000.0|-0.109490710529415
1782421733711036138|1673000.0|0.109752320840037
1782421733810367616|1663000.0|-0.100673021295425
1782421733910361959|1664000.0|0.0100005657320035
1782421734010547823|1671000.0|0.0698701365693667
1782421734110454549|1688000.0|0.170158713838746
1782421734210444668|1672000.0|-0.160015811162301
1782421734310350003|1649000.0|-0.230217935808934
1782421734411251227|1653000.0|0.0396427302011718
1782421734510436785|1648000.0|-0.0504105648122683
1782421734611184553|1656000.0|0.0794062256545475
1782421734710367727|1631000.0|-0.252058882487467
1782421734810355094|1631000.0|0.0
1782421734910565485|1642000.0|0.109769055785842
1782421735010461188|1678000.0|0.360375861211968
1782421735110427851|1671000.0|-0.0700233436820833
1782421735210379282|1656000.0|-0.150072888901411
1782421735310470121|1656000.0|0.0
1782421735410449712|1652000.0|-0.0400081652664492
1782421735510393303|1656000.0|0.0400225763350849
1782421735610378957|1652000.0|-0.040005739223349
1782421735710477044|1632000.0|-0.199804018232636
1782421735810452411|1632000.0|0.0
1782421735910353985|1628000.0|-0.0400394091888883
1782421736010344728|1641000.0|0.1300120352141
1782421736110553039|1621000.0|-0.199584244065345
1782421736210373542|1632000.0|0.110197801748204
1782421736310351949|1657000.0|0.250053994158959
1782421736410485492|1643000.0|-0.139813289139285
1782421736510481243|1633000.0|-0.100004249180548
1782421736610561681|1633000.0|0.0
1782421736710368808|1634000.0|0.0100193245718815
1782421736810392367|1624000.0|-0.0999764465489575
1782421736910367990|1621000.0|-0.0300073148831491
1782421737010447517|1636000.0|0.14988080429277
1782421737110462947|1652000.0|0.159975315808771
1782421737210519978|1654000.0|0.0199886003013621
1782421737311405410|1657000.0|0.0297367017271631
1782421737410485224|1647000.0|-0.100928732062416
1782421737510433887|1650000.0|0.0300154090105237
1782421737611008822|1629000.0|-0.208799538374049
1782421737710427164|1616000.0|-0.130760579370756
1782421737810785923|1626000.0|0.0996425234791913
1782421737910454362|1629000.0|0.0300997991952096
1782421738010920720|1624000.0|-0.0497679034010569
1782421738110439431|1630000.0|0.0602901699560799
1782421738210437998|1651000.0|0.210003009343124
1782421738310509668|1637000.0|-0.139899733860742
1782421738410793739|1637000.0|0.0
1782421738510782802|1637000.0|0.0
1782421738610430857|1634000.0|-0.0301059564082811
1782421738711180833|1614000.0|-0.198511213541133
1782421738811210151|1608000.0|-0.0599824143557592
1782421738910502429|1627000.0|0.191354256168843
1782421739010757364|1624000.0|-0.0299237139797657
1782421739110888875|1626000.0|0.019973732344856
1782421739210610209|1619000.0|-0.0701956113021914
1782421739310397176|1643000.0|0.240512370718713
1782421739410379294|1645000.0|0.0200035770396462
1782421739510819733|1640000.0|-0.0497807461793352
1782421739611106284|1632000.0|-0.0797714142148532
1782421739710315970|1603000.0|-0.29231016818257
1782421739810355769|1608000.0|0.0499801084166513
1782421739910448431|1630000.0|0.219796332322543
1782421740010440326|1613000.0|-0.170013779616838
1782421740110443821|1619000.0|0.0599979030732876
1782421740210360803|1766000.0|1.47122137856406
1782421740310433002|1631000.0|-1.3490260167062
1782421740411224786|1630000.0|-0.0099214435970297
1782421740510333816|1619000.0|-0.110988877602777
1782421740611472735|1623000.0|0.0395495625180649
1782421740710800949|1624000.0|0.0100676329486806
1782421740810437355|0.0|-16.2992631428315
1782421740911091698|1616000.0|16.0549455873951
1782421741010432825|1629000.0|0.130862215807155
1782421741110357935|1628000.0|-0.0100074946127155
1782421741210343590|1642000.0|0.14002008588132
1782421741310336460|1768000.0|1.26008984440591
1782421741410333171|1653000.0|-1.15003782474406
1782421741510329033|1649000.0|-0.040001655268495
1782421741610770928|1651000.0|0.0199120098241874
1782421741710428455|1640000.0|-0.110378014898965
1782421741810492510|1639000.0|-0.0099935986004165
1782421741911101029|1653000.0|0.139153226179584
1782421742010424747|1650000.0|-0.0302042660142867
1782421742110321057|1654000.0|0.0400415190511041
1782421742210292872|1656000.0|0.0200056385892364
1782421742310977423|1700000.0|0.437008454256304
1782421742411080086|1725000.0|0.249743605722058
1782421742510483291|1642000.0|-0.834983137616136
1782421742611401107|1645000.0|0.0297271593749116
1782421742710937529|1653000.0|0.0803725896436181
1782421742810995648|1646000.0|-0.069959340330993
1782421742910766022|1648000.0|0.0200460308989119
1782421743010430316|1649000.0|0.0100336836781285
1782421743110484867|1652000.0|0.0299836436225675
1782421743210411257|1646000.0|-0.0600441985345413
1782421743310942464|1700000.0|0.537146639450972
1782421743410561878|1724000.0|0.240916895977726
1782421743510485565|1639000.0|-0.850649155890335
1782421743610441715|1651000.0|0.120052643083992
1782421743710380282|1638000.0|-0.130079911992334
1782421743810449264|1644000.0|0.0599586393314164
1782421743910792775|1645000.0|0.00996576649585243
1782421744010396350|1643000.0|-0.0200796005565061
1782421744110568308|1647000.0|0.0399313348751753
1782421744210508363|1637000.0|-0.100059980955584
1782421744310338625|1648000.0|0.110187029259725
1782421744410393319|1635000.0|-0.129928936667379
1782421744510484878|1646000.0|0.109899377229203
1782421744610339508|1641000.0|-0.0500727908160092
1782421744710368794|1657000.0|0.159953156118699
1782421744810743201|1645000.0|-0.119552387492561
1782421744910450855|1643000.0|-0.0200586406335465
1782421745010378573|1644000.0|0.0100072334284668
1782421745110306403|1653000.0|0.0900649999104354
1782421745210446857|1651000.0|-0.0199719485993143
1782421745310382479|1792000.0|1.41090831455474
1782421745410360134|1646000.0|-1.46032630991395
1782421745510348060|1645000.0|-0.0100012075457991
1782421745610400227|1648000.0|0.0299843580599309
1782421745710429753|1644000.0|-0.0399881930861094
1782421745810403231|1643000.0|-0.0100026529036031
1782421745910364709|1652000.0|0.0900346831606471
1782421746010351996|1649000.0|-0.0300038143849228
1782421746110436210|1652000.0|0.0299747570580911
1782421746210419368|1656000.0|0.040006737934803
1782421746310384063|1767000.0|1.11039202390404
1782421746410377141|1647000.0|-1.20008306975009
1782421746510350507|1655000.0|0.0800213128764715
1782421746610397570|1661000.0|0.0599717754833043
1782421746710345416|1644000.0|-0.170088708064804
1782421746810394111|1642000.0|-0.0199902657400979
1782421746910462517|1627000.0|-0.149897461142731
1782421747010391243|1643000.0|0.160114119737702
1782421747110537410|1643000.0|0.0
1782421747210358040|1630000.0|-0.130233600008335
1782421747310429886|1776000.0|1.4589518014887
1782421747410461652|1647000.0|-1.28959034872982
1782421747510340747|1655000.0|0.0800968410857147
1782421747610768145|1641000.0|-0.139404189283088
1782421747710348599|1639000.0|-0.0200842627208749
1782421747810617981|1644000.0|0.0498656708585279
1782421747910497795|1645000.0|0.010012033062056
1782421748010333114|1648000.0|0.0300494857936999
1782421748110332768|1632000.0|-0.160000553601915
1782421748210381094|1646000.0|0.139932376279839
1782421748310412012|1768000.0|1.21962291698653
1782421748410384322|1648000.0|-1.20033237203382
1782421748510403977|1652000.0|0.0399921395449724
1782421748610408719|1654000.0|0.019999051644971
1782421748710352341|1639000.0|-0.150084614704078
1782421748810363883|1644000.0|0.0499942296660119
1782421748910449889|1641000.0|-0.0299742203720268
1782421749010541511|1652000.0|0.109899308055973
1782421749110350589|1649000.0|-0.0300573861628098
1782421749210578836|1645000.0|-0.0399089091122186
1782421749310441530|1770000.0|1.25171868485743
1782421749410527648|1649000.0|-1.20895886880137
1782421749510619558|1639000.0|-0.0999081743969118
1782421749610582844|1637000.0|-0.0200073454968257
1782421749710757314|1631000.0|-0.0598955003205907
1782421749810485256|1632000.0|0.0100272800174699
1782421749910349694|1639000.0|0.0700950222140138
1782421750010549092|1640000.0|0.0099800998804404
1782421750110420282|1638000.0|-0.0200257952268317
1782421750210498000|1646000.0|0.0799378738831755
1782421750310437350|1771000.0|1.25075858508185
1782421750410394540|1654000.0|-1.17050109151728
1782421750510349282|1670000.0|0.160072445587424
1782421750610413752|1663000.0|-0.069954900075921
1782421750710464527|1671000.0|0.0799594006143381
1782421750810523316|1648000.0|-0.229864864744665
1782421750910555035|1655000.0|0.0699778037404316
1782421751010401953|1668000.0|0.130199311710352
1782421751110467510|1673000.0|0.0499672429745232
1782421751210322540|1685000.0|0.12017421656175
1782421751310322194|1726000.0|0.410001418604908
1782421751410364344|1653000.0|-0.7296924346388
1782421751510369486|1651000.0|-0.0199989716528776
1782421751610466660|1653000.0|0.0199805840672385
1782421751710390394|1636000.0|-0.170129751156017
1782421751810400113|1642000.0|0.0599941691666987
1782421751910384903|1642000.0|0.0
1782421752010393469|1649000.0|0.0699940043135905
1782421752110353922|1655000.0|0.0600237375875037
1782421752210347096|1674000.0|0.190012970285352
1782421752310438959|1715000.0|0.409623707373695
1782421752410434549|1605000.0|-1.10004851213939
1782421752510455067|1609000.0|0.0399917944836079
1782421752610388337|1642000.0|0.330220356043588
1782421752710373078|1632000.0|-0.100015261328726
1782421752810423132|1641000.0|0.0899549739373454
1782421752910389971|1634000.0|-0.0700232204001169
1782421753010331465|1633000.0|-0.0100058540249558
1782421753110597935|1638000.0|0.0498671190877668
1782421753210336261|1658000.0|0.200524721058583
1782421753310404347|1713000.0|0.54962578179021
1782421753410612273|1641000.0|-0.718506039133072
1782421753510504343|1637000.0|-0.0400432186458845
1782421753610489500|1637000.0|0.0
1782421753710528450|1624000.0|-0.129949384714654
1782421753810365800|1626000.0|0.0200325829962434
1782421753910428862|1628000.0|0.0199873955486191
1782421754010381364|1634000.0|0.0600285123427926
1782421754110349658|1632000.0|-0.0200063432111785
1782421754211340049|1673000.0|0.405979218359497
1782421754311146102|1717000.0|0.440855025095522
1782421754410710316|1645000.0|-0.72315139252744
1782421754510439858|1641000.0|-0.0401084765835985
1782421754610986952|1652000.0|0.109401471115615
1782421754710429389|1656000.0|0.0402242756781996
1782421754810386899|1644000.0|-0.12005100967401
1782421754910615689|1643000.0|-0.00997717322537766
1782421755010791791|1651000.0|0.0798593660591825
1782421755110415396|1652000.0|0.0100377817084616
1782421755210360394|1691000.0|0.390214625848509
1782421755310622992|1732000.0|0.408926168061195
1782421755410677237|1651000.0|-0.809560853714902
1782421755510388859|1649000.0|-0.02005784240477
1782421755610901857|1648000.0|-0.00994896202379716
1782421755710401127|1648000.0|0.0
1782421755810398573|1644000.0|-0.0400010216260923
1782421755910442867|1644000.0|0.0
1782421756011121881|1653000.0|0.0893930089541799
1782421756110322222|1649000.0|-0.0403224420367668
1782421756210575492|1696000.0|0.468812638231152
1782421756310401769|1720000.0|0.240417660772824
1782421756410383695|1644000.0|-0.760137387231368
1782421756510349397|1651000.0|0.0700240168372949
1782421756610847787|1640000.0|-0.109454489768443
1782421756710752145|1652000.0|0.120114880273791
1782421756810412502|1653000.0|0.0100340800505059
1782421756910474492|1643000.0|-0.0999380484037945
1782421757011082466|1651000.0|0.079516559989569
1782421757110558088|1649000.0|-0.0201054284435638
1782421757210367677|1704000.0|0.551049258403419
1782421757310530659|1677000.0|-0.26956066463756
1782421757410390168|1638000.0|-0.390548685754103
1782421757510384302|1636000.0|-0.0200011732688239
1782421757610450244|1639000.0|0.0299802304364456
1782421757710377465|1632000.0|-0.0700509824044842
1782421757810366783|1637000.0|0.0500053415705866
1782421757910452645|1647000.0|0.0999142116595848
1782421758010404554|1653000.0|0.0600288684831422
1782421758110392592|1641000.0|-0.120014356117279
1782421758210433878|1737000.0|0.959603817967714
1782421758310383915|1705000.0|-0.320159961521575
1782421758410519585|1656000.0|-0.489336117689131
1782421758510385638|1659000.0|0.0300402379975906
1782421758610559532|1649000.0|-0.099826407866305
1782421758711055490|1647000.0|-0.0199012979208577
1782421758810489927|1645000.0|-0.0201137559616293
1782421758910325805|0.0|-16.4770424516124
1782421759010426962|1650000.0|16.4833259619567
1782421759111415977|1652000.0|0.0198041341427085
1782421759210662318|1658000.0|0.0604556292911595
1782421759310630835|1772000.0|1.14035901923002
1782421759410461545|1660000.0|-1.12189926326278
1782421759510421150|1656000.0|-0.0400161645296618
1782421759610428948|1647000.0|-0.0899929823472366
1782421759710412009|1658000.0|0.110018636056762
1782421759810507663|1635000.0|-0.229780206041713
1782421759911122437|1642000.0|0.0695722876642351
1782421760010483882|1655000.0|0.130835456348285
1782421760111067392|1645000.0|-0.0994198750868805
1782421760210462005|1639000.0|-0.060365444553821
1782421760310370491|1761000.0|1.22111749346297
1782421760410399216|1643000.0|-1.17966114233686
1782421760511145111|1639000.0|-0.0397038509608754
1782421760611033276|1648000.0|0.0901007641896315
1782421760711069778|1643000.0|-0.0499817556595492
1782421760810422519|1653000.0|0.10065147573533
1782421760910664060|1643000.0|-0.0997590410147426
1782421761010978722|1645000.0|0.0199372650031956
1782421761111018152|1651000.0|0.0599763513246727
1782421761210631149|1656000.0|0.0501942532659669
1782421761310753298|1753000.0|0.968816600211008
1782421761410492999|1646000.0|-1.07279246806645
1782421761510402701|1650000.0|0.0400361518443925
1782421761610435426|1637000.0|-0.129957471417479
1782421761710530920|1641000.0|0.0399618388416166
1782421761810767741|1639000.0|-0.0199527477033614
1782421761910477874|1645000.0|0.0601744258028419
1782421762010449000|1650000.0|0.0500144411697434
1782421762110551677|1654000.0|0.0399589713270106
1782421762210471266|1642000.0|-0.120096570853589
1782421762310379208|1754000.0|1.12103199963823
1782421762410389405|1635000.0|-1.18987866807222
1782421762510442691|1650000.0|0.149920113568284
1782421762610393080|1651000.0|0.010004963562473
1782421762710387357|1645000.0|-0.0600034339965276
1782421762810440851|1649000.0|0.0399786138403123
1782421762910428424|1642000.0|-0.0700086999811467
1782421763010305118|1648000.0|0.0600740749388441
1782421763110321171|1659000.0|0.109982344534232
1782421763210433752|1654000.0|-0.0499437728011427
1782421763310430926|1775000.0|1.21003419556637
1782421763410516883|1673000.0|-1.01912399159055
1782421763510332632|1673000.0|0.0
1782421763610893646|1657000.0|-0.15910738529347
1782421763710426051|1658000.0|0.0100469791722605
1782421763810409944|1654000.0|-0.040006443837909
1782421763910600942|1650000.0|-0.0399237464427692
1782421764010332179|1653000.0|0.0300808461846312
1782421764110419993|1658000.0|0.0499561315226647
1782421764210349566|1665000.0|0.0700493336442056
1782421764310415140|1745000.0|0.799475751770534
1782421764410344729|1646000.0|-0.990697560059013
1782421764510331134|1642000.0|-0.0400054387393966
1782421764610450260|1646000.0|0.0399524062964753
1782421764710321721|1639000.0|-0.0700900931047759
1782421764810317694|1644000.0|0.0500020135810869
1782421764910314611|1648000.0|0.0400012332380207
1782421765010329385|1634000.0|-0.139979319455344
1782421765110433278|1643000.0|0.0899065933429782
1782421765210392659|1645000.0|0.0200081271011472
1782421765310320264|1751000.0|1.0607679429523
1782421765410357901|1646000.0|-1.04960496018114
1782421765510440482|1655000.0|0.0899257384259505
1782421765610428647|1658000.0|0.0300035509202514
1782421765710307501|1646000.0|-0.120145551529856
1782421765810419538|1654000.0|0.0799104707059352
1782421765910422695|1659000.0|0.0499984215498317
1782421766010407436|1663000.0|0.0400061045314905
1782421766110422849|1667000.0|0.0399938357500958
1782421766210421654|1652000.0|-0.150001792521421
1782421766310437100|1764000.0|1.11982703151671
1782421766410318465|1663000.0|-1.01119963668899
1782421766510320598|1658000.0|-0.049998933522748
1782421766610484939|1653000.0|-0.0499179643182597
1782421766710335312|1647000.0|-0.0600899107307291
1782421766810334181|1645000.0|-0.0200002262025584
1782421766910312187|1656000.0|0.110024198722267
1782421767010965008|1655000.0|-0.00993514131114119
1782421767110703973|1660000.0|0.0501308590880204
1782421767211029451|1651000.0|-0.0897080201302405
1782421767310544495|1779000.0|1.28623768683658
1782421767410432516|1659000.0|-1.20134525440243
1782421767510551050|1665000.0|0.0599289638020469
1782421767611493568|1658000.0|-0.0693463977191455
1782421767711523829|1641000.0|-0.169948571862669
1782421767810434265|1639000.0|-0.0202203132539017
1782421767910437390|1647000.0|0.0799975000781226
1782421768010434067|1648000.0|0.0100003323110427
1782421768110419320|1647000.0|-0.0100014749175061
1782421768210431869|1653000.0|0.0599924715447459
1782421768310336210|1768000.0|1.1511011318317
1782421768410598680|1657000.0|-1.10709420982747
1782421768510947101|1662000.0|0.0498263943784427
1782421768610318481|1663000.0|0.0100632596628929
1782421768711066231|1654000.0|-0.0893320198217826
1782421768811417997|1658000.0|0.0398597868222867
1782421768910876833|1656000.0|-0.0201088217038856
1782421769010414885|1670000.0|0.140649728608312
1782421769110429291|1660000.0|-0.0999855960750294
1782421769210443119|1665000.0|0.0499930869559357
1782421769310484388|1752000.0|0.869641107811217
1782421769410443098|1665000.0|-0.870359371384445
1782421769510377246|1658000.0|-0.0700461267754041
1782421769611201236|1650000.0|-0.0793461952854673
1782421769710522952|1639000.0|-0.110751207721784
1782421769810351245|1645000.0|0.0601032014040348
1782421769910718163|1657000.0|0.119561308039767
1782421770010392184|1657000.0|0.0
1782421770110385277|1656000.0|-0.0100006907477099
1782421770211181762|1651000.0|-0.0496049043773699
1782421770310352134|1741000.0|0.907529115651598
1782421770410425435|1668000.0|-0.729465294644373
1782421770510441904|1645000.0|-0.229962127537216
1782421770610367397|1660000.0|0.150111843831484
1782421770710361546|1610000.0|-0.50002925671181
1782421770810475535|1630000.0|0.199772281573957
1782421770910432020|1652000.0|0.22009577467635
1782421771010350681|1620000.0|-0.320260496685399
1782421771110437534|1612000.0|-0.0799305778951807
1782421771210493747|1641000.0|0.289837073885657
1782421771310310040|1770000.0|1.29237418183823
1782421771410530301|1659000.0|-1.10756047621947
1782421771510428418|1652000.0|-0.0700713908351246
1782421771610424343|1656000.0|0.0400016300664252
1782421771710887276|1647000.0|-0.0895852801749278
1782421771810341184|1638000.0|-0.0904941814855581
1782421771910358533|1639000.0|0.00999826540093559
1782421772010323674|1655000.0|0.160055793849178
1782421772110427839|1658000.0|0.0299687830171702
1782421772210339444|1658000.0|0.0
1782421772310390376|1774000.0|1.15940948955878
1782421772410318013|1661000.0|-1.13081829404212
1782421772510508034|1666000.0|0.0499051696974891
1782421772610423463|1656000.0|-0.100084642583079
1782421772710413980|1647000.0|-0.0900085355094224
1782421772810426529|1651000.0|0.0399949810298306
1782421772910424646|1648000.0|-0.0300005649106373
1782421773010431194|1646000.0|-0.019998690485747
1782421773110519823|1642000.0|-0.0399645797925756
1782421773210838596|1648000.0|0.0598093439599785
1782421773310518457|1774000.0|1.26404670648568
1782421773410418365|1702000.0|-0.720721384448122
1782421773510335394|1682000.0|-0.200166079798069
1782421773610434855|1671000.0|-0.109890701609272
1782421773710416348|1700000.0|0.290053680234601
1782421773810380801|1629000.0|-0.710252473446736
1782421773910374710|1626000.0|-0.0300018274113076
1782421774010416490|1620000.0|-0.0599749424690364
1782421774110774576|1626000.0|0.0597859150083831
1782421774211234213|1626000.0|0.0
1782421774310635401|1701000.0|0.754518145195609
1782421774410465645|1755000.0|0.54091824116948
1782421774510995779|1658000.0|-0.964884817521481
1782421774610430743|1650000.0|-0.0804545974391865
1782421774710429964|1655000.0|0.0500003895030342
1782421774810912417|1651000.0|-0.0398079453733081
1782421774910818325|1654000.0|0.0300282541849277
1782421775010798362|1654000.0|0.0
1782421775110361726|1669000.0|0.150657826306472
1782421775210324051|1670000.0|0.0100037689199406
1782421775310430487|1805000.0|1.34856464173792
1782421775410447420|1679000.0|-1.25978668032142
1782421775510459041|1669000.0|-0.0999883803503195
1782421775610345397|1660000.0|-0.0901023959668726
1782421775710450122|1668000.0|0.0799163076468169
1782421775810382399|1667000.0|-0.0100067768895129
1782421775910485619|1664000.0|-0.0299690659301469
1782421776010478376|1668000.0|0.0400028974098594
1782421776110499245|1679000.0|0.109977048889667
1782421776210375745|1662000.0|-0.170210209608867
1782421776310501046|1804000.0|1.41822295245834
1782421776410354586|1681000.0|-1.23180410028528
1782421776510327023|1670000.0|-0.110030327659213
1782421776610743508|1659000.0|-0.109543766643495
1782421776710340904|0.0|-16.657061997886
1782421776810416749|1657000.0|16.5574420081089
1782421776910753586|1702000.0|0.448489322022379
1782421777010399958|1649000.0|-0.531880879717327
1782421777110393531|1648000.0|-0.010000642741309
1782421777210340687|1644000.0|-0.0400211487758591
1782421777310353699|1647000.0|0.0299960969078703
1782421777410373928|1756000.0|1.08977954849513
1782421777510369741|1629000.0|-1.27005317712653
1782421777610436337|1626000.0|-0.0299800344962269
1782421777710357429|1620000.0|-0.0600473821883372
1782421777810363930|1620000.0|0.0
1782421777910391007|1623000.0|0.0299918790988964
1782421778010439075|1635000.0|0.11994234611307
1782421778110517736|1634000.0|-0.00999214008268955
1782421778210382988|1635000.0|0.0100134929815227
1782421778310385665|1633000.0|-0.0199994646143323
1782421778410512069|1742000.0|1.08862393580019
1782421778510376266|1649000.0|-0.931264685380688
1782421778610985343|1663000.0|0.139152454405282
1782421778710746531|1654000.0|-0.0902154453092519
1782421778810440023|1653000.0|-0.0100307450359949
1782421778910493756|1655000.0|0.0199892591713694
1782421779010398928|1659000.0|0.0400379672035398
1782421779110363732|1660000.0|0.0100035208391946
1782421779210443145|1668000.0|0.0799365200113634
1782421779310366014|1665000.0|-0.0300231571613501
1782421779410909554|1658000.0|-0.0696215788702089
1782421779510404006|1663000.0|0.0502540583870948
1782421779610398619|1660000.0|-0.030001616187064
1782421779710369583|1649000.0|-0.110031948876676
1782421779810837300|1641000.0|-0.0796275683262515
1782421779910392168|1646000.0|0.0502235611421834
1782421780010353100|1654000.0|0.0800312666152412
1782421780110644209|1658000.0|0.039883894393869
1782421780210487830|1658000.0|0.0
1782421780310521946|1654000.0|-0.0399863582540181
1782421780410484894|1653000.0|-0.0100037065733596
1782421780510433763|1692000.0|0.390199512912948
1782421780610351479|1688000.0|-0.0400329407049296
1782421780710360331|1671000.0|-0.169984952931966
1782421780810382128|1667000.0|-0.0399912831000227
1782421780910802469|1665000.0|-0.019916283693958
1782421781010488921|1663000.0|-0.0200629068431486
1782421781110498509|1658000.0|-0.0499952064596047
1782421781210342017|1663000.0|0.0500783686406531
1782421781310344997|1655000.0|-0.0799976160710411
1782421781410309738|1654000.0|-0.0100035271436356
1782421781510367758|1651000.0|-0.0299826040931052
1782421781610441746|1656000.0|0.0499630333508843
1782421781710432615|1651000.0|-0.0500045659169139
1782421781810443707|1663000.0|0.119986691076226
1782421781910390047|1656000.0|-0.0700375821665906
1782421782010614596|1658000.0|0.0199551908185688
1782421782110452376|1658000.0|0.0
1782421782210435132|1654000.0|-0.0400068987896273
1782421782310396720|1661000.0|0.0700268987323411
1782421782410387189|1665000.0|0.0400038127633945
1782421782510397945|1663000.0|-0.0199978490313582
1782421782610415005|1658000.0|-0.0499914714549698
1782421782710370673|1670000.0|0.120053221994375
1782421782810428886|1661000.0|-0.0899476387810364
1782421782910447802|1647000.0|-0.139973522608463
1782421783010328238|1648000.0|0.0100119707126629
1782421783111428483|1646000.0|-0.0197823457302205
1782421783210551687|1647000.0|0.0100884551714047
1782421783310495147|1650000.0|0.0300169715957402
1782421783410503391|1645000.0|-0.0499958783397897
1782421783510503252|1644000.0|-0.0100000139000193
1782421783610318136|1654000.0|0.100185459314865
1782421783710450076|1660000.0|0.0599209403113532
1782421783810501984|1660000.0|0.0
1782421783910315108|1650000.0|-0.100187225880236
1782421784010416425|1667000.0|0.16982793543066
1782421784110490685|1662000.0|-0.0499628975522777
1782421784210418497|1673000.0|0.11007946416359
1782421784310397029|1661000.0|-0.120025767131688
1782421784410355881|1652000.0|-0.090037048444694
1782421784510310510|1645000.0|-0.0700317741162343
1782421784610356002|1646000.0|0.00999545286858102
1782421784710730326|1648000.0|0.0199254143918319
1782421784810296906|1649000.0|0.0100435306706327
1782421784921154583|1637000.0|-0.10824690111448
1782421785011020355|1783000.0|1.62464525425765
1782421785110363319|1659000.0|-1.24820113078164
1782421785210369579|1656000.0|-0.0299981221175554
1782421785310316399|1664000.0|0.0800425666369375
1782421785410489923|1649000.0|-0.1497401648763
1782421785510449335|1646000.0|-0.030012181344164
1782421785610353563|1661000.0|0.150143795716033
1782421785710342480|1641000.0|-0.20002216845693
1782421785810343364|1645000.0|0.0399996464031258
1782421785912511242|1653000.0|0.0783024973857243
1782421786010543116|1801000.0|1.50971305516408
1782421786110557184|1661000.0|-1.39980307570331
1782421786211081893|1663000.0|0.0198956059648976
1782421786310415752|1712000.0|0.493285980161105
1782421786410353564|1693000.0|-0.190118230725323
1782421786510455649|1653000.0|-0.399592076428778
1782421786610359876|1646000.0|-0.0700671053688249
1782421786710472777|1645000.0|-0.00998872263226095
1782421786810500509|1641000.0|-0.0399889102754024
1782421786913896228|1643000.0|0.0193431606196384
1782421787010382981|1789000.0|1.51316108647578
1782421787110418233|1671000.0|-1.17958417298734
1782421787210377805|1658000.0|-0.130052577656095
1782421787310460785|1667000.0|0.0899253799197426
1782421787410307749|1665000.0|-0.0200306541118266
1782421787510440393|1659000.0|-0.0599205190267422
1782421787610372877|1663000.0|0.04002702464596
1782421787710957793|1647000.0|-0.159069576595361
1782421787811062885|1663000.0|0.159832029323743
1782421787910302537|1651000.0|-0.120919408302641
1782421788010430173|1811000.0|1.5979604272291
1782421788110481393|1659000.0|-1.51922185456609
1782421788210958581|1664000.0|0.0497625391347537
1782421788310403017|1645000.0|-0.191061468738181
1782421788410377661|1650000.0|0.050012681215449
1782421788510365568|1658000.0|0.0800096755700667
1782421788610519188|1650000.0|-0.0798772925032565
1782421788710310568|1643000.0|-0.0701463392930331
1782421788810361228|1642000.0|-0.0099949365651361
1782421788910410736|1646000.0|0.0399802065993168
1782421789011157381|1773000.0|1.26058788359652
1782421789110441064|1662000.0|-1.11800848483834
1782421789210366044|1657000.0|-0.0500375381611285
1782421789310665136|1663000.0|0.059821079935599
1782421789410768564|1664000.0|0.00998966788629856
1782421789510348040|1659000.0|-0.0502111499361575
1782421789610330748|1659000.0|0.0
1782421789710339936|1651000.0|-0.0799926502752927
1782421789810392628|1647000.0|-0.0399789342999387
1782421789910461416|1648000.0|0.00999312592853628
1782421790010548604|1757000.0|1.08905047866866
1782421790110347199|1639000.0|-1.18238137520874
1782421790211810277|1654000.0|0.147837028953527
1782421790310442007|1677000.0|0.233190678091117
1782421790410303099|1677000.0|0.0
1782421790510368255|1681000.0|0.0399739545701603
1782421790610479523|1677000.0|-0.0399555422672301
1782421790710349878|1675000.0|-0.0200259626592896
1782421790810358922|1669000.0|-0.0599945740907192
1782421790911830479|1666000.0|-0.0295649351275846
1782421791010440194|1782000.0|1.17635468270038
1782421791110294214|1641000.0|-1.41206132712534
1782421791210454826|1642000.0|0.00998396455484917
1782421791310477982|1645000.0|0.0299930548082286
1782421791410335761|1638000.0|-0.0700996964893441
1782421791510683013|1652000.0|0.139515529533385
1782421791610365417|1643000.0|-0.0902867470973112
1782421791710752877|1648000.0|0.0498070177291068
1782421791810816657|1639000.0|-0.08994263458766
1782421791910417588|1634000.0|-0.0502003339707738
1782421792010437704|1786000.0|1.51969429829496
1782421792110419308|1662000.0|-1.24022815237091
1782421792210346304|1658000.0|-0.0400292229339107
1782421792310451011|1655000.0|-0.0299686207562647
1782421792410309543|1664000.0|0.0901275015739266
1782421792510369739|1655000.0|-0.0899458561924064
1782421792610409807|1645000.0|-0.0999599480480161
1782421792710325346|1644000.0|-0.0100084532396908
1782421792810341926|1637000.0|-0.0699883959239558
1782421792910328698|1653000.0|0.16002116760005
1782421793010369885|1769000.0|1.15952242749779
1782421793110574993|1651000.0|-1.17758467961533
1782421793210558597|1657000.0|0.0600098392132374
1782421793311074329|1654000.0|-0.029846074244378
1782421793410461692|1656000.0|0.0201232826752834
1782421793510436480|1653000.0|-0.0300075655074157
1782421793610728980|1652000.0|-0.00997083530672782
1782421793710345111|1646000.0|-0.0602312089394438
1782421793810349867|1661000.0|0.149992866339277
1782421793910410431|1665000.0|0.0399757890631118
1782421794010454834|1770000.0|1.04953397542889
1782421794110454102|1654000.0|-1.16000849126216
1782421794210298057|1661000.0|0.070109402216689
1782421794310455613|1669000.0|0.079874153478745
1782421794410340385|1661000.0|-0.0800922887424722
1782421794510651317|1661000.0|0.0
1782421794610301976|0.0|-16.6682289577232
1782421794710450268|1663000.0|16.6053755564798
1782421794810447791|1653000.0|-0.100002477061357
1782421794911489188|1650000.0|-0.0296908008902529
1782421795010339911|1664000.0|0.141627694518734
1782421795110417706|1761000.0|0.969245975093676
1782421795210398638|1653000.0|-1.08020597367506
1782421795310410385|1647000.0|-0.0599929526278548
1782421795410389877|1672000.0|0.250051280516608
1782421795510354008|1650000.0|-0.22007894011503
1782421795610405516|1659000.0|0.089953666665374
1782421795710418192|1670000.0|0.109986058167267
1782421795810362275|1673000.0|0.0300167844853807
1782421795910416055|1663000.0|-0.0999462489073376
1782421796011441723|1637000.0|-0.257360337374854
1782421796110414206|1746000.0|1.10131621129481
1782421796211040386|1660000.0|-0.85464836288131
1782421796310348549|1666000.0|0.0604179940374086
1782421796410410745|1662000.0|-0.0399751370637518
1782421796510404012|1663000.0|0.0100006733453363
1782421796610364207|1657000.0|-0.0600238925104138
1782421796710333091|1661000.0|0.0400124502740273
1782421796810420054|1654000.0|-0.0699391787919472
1782421796910498842|1660000.0|0.0599527644159719
1782421797010533710|1664000.0|0.0399860576614146
1782421797110445857|1746000.0|0.820721028044768
1782421797210741637|1646000.0|-0.9970509227806
1782421797310524232|1646000.0|0.0
1782421797410875244|1651000.0|0.0498251078922851
1782421797510418751|1647000.0|-0.0401834345659532
1782421797611129923|1642000.0|-0.049646924970747
1782421797710791510|1642000.0|0.0
1782421797810364985|1643000.0|0.010042835202849
1782421797913241759|1647000.0|0.0388814680367019
1782421798010347232|1679000.0|0.329538583268113
1782421798110354275|1743000.0|0.639954927974423
1782421798210407095|1663000.0|-0.799577663078362
1782421798310508970|1653000.0|-0.0998982286795327
1782421798410456046|1655000.0|0.0200105904048659
1782421798510352353|1648000.0|-0.070072660443794
1782421798610413396|1655000.0|0.0699572959678224
1782421798710413032|1649000.0|-0.060000218400795
1782421798810400507|1648000.0|-0.0100012526568953
1782421798912619105|1650000.0|0.0195659110879216
1782421799010453170|1665000.0|0.153320829508617
1782421799110426054|1717000.0|0.520141041444798
1782421799210399945|1645000.0|-0.720188033893769
1782421799310387388|1651000.0|0.0600075351461883
1782421799410398720|1659000.0|0.0799909354271974
1782421799510349763|1650000.0|-0.0900440828816564
1782421799610404342|1655000.0|0.0499727253862115
1782421799710402538|1649000.0|-0.0600010824195268
1782421799810317133|1651000.0|0.0200170956004976
1782421799910345600|1648000.0|-0.0299914623304184
1782421800010360068|1644000.0|-0.039994213637171
1782421800110288999|1763000.0|1.19084632257299
1782421800210364650|1641000.0|-1.2190777554872
1782421800310380174|1658000.0|0.169973613296272
1782421800410405569|1669000.0|0.109972072592165
1782421800510570084|1652000.0|-0.169720783852445
1782421800610330856|1645000.0|-0.070167861170922
1782421800710336811|1656000.0|0.109993449890059
1782421800811423551|1644000.0|-0.11870993168837
1782421800910470626|1656000.0|0.12115451162995
1782421801010335669|1644000.0|-0.120162167256064
1782421801110439368|1761000.0|1.16878797855412
1782421801210782732|1635000.0|-1.25568841802035
1782421801311506880|1654000.0|0.188634010585029
1782421801411448307|1652000.0|-0.0200117214656141
1782421801510481797|1661000.0|0.0908783483243901
1782421801610419288|1668000.0|0.0700437836687335
1782421801710960892|1643000.0|-0.248653283868437
1782421801810326751|1643000.0|0.0
1782421801910339730|1645000.0|0.0199974045368652
1782421802010452582|1643000.0|-0.0199774550424355
1782421802110399401|1749000.0|1.06056401855071
1782421802210349228|1649000.0|-1.00050198185936
1782421802310336015|1681000.0|0.320042287187406
1782421802410342290|1679000.0|-0.0199987450787463
1782421802510759990|1679000.0|0.0
1782421802610376825|1683000.0|0.0401538555205051
1782421802710444508|1682000.0|-0.00999323627789004
1782421802810314495|1684000.0|0.0200260364507707
1782421802910303170|1682000.0|-0.0200022652565403
1782421803010458358|1694000.0|0.119814062951986
1782421803110354585|1787000.0|0.930966091442072
1782421803210447452|1648000.0|-1.38871034636264
1782421803310877215|1650000.0|0.0199144152117535
1782421803410391202|1648000.0|-0.0200976773244951
1782421803510393829|1647000.0|-0.00999973730690095
1782421803610430088|1635000.0|-0.119956504970863
1782421803711040940|1632000.0|-0.0298178570240117
1782421803810567551|1635000.0|0.0301426921891272
1782421803910335138|1642000.0|0.0701630680914434
1782421804010834325|1649000.0|0.0696523047494902
1782421804110533160|1777000.0|1.28386655671553
1782421804210378667|1675000.0|-1.0215782669119
1782421804310364590|1671000.0|-0.0400056315927593
1782421804410422625|1666000.0|-0.0499709993305385
1782421804510339316|1663000.0|-0.0300250135385288
1782421804610348023|1673000.0|0.0999912937580525
1782421804710427003|1661000.0|-0.119905298795012
1782421804810727102|1654000.0|-0.0697905592296574
1782421804910462321|1648000.0|-0.0601592903706363
1782421805010422916|1672000.0|0.240094609280787
1782421805110627863|1770000.0|0.977995627301714
1782421805210711770|1674000.0|-0.959195168110294
1782421805310450109|1670000.0|-0.040104938984396
1782421805410443936|1668000.0|-0.0200012346762166
1782421805510442419|1662000.0|-0.0600009102138079
1782421805610588215|1656000.0|-0.0599126497531659
1782421805710443386|1650000.0|-0.0600870234351709
1782421805810296589|1653000.0|0.0300441038431186
1782421805910466976|1667000.0|0.139761863952867
1782421806010342883|1670000.0|0.0300372741546167
1782421806110411638|1778000.0|1.07925795619222
1782421806210426137|1659000.0|-1.18982748691267
1782421806310462108|1665000.0|0.0599784251606855
1782421806410453183|1665000.0|0.0
1782421806510589346|1668000.0|0.0299592066454553
1782421806611057701|1662000.0|-0.0597202970029717
1782421806711143848|1657000.0|-0.0499569635745894
1782421806810389402|1661000.0|0.0403040724625307
1782421806910319229|1649000.0|-0.120084266732494
1782421807010341296|1665000.0|0.159964700589521
1782421807110326819|1781000.0|1.16016795751521
1782421807211079015|1663000.0|-1.17119035301226
1782421807310340281|1661000.0|-0.020148846378808
1782421807410683788|1654000.0|-0.0697603682518292
1782421807510714623|1668000.0|0.139956844307058
1782421807610322738|1661000.0|-0.0702753987463772
1782421807710740549|1651000.0|-0.0995839273971029
1782421807810349144|1665000.0|0.140550120197961
1782421807910356747|1654000.0|-0.109991637335813
1782421808010406606|1665000.0|0.109945182431491
1782421808110507249|1770000.0|1.0489443109771
1782421808210398196|1660000.0|-1.10120089260942
1782421808310473911|1650000.0|-0.0999243422842395
1782421808410380601|1652000.0|0.0200186794297759
1782421808510431084|1653000.0|0.00999495424724736
1782421808610428671|1644000.0|-0.0900021717524044
1782421808710316130|1656000.0|0.120135201356959
1782421808810372517|1649000.0|-0.0699605513439137
1782421808910449192|1654000.0|0.0499616918727566
1782421809010359867|1664000.0|0.100089404860892
1782421809110302925|1752000.0|0.880501375093005
1782421809211122785|1654000.0|-0.972030709028955
1782421809310440275|1654000.0|0.0
1782421809410476374|1666000.0|0.119956696832011
1782421809510309561|1656000.0|-0.100167091730729
1782421809610463180|1673000.0|0.169739248264209
1782421809710624575|1660000.0|-0.12979052458285
1782421809810525073|1666000.0|0.060059760663055
1782421809910420260|1652000.0|-0.140146892162082
1782421810010417863|1658000.0|0.0600014382344745
1782421810110939306|1736000.0|0.775953843002433
1782421810210308108|1654000.0|-0.825208700815373
1782421810310360687|1667000.0|0.12993168322028
1782421810410354050|1663000.0|-0.0400026549762108
1782421810510350261|1672000.0|0.0900034102292136
1782421810610439607|1657000.0|-0.149866100633728
1782421810710773675|1658000.0|0.00996670442984531
1782421810810761261|1654000.0|-0.0400049662165061
1782421810910452976|1660000.0|0.0601855430012414
1782421811010465843|1669000.0|0.0899884211898455
1782421811110783654|1770000.0|1.00680027796859
1782421811210360632|1662000.0|-1.08458804604414
1782421811310395755|1659000.0|-0.029989466799576
1782421811410862318|1658000.0|-0.00995356037013031
1782421811510686576|1671000.0|0.130228866815118
1782421811610729971|1676000.0|0.049978311911546
1782421811710458390|1647000.0|-0.290789729655696
1782421811810423560|1658000.0|0.110038326349067
1782421811910561739|1651000.0|-0.0699034081696253
1782421812010368174|1667000.0|0.160310304641179
1782421812110545713|1745000.0|0.778617650010348
1782421812210294259|1642000.0|-1.03259650521623
1782421812310344982|1658000.0|0.159918884344294
1782421812411089561|1660000.0|0.0198521848009311
1782421812511037724|1652000.0|-0.0800414911077455
1782421812610281214|0.0|-16.6459281107506
1782421812710350865|1648000.0|16.4685295045148
1782421812810382339|1649000.0|0.00999685359030099
1782421812910441622|1658000.0|0.0899466769115265
1782421813011467018|1648000.0|-0.098985011649942
1782421813110489323|1673000.0|0.252468370636293
1782421813211179455|1743000.0|0.695202187241149
1782421813310370944|1652000.0|-0.917417420762783
1782421813410305811|1660000.0|0.0800521403605811
1782421813510448966|1657000.0|-0.0299571148921761
1782421813610287624|1656000.0|-0.0100161602733082
1782421813710780603|1644000.0|-0.119411327233119
1782421813810527405|1649000.0|0.0501269203598126
1782421813910408656|1647000.0|-0.0200237780361802
1782421814010280258|1646000.0|-0.0100128563072414
1782421814111404950|1663000.0|0.168109288283419
1782421814210431704|1754000.0|0.918943581650672
1782421814310284378|1652000.0|-1.0215049423714
1782421814410498125|1649000.0|-0.0299360126709961
1782421814510391888|1657000.0|0.0800850799864252
1782421814610311314|1653000.0|-0.0400322555896188
1782421814710505509|1658000.0|0.0499030906930287
1782421814810462712|1659000.0|0.0100042815323674
1782421814910888155|1658000.0|-0.00995763593494927
1782421815010285629|1662000.0|0.040242471352944
1782421815111559329|1679000.0|0.167861942439153
1782421815210390290|1744000.0|0.657688636661137
1782421815379962046|3322000.0|9.30579500515404
1782421815410807399|0.0|-107.698556732354
1782421815510553482|1658000.0|16.6222066083537
1782421815611064717|1657000.0|-0.00994913653185139
1782421815710547359|1658000.0|0.0100520048512584
1782421815810674513|1650000.0|-0.0798984059808591
1782421815910892516|1659000.0|0.0898042240973411
1782421816010387398|1650000.0|-0.0904569141556447
1782421816111207785|1675000.0|0.247965721456713
1782421816210562283|1732000.0|0.57370326605646
1782421816310474670|1650000.0|-0.820719056587048
1782421816410360688|1654000.0|0.0400456448268866
1782421816510961139|1656000.0|0.0198806265789007
1782421816610361733|1647000.0|-0.0905427184871752
1782421816711050664|1655000.0|0.0794526262276039
1782421816810334906|1651000.0|-0.0402883672113849
1782421816910464301|1655000.0|0.0399483088857173
1782421817010446831|1653000.0|-0.0200034946105085
1782421817110306770|1685000.0|0.320448823827141
1782421817211433813|1737000.0|0.514204692012996
1782421817310432903|1655000.0|-0.828290441861637
1782421817410468713|1666000.0|0.109960623100868
1782421817510409707|1667000.0|0.0100059040837637
1782421817611155919|1657000.0|-0.099259315079757
1782421817710454880|1655000.0|-0.0201411976505978
1782421817810383315|1663000.0|0.0800572930017367
1782421817910586341|1652000.0|-0.109777123896438
1782421818010322760|1652000.0|0.0
1782421818110438602|1693000.0|0.409525597357509
1782421818210327388|1724000.0|0.310345147252065
1782421818310435934|1658000.0|-0.659284373184283
1782421818410508177|1656000.0|-0.0199855618305667
1782421818510462771|1658000.0|0.0200090853252828
1782421818610370757|1654000.0|-0.0400368394974952
1782421818710341480|1659000.0|0.0500146427869687
1782421818810391066|1655000.0|-0.0399801754302112
1782421818910388252|1659000.0|0.0400011256316753
1782421819010436031|1660000.0|0.00999522438174265
1782421819110345633|1705000.0|0.45040715906365
1782421819210397588|1725000.0|0.199896143958406
1782421819310369814|1672000.0|-0.530147243095297
1782421819410354008|1667000.0|-0.0500079042493457
1782421819510377419|1654000.0|-0.129969572823306
1782421819610417981|1652000.0|-0.0199918908892175
1782421819710296831|1651000.0|-0.0100121296951256
1782421819810442130|1654000.0|0.029956473543506
1782421819910454004|1634000.0|-0.199976254819503
1782421820010351686|1647000.0|0.130133149636045
1782421820110683129|1728000.0|0.807324180516371
1782421820210356731|1677000.0|-0.511670080910691
1782421820310363741|1652000.0|-0.249982476228416
1782421820410376480|1667000.0|0.149980893933922
1782421820510429602|1634000.0|-0.329824790474804
1782421820610355348|1641000.0|0.0700520164242757
1782421820710322182|1653000.0|0.120039812404182
1782421820810597433|1643000.0|-0.099725504551467
1782421820910356155|1661000.0|0.180435350805717
1782421821014681744|1665000.0|0.0383415041155435
1782421821110362031|1716000.0|0.533025157000208
1782421821210836434|1696000.0|-0.199055673911295
1782421821310765060|1656000.0|-0.400285699915458
1782421821410448790|1656000.0|0.0
1782421821510299416|1662000.0|0.0600897584758257
1782421821610384922|1652000.0|-0.099914567050298
1782421821710475101|1651000.0|-0.00999099022492506
1782421821810344991|1661000.0|0.100130279506666
1782421821911024322|1659000.0|-0.0198650505534249
1782421822010398755|1663000.0|0.0402518019901558
1782421822110475862|1758000.0|0.949268047886316
1782421822210629752|1664000.0|-0.938555656699904
1782421822310361962|1660000.0|-0.0401074036161437
1782421822410396572|1637000.0|-0.229920424541066
1782421822510339134|1666000.0|0.290166665929577
1782421822610380801|1640000.0|-0.259891710920811
1782421822710364563|1649000.0|0.0900146165734392
1782421822810331637|1659000.0|0.100032936844786
1782421822910309911|1639000.0|-0.200043461442433
1782421823014532173|1670000.0|0.29744125108319
1782421823110512540|1745000.0|0.781409806445103
1782421823210494702|1655000.0|-0.900160570642591
1782421823310316880|1663000.0|0.0801425110159388
1782421823410315442|1646000.0|-0.170002444635154
1782421823510738100|1651000.0|0.049789560439637
1782421823610439750|1649000.0|-0.0200598485581733
1782421823710302232|1645000.0|-0.0400550829489698
1782421823810444394|1651000.0|0.0599148238880643
1782421823911010141|1661000.0|0.0994374356907029
1782421824010538558|1660000.0|-0.010047381744251
1782421824110418065|1774000.0|1.14137527731289
1782421824210737443|1663000.0|-1.10646619041039
1782421824310445893|1625000.0|-0.381111129498052
1782421824410390903|1660000.0|0.350192570894735
1782421824510510665|1653000.0|-0.0699162668804586
1782421824610341435|1656000.0|0.0300508550620215
1782421824710283053|1649000.0|-0.0700408912731431
1782421824810424447|1653000.0|0.0399435222561412
1782421824910465906|1654000.0|0.00999585581813636
1782421825010936468|1647000.0|-0.0696721493406198
1782421825110983158|1759000.0|1.11947731604114
1782421825211061032|1659000.0|-0.999221865964099
1782421825310323785|1648000.0|-0.110816994970913
1782421825410352812|1648000.0|0.0
1782421825510764478|1651000.0|0.0298770065223298
1782421825610977760|1653000.0|0.0199574343847954
1782421825710334770|1645000.0|-0.0805177208935736
1782421825810320676|1650000.0|0.0500070479933442
1782421825910454918|1649000.0|-0.00998659379675536
1782421826010673272|1653000.0|0.0399128486983532
1782421826110379738|1792000.0|1.39409213440581
1782421826210349964|1658000.0|-1.34039909042518
1782421826310346926|1648000.0|-0.100003038092297
1782421826410455984|1650000.0|0.019978212161381
1782421826510622162|1654000.0|0.0399336390772542
1782421826610355748|1657000.0|0.0300801376980469
1782421826710404662|1655000.0|-0.0199902219828193
1782421826810357960|1643000.0|-0.120056068585151
1782421826910734426|1659000.0|0.159399913521562
1782421827010363932|1654000.0|-0.050185935881284
1782421827110471374|1767000.0|1.1287872084475
1782421827210358384|1609000.0|-1.58178726142669
1782421827310373281|1608000.0|-0.00999851052188755
1782421827410407395|1618000.0|0.0999658976336812
1782421827510363413|1634000.0|0.16007040216428
1782421827610371287|1657000.0|0.229981891225885
1782421827710313561|1631000.0|-0.26015017428961
1782421827810526475|1629000.0|-0.019957507672115
1782421827910421341|1616000.0|-0.130136818042281
1782421828011068287|1624000.0|0.0794857699904774
1782421828110356384|1755000.0|1.31939279690294
1782421828210300354|1636000.0|-1.19066713079338
1782421828310400948|1624000.0|-0.119879408507806
1782421828410681494|1629000.0|0.0498601194293457
1782421828510308216|1623000.0|-0.0602248059511584
1782421828610304298|1628000.0|0.0500019590767566
1782421828710826252|1626000.0|-0.0198961512427425
1782421828810420957|1609000.0|-0.170691805352503
1782421828910354575|1632000.0|0.230152780018432
1782421829010351505|1629000.0|-0.0300009210282756
1782421829110530179|1781000.0|1.51728899905383
1782421829210727061|1655000.0|-1.25752416128079
1782421829310324678|1655000.0|0.0
1782421829410337880|1669000.0|0.139981519639777
1782421829511235195|1664000.0|-0.0495553325675713
1782421829611057804|1654000.0|-0.100177706234867
1782421829710667646|1658000.0|0.0401566744780099
1782421829810406879|1653000.0|-0.0501307243860598
1782421829910363985|1673000.0|0.200085824813696
1782421830010483299|1667000.0|-0.059928496913193
1782421830110389684|1772000.0|1.05098387855791
1782421830210392102|1667000.0|-1.04997461161389
1782421830310297160|1655000.0|-0.120114038670595
1782421830410541849|0.0|-16.5096028179608
1782421830510585819|1660000.0|16.5927041879686
1782421830611054237|1652000.0|-0.0796270127394661
1782421830711083839|1644000.0|-0.0799763254081527
1782421830810671840|1643000.0|-0.0100413703454094
1782421830910447378|1655000.0|0.12026996035842
1782421831010381732|1647000.0|-0.080052551297825
1782421831110368565|1661000.0|0.140018436227498
1782421831210364039|1787000.0|1.26005703018119
1782421831310362521|1672000.0|-1.150017457265
1782421831410714827|1667000.0|-0.0498244654188614
1782421831510399260|1655000.0|-0.120379879173311
1782421831610309294|1664000.0|0.0900810423105251
1782421831711596049|1649000.0|-0.148094388056958
1782421831810595330|1657000.0|0.080808667691233
1782421831910396787|1656000.0|-0.0100198937977429
1782421832010363701|1668000.0|0.120039716340548
1782421832110293783|1662000.0|-0.0600419801516825
1782421832210708777|1775000.0|1.12532994823462
1782421832310359178|1660000.0|-1.15403449304735
1782421832410376700|1657000.0|-0.0299947443209001
1782421832510339534|1673000.0|0.160059487709202
1782421832610345519|1657000.0|-0.159990424573089
1782421832710946753|1645000.0|-0.119282831063484
1782421832810454163|1654000.0|0.0904455256146251
1782421832910674916|1640000.0|-0.139691626543656
1782421833010862758|1643000.0|0.0299437530553857
1782421833110388599|1650000.0|0.0703334925851066
1782421833210449785|1757000.0|1.0693457101338
1782421833310496010|1644000.0|-1.12947789884126
1782421833411176204|1657000.0|0.129121721795649
1782421833511150830|1651000.0|-0.0600152282640197
1782421833610758463|1653000.0|0.0200787825165969
1782421833710361040|1646000.0|-0.0702793061267883
1782421833810350866|1642000.0|-0.0400040700140832
1782421833910361684|1647000.0|0.0499945915850823
1782421834010352629|1650000.0|0.0300027167460013
1782421834110547655|1641000.0|-0.0898248182499598
1782421834210732809|1754000.0|1.12791162650706
1782421834310407770|1648000.0|-1.06345664885688
1782421834410422972|1647000.0|-0.00999848003106568
1782421834510385373|1647000.0|0.0
1782421834610363039|1650000.0|0.030006701696757
1782421834710309696|1643000.0|-0.0700373600289602
1782421834810917026|1636000.0|-0.0695774353618171
1782421834910360115|1644000.0|0.0804480238943503
1782421835010316821|1650000.0|0.0600259876510937
1782421835110361239|1646000.0|-0.0399822406883311
1782421835210372728|1770000.0|1.23985755276576
1782421835311086970|1649000.0|-1.20141896118327
1782421835410341803|1668000.0|0.191426446710157
1782421835511107645|1651000.0|-0.16870796355773
1782421835610912655|1647000.0|-0.0400781483815291
1782421835710552864|1641000.0|-0.06021665410196
1782421835810345521|1650000.0|0.0901869964239954
1782421835911017555|1644000.0|-0.0595994712891169
1782421836010344068|1656000.0|0.120813664323442
1782421836110498630|1653000.0|-0.0299537029576346
1782421836210507431|1772000.0|1.18989527731664
1782421836310466745|1648000.0|-1.24050471174702
1782421836410350602|1668000.0|0.200232556097628
1782421836510326476|1661000.0|-0.0700168922754304
1782421836610331805|1644000.0|-0.169990941182744
1782421836710376959|1642000.0|-0.019990973275927
1782421836810360624|1658000.0|0.160026140270013
1782421836910314402|1629000.0|-0.290134105786377
1782421837010308291|1650000.0|0.210012833884279
1782421837110628453|1653000.0|0.029904257929727
1782421837210352838|1776000.0|1.2333994338496
1782421837310393367|1645000.0|-1.3094692851934
1782421837410358840|1648000.0|0.0300103616775764
1782421837510985434|1656000.0|0.0795018462018102
1782421837610368395|1658000.0|0.0201241740020203
1782421837710740909|1649000.0|-0.0896659816650602
1782421837810329662|1641000.0|-0.0803303561798791
1782421837910615984|1642000.0|0.00997144954623024
1782421838010386209|1654000.0|0.120276365017719
1782421838110405650|1653000.0|-0.00999805627787902
1782421838210313236|1767000.0|1.14105449410018
1782421838310373221|1647000.0|-1.19928061152518
1782421838410378983|1645000.0|-0.0199988476663975
1782421838510323864|1643000.0|-0.0200110298795593
1782421838610432234|1657000.0|0.139848446238811
1782421838710291867|1641000.0|-0.160224902889439
1782421838810313612|1639000.0|-0.0199956519454845
1782421838910331150|1632000.0|-0.0699877255526926
1782421839010291535|1643000.0|0.110043593769672
1782421839110340784|1640000.0|-0.0299852325728102
1782421839210331697|1757000.0|1.17010632756199
1782421839310305027|1637000.0|-1.20032012537744
1782421839410462756|1634000.0|-0.0299527558177762
1782421839510976310|1632000.0|-0.0198978139803911
1782421839610393271|1628000.0|-0.0402345833121976
1782421839710306280|1635000.0|0.0700609467181596
1782421839810433049|1605000.0|-0.299620174500987
1782421839910447339|1619000.0|0.139979996858449
1782421840010296668|1626000.0|0.0701056288520477
1782421840110834030|1623000.0|-0.0298396530436118
1782421840210364031|1768000.0|1.45684716711698
1782421840310292160|1646000.0|-1.220877456837
1782421840410314081|1650000.0|0.0399912335216997
1782421840510871283|1646000.0|-0.0397783542147483
1782421840610425124|1651000.0|0.0502240792497398
1782421840710351445|1643000.0|-0.0800589866607818
1782421840810380550|1644000.0|0.00999709034685455
1782421840910457559|1641000.0|-0.029976915077468
1782421841010433481|1647000.0|0.0600144502793383
1782421841110294538|1655000.0|0.0801113090561419
1782421841210404700|1765000.0|1.09878955145433
1782421841310394061|1664000.0|-1.01010746533324
1782421841410422430|1663000.0|-0.00999716390457191
1782421841510324655|1667000.0|0.0400391482772281
1782421841610609681|1681000.0|0.139602097724939
1782421841710425042|1654000.0|-0.270499447474823
1782421841810439987|1664000.0|0.0999850572331965
1782421841910395221|1652000.0|-0.120053743258707
1782421842010753718|1654000.0|0.0199285567220083
1782421842110373495|1654000.0|0.0
1782421842210357768|1760000.0|1.06016673242201
1782421842310352393|1653000.0|-1.07005751559146
1782421842410415275|1675000.0|0.219861746536543
1782421842510350252|1619000.0|-0.560364365721523
1782421842610307933|1663000.0|0.440186282432863
1782421842710362927|1653000.0|-0.0999450362267774
1782421842810363232|1662000.0|0.0899997255008372
1782421842910343601|1662000.0|0.0
1782421843010424002|1665000.0|0.0299758990773828
1782421843110481059|1667000.0|0.0199885951072896
1782421843210431396|1750000.0|0.830412407714043
1782421843310313525|1659000.0|-0.91107389190713
1782421843410475526|1664000.0|0.0499191305093835
1782421843510484648|1678000.0|0.139987230364846
1782421843610506505|1684000.0|0.0599868886657443
1782421843710357546|1675000.0|-0.0901342630969666
1782421843810305483|1679000.0|0.0400208360478716
1782421843910448092|1647000.0|-0.31954430106769
1782421844010516381|1651000.0|0.0399727030408205
1782421844110296382|1665000.0|0.140308677687826
1782421844210519216|1753000.0|0.878043420723864
1782421844310445137|1672000.0|-0.810600484733085
1782421844410457586|1679000.0|0.0699912867847082
1782421844510305122|1692000.0|0.130198505849959
1782421844610358212|1666000.0|-0.259862039243366
1782421844710345253|1678000.0|0.120015552815489
1782421844810393814|1689000.0|0.109946608827287
1782421844910346311|1676000.0|-0.130061783248897
1782421845010350936|1665000.0|-0.109994912735286
1782421845110695850|1663000.0|-0.0199312543134971
1782421845210442923|1739000.0|0.761927119405298
1782421845310574444|1649000.0|-0.898817865754781
1782421845410464445|1663000.0|0.14015416818346
1782421845510463406|1658000.0|-0.0500005195053977
1782421845610493039|1655000.0|-0.0299911127335637
1782421845710594448|1641000.0|-0.13985817122714
1782421845810501905|1641000.0|0.0
1782421845910506562|1648000.0|0.0699967402518065
1782421846010666819|1639000.0|-0.0898559994709279
1782421846110393588|1679000.0|0.401095918388773
1782421846210611365|1762000.0|0.828196378772201
1782421846310320390|1654000.0|-1.083151700661
1782421846410328087|1662000.0|0.079993842873914
1782421846510310584|1657000.0|-0.0500087530320432
1782421846610359145|1653000.0|-0.0399805850281045
1782421846710393898|1640000.0|-0.129954836795568
1782421846810412363|1655000.0|0.149972307613399
1782421846910306412|1656000.0|0.0100106063375207
1782421847010301389|1654000.0|-0.0200010046504636
1782421847110349502|1698000.0|0.439788404604892
1782421847210314783|1745000.0|0.470163235973898
1782421847310493440|1666000.0|-0.788591126750681
1782421847410307281|1656000.0|-0.100186506198073
1782421847510432498|1654000.0|-0.019974987919377
1782421847610320596|1666000.0|0.120134432833029
1782421847710515829|1650000.0|-0.159688235866471
1782421847810383750|1653000.0|0.0300396761038011
1782421847910314215|1664000.0|0.110076541723287
1782421848010533496|1661000.0|-0.0299343596368447
1782421848110292600|1702000.0|0.410990058611593
1782421848210319257|1723000.0|0.209944035218532
1782421848310492506|0.0|-17.2002008240743
1782421848410767579|1641000.0|16.3649843466083
1782421848510505484|1624000.0|-0.170446732363187
1782421848610461084|1637000.0|0.130057745639064
1782421848710374269|1672000.0|0.350304116518756
1782421848810380910|1605000.0|-0.669955508254697
1782421848910459359|1635000.0|0.299764837482643
1782421849010378416|1627000.0|-0.0800648068566139
1782421849110442049|1606000.0|-0.209866455678258
1782421849210485314|1711000.0|1.04954591396033
1782421849310333283|1720000.0|0.0901370362375623
1782421849410445764|1658000.0|-0.619303401341137
1782421849510379013|1657000.0|-0.0100066795586722
1782421849610429205|1648000.0|-0.0899548498617574
1782421849710408535|1655000.0|0.0700144719913606
1782421849810365047|1646000.0|-0.0900391562282605
1782421849910518680|1650000.0|0.0399386410675687
1782421850010414953|1654000.0|0.0400415338818496
1782421850110509002|1652000.0|-0.0199812078738068
1782421850210411451|1741000.0|0.890869051668593
1782421850310827372|1690000.0|-0.507887588861531
1782421850410502940|1656000.0|-0.341106659156434
1782421850510553981|1659000.0|0.0299846955115639
1782421850610436878|1665000.0|0.0600703441751394
1782421850710458159|1661000.0|-0.0399914894111384
1782421850810408015|1645000.0|-0.160080270650915
1782421850910465296|1652000.0|0.0699599262546421
1782421851010295985|1655000.0|0.0300508794444963
1782421851110501826|1661000.0|0.0598767491008833
1782421851210454771|1761000.0|1.00047077152154
1782421851310425924|1681000.0|-0.800230842591162
1782421851410450197|1663000.0|-0.17995631920264
1782421851510607573|1657000.0|-0.0599057227697339
1782421851610735910|1660000.0|0.0299615482478252
1782421851710339174|1658000.0|-0.0200796632528026
1782421851810312551|1658000.0|0.0
1782421851910310200|1654000.0|-0.0400009404221093
1782421852010567305|1659000.0|0.049871777167314
1782421852113774349|1658000.0|-0.00968926113221497
1782421852210363307|1775000.0|1.21131858571246
1782421852310414363|1706000.0|-0.68964789337156
1782421852410352108|1704000.0|-0.0200124587561987
1782421852510418509|1709000.0|0.0499668215308353
1782421852611101326|1657000.0|-0.516473431608494
1782421852710341406|1664000.0|0.0705360173026866
1782421852810301534|1657000.0|-0.0700279215328736
1782421852910350255|1664000.0|0.0699659119080593
1782421853010426304|1665000.0|0.00999240087905549
1782421853110406801|1668000.0|0.0300058520413236
1782421853210486930|1749000.0|0.809351474756792
1782421853310389954|1686000.0|-0.630611541848823
1782421853410447795|1665000.0|-0.209878604116593
1782421853510817892|1663000.0|-0.0199262535334603
1782421853610463524|1676000.0|0.130462316702452
1782421853710434933|1657000.0|-0.190054338435902
1782421853810428421|1664000.0|0.0700045586968623
1782421853910376054|1662000.0|-0.020010478887479
1782421854010377975|1659000.0|-0.0299994237110705
1782421854110381463|1660000.0|0.00999965121216572
1782421854210372504|1779000.0|1.19010662165223
1782421854310360137|1675000.0|-1.04012863270801
1782421854410725018|1688000.0|0.129527379203489
1782421854510369050|1670000.0|-0.180643031385964
1782421854610350507|1681000.0|0.110020401082973
1782421854710347164|1668000.0|-0.130004346045288
1782421854810408140|1674000.0|0.059963436694841
1782421854910353277|1684000.0|0.10005489311601
1782421855010344157|1679000.0|-0.0500045604159099
1782421855110450238|1683000.0|0.0399576125650149
1782421855210453278|1777000.0|0.939971424868684
1782421855310421951|1668000.0|-1.09034157130404
1782421855410440927|1697000.0|0.289944980040587
1782421855510337616|1683000.0|-0.140144784978809
1782421855610328049|1680000.0|-0.0300028703746087
1782421855710364034|1694000.0|0.139949639122362
1782421855810401266|1696000.0|0.0199925563714118
1782421855910453347|1711000.0|0.14992191916528
1782421856010346787|1671000.0|-0.400426694685857
1782421856110351412|1663000.0|-0.0799963001711171
1782421856210366964|1755000.0|0.919856943848093
1782421856310481348|1658000.0|-0.968891742868837
1782421856410443093|1665000.0|0.0700267887480356
1782421856510413734|1653000.0|-0.120035241146448
1782421856610537142|1657000.0|0.0399506976430527
1782421856710323351|1648000.0|-0.0901928241406586
1782421856810338391|1653000.0|0.0499924811308379
1782421856910531176|1645000.0|-0.0798460687563481
1782421857010597497|1652000.0|0.069953606068919
1782421857110943018|1646000.0|-0.0597934012420943
1782421857210492106|1718000.0|0.723261271866197
1782421857310368106|1695000.0|-0.230285554087068
1782421857410455098|1650000.0|-0.449608876246376
1782421857510790411|1673000.0|0.229231357458366
1782421857610986268|1660000.0|-0.129745883604748
1782421857710962620|1661000.0|0.0100023653593602
1782421857810427804|1653000.0|-0.0804301533288271
1782421857910373869|1663000.0|0.10005396410554
1782421858010300205|1664000.0|0.0100073718303851
1782421858110321246|1655000.0|-0.0899810670836749
1782421858210470558|1683000.0|0.279582549703387
1782421858310381951|1766000.0|0.830736090327557
1782421858410385919|1672000.0|-0.939962702279974
1782421858510367663|1662000.0|-0.100018259333424
1782421858610929344|1668000.0|0.0596648737405255
1782421858710941681|1684000.0|0.159980263234925
1782421858810732033|1656000.0|-0.280588247649432
1782421858910999970|1657000.0|0.00997327789839737
1782421859010641923|1670000.0|0.130467133658049
1782421859110310851|1666000.0|-0.0401328686910328
1782421859210327043|1668000.0|0.0199967621242768
1782421859310445572|1655000.0|-0.129846094722387
1782421859410461252|1654000.0|-0.00999843224582385
1782421859510449092|1665000.0|0.110013377626719
1782421859610286100|1662000.0|-0.0300489774292916
1782421859710770549|1658000.0|-0.0398071546374305
1782421859810438581|1658000.0|0.0
1782421859910444421|1657000.0|-0.00999941603410361
1782421860010995238|1641000.0|-0.15912352059755
1782421860110300486|1655000.0|0.140979457601274
1782421860210702487|1667000.0|0.119519530293027
1782421860310943864|1665000.0|-0.0199518408451233
1782421860411041816|1656000.0|-0.0899119294668486
1782421860510434232|1654000.0|-0.02012225962995
1782421860610444792|1655000.0|0.00999894411150183
1782421860710376088|1651000.0|-0.0400275004939394
1782421860810530249|1658000.0|0.069892253403231
1782421860910529049|1664000.0|0.0600007200086401
1782421861010507610|1660000.0|-0.0400085774389171
1782421861110519386|1672000.0|0.119985870463894
1782421861210424586|1673000.0|0.0100094889955678
1782421861310383003|1671000.0|-0.0200083200597304
1782421861410730491|1663000.0|-0.0797229722382288
1782421861510476764|1655000.0|-0.0802034979291908
1782421861610675516|1660000.0|0.0499008211200076
1782421861710678124|1654000.0|-0.0599984352408089
1782421861810384924|1670000.0|0.160470499504547
1782421861910461085|1667000.0|-0.0299771690882507
1782421862010634686|1654000.0|-0.12977470980603
1782421862110467374|1682000.0|0.28046925872616
1782421862210377998|1676000.0|-0.0600536735712911
1782421862310388750|1673000.0|-0.0299967747467792
1782421862410418399|1669000.0|-0.0399881439152106
1782421862510380783|1671000.0|0.0200075260309918
1782421862611004880|1659000.0|-0.119255728575631
1782421862710331952|1653000.0|-0.0604064921998305
1782421862810338880|1658000.0|0.0499965362399693
1782421862910388832|1656000.0|-0.019990014587913
1782421863010320672|1653000.0|-0.030020461946863
1782421863110376577|1656000.0|0.0299832378708683
1782421863210442737|1794000.0|1.37908759564672
1782421863310304705|1655000.0|-1.39192129680441
1782421863410706898|1650000.0|-0.0497997090561558
1782421863510353282|1649000.0|-0.0100354870880212
1782421863610800259|1653000.0|0.0398220047976158
1782421863710346178|1642000.0|-0.110501767531023
1782421863810313554|1645000.0|0.0300097903940181
1782421863910383475|1643000.0|-0.0199860255710605
1782421864010726083|1647000.0|0.0398634247178427
1782421864110383411|1649000.0|0.0200687700557254
1782421864210318371|1777000.0|1.2808330538182
1782421864310319379|1653000.0|-1.23998750092599
1782421864410310755|1669000.0|0.160013799590077
1782421864510524708|1668000.0|-0.00997865037815642
1782421864610656436|1662000.0|-0.0599210671766296
1782421864710395860|1662000.0|0.0
1782421864810353092|1662000.0|0.0
1782421864910382916|1672000.0|0.0999701848920578
1782421865010362373|1663000.0|-0.0900184924989141
1782421865110361445|1674000.0|0.110001020809473
1782421865210721157|1748000.0|0.737347671942303
1782421865310374597|1651000.0|-0.973373322586757
1782421865410516070|1664000.0|0.129816344922348
1782421865510321622|1661000.0|-0.0300584480510663
1782421865610351638|1645000.0|-0.159951988811038
1782421865710361302|1645000.0|0.0
1782421865810313302|1654000.0|0.0900432207459581
1782421865910324662|1661000.0|0.0699920489032446
1782421866010333782|1668000.0|0.0699936165821677
1782421866110338854|1653000.0|-0.149992392385858
1782421866210363814|0.0|-16.5258751415647
1782421866310331334|1757000.0|17.5757085901501
1782421866410326358|1649000.0|-1.08005374347428
1782421866510422535|1661000.0|0.11988469849353
1782421866610415655|1675000.0|0.140009632662727
1782421866710351255|1684000.0|0.0900579973502936
1782421866810439559|1686000.0|0.0199823547814338
1782421866910326855|1693000.0|0.0700789818156655
1782421867010327671|1696000.0|0.0299997552019976
1782421867110308263|1683000.0|-0.130025235297667
1782421867210375687|1688000.0|0.0499663107146637
1782421867310387143|1772000.0|0.839903780622892
1782421867410467015|1675000.0|-0.969225859921164
1782421867510332135|1674000.0|-0.0100135062171857
1782421867610916728|1668000.0|-0.0596512827764785
1782421867710306343|1651000.0|-0.171044027084721
1782421867810343335|1646000.0|-0.0499815108395102
1782421867910312600|1647000.0|0.0100030744449307
1782421868010314632|1651000.0|0.0399991872165158
1782421868110307159|1648000.0|-0.0300022420675497
1782421868210287623|1655000.0|0.0700136778721091
1782421868310320840|1760000.0|1.04965133731528
1782421868410401160|1677000.0|-0.829333879028364
1782421868510538168|1690000.0|0.12982213329162
1782421868610736568|1687000.0|-0.0299405978538579
1782421868710683096|1685000.0|-0.020010700121569
1782421868810638792|1691000.0|0.0600265941822865
1782421868910363687|1694000.0|0.0300827591746274
1782421869010360343|1705000.0|0.11000367852301
1782421869110440935|1705000.0|0.0
1782421869210439815|1685000.0|-0.200002240025088
1782421869310435927|1775000.0|0.900034993360542
1782421869410423607|1628000.0|-1.47018112631476
1782421869510380023|1617000.0|-0.110047963304327
1782421869610345271|1661000.0|0.440152961957339
1782421869710465095|1633000.0|-0.27966489433701
1782421869810342439|1631000.0|-0.0200245613259399
1782421869910334727|1629000.0|-0.0200015425189591
1782421870010312935|1641000.0|0.120026156099937
1782421870110386919|1650000.0|0.0899334636262707
1782421870210301479|1660000.0|0.10008551306236
1782421870310443271|1792000.0|1.31813099569858
1782421870410442455|1669000.0|-1.2300100368819
1782421870510402807|1690000.0|0.210083293824335
1782421870610404247|1706000.0|0.159997696033177
1782421870710366535|1708000.0|0.020007545245463
1782421870810360343|1693000.0|-0.150009288575149
1782421870910372535|1678000.0|-0.149981714229401
1782421871010357206|1691000.0|0.130019930755185
1782421871110343718|1693000.0|0.0200026979639014
1782421871210469110|1722000.0|0.289636818600421
1782421871310671943|1765000.0|0.429129583591713
1782421871410542726|1655000.0|-1.10142322605
1782421871510402054|1683000.0|0.280394436461659
1782421871610425078|1683000.0|0.0
1782421871710398262|1677000.0|-0.0600160939157444
1782421871810325926|1672000.0|-0.0500361941814231
1782421871910438278|1648000.0|-0.239730657811336
1782421872010446869|1665000.0|0.169985396554582
1782421872110404181|1666000.0|0.0100042706230436
1782421872210441045|1676000.0|0.0999631495845372
1782421872310440629|1767000.0|0.910003785615748
1782421872410407684|1653000.0|-1.1403756967733
1782421872510424676|1666000.0|0.129977914152827
1782421872610423716|1654000.0|-0.120001152011059
1782421872710445444|1637000.0|-0.169963070424058
1782421872810509892|1673000.0|0.359768136631304
1782421872910588051|1663000.0|-0.0999219020405841
1782421873010434883|1665000.0|0.0200306805928505
1782421873110455859|1657000.0|-0.0799832227192024
1782421873210481939|1687000.0|0.299921780399672
1782421873310779378|1754000.0|0.66801306860886
1782421873410442274|1662000.0|-0.923111846960578
1782421873510356530|1655000.0|-0.0700600723084001
1782421873610434306|1656000.0|0.00999222844440508
1782421873710343425|1648000.0|-0.0800727709349534
1782421873810443681|1662000.0|0.139859782176781
1782421873910342801|1648000.0|-0.140141374618715
1782421874010512753|1656000.0|0.0798642690774175
1782421874110514721|1653000.0|-0.0299994096116188
1782421874210476672|1687000.0|0.340129415841434
1782421874310443360|1746000.0|0.590196606293488
1782421874410424624|1649000.0|-0.970181773257037
1782421874510624416|1670000.0|0.209581273382284
1782421874610459999|1660000.0|-0.100164687774699
1782421874710302543|1645000.0|-0.150236556472359
1782421874810502111|1639000.0|-0.0598804976883733
1782421874910410430|1644000.0|0.050045882565595
1782421875010640270|1641000.0|-0.0299312061158633
1782421875110595549|1652000.0|0.110049215109489
1782421875210420749|1690000.0|0.380665403124662
1782421875310717213|1770000.0|0.797635298488689
1782421875410349532|1671000.0|-0.993653475033538
1782421875510475084|1675000.0|0.0399498421741535
1782421875610392716|1659000.0|-0.160131897441284
1782421875710428603|1644000.0|-0.149946188811221
1782421875810393227|1649000.0|0.0500176942595212
1782421875910426202|1645000.0|-0.0399868143479688
1782421876010349802|1653000.0|0.0800611667313828
1782421876110344298|1652000.0|-0.0100005504302957
1782421876210367753|1673000.0|0.209950756050168
1782421876310446953|1714000.0|0.409675536974716
1782421876410334825|1674000.0|-0.400449015472069
1782421876510387096|1697000.0|0.22987983950909
1782421876610419208|1702000.0|0.0499839491542476
1782421876710383111|1700000.0|-0.0200072220069278
1782421876810447287|1678000.0|-0.219858903350186
1782421876910319222|1708000.0|0.300384687650239
1782421877010785926|1713000.0|0.0497677320040279
1782421877110479734|1709000.0|-0.0401228529659535
1782421877210328869|1724000.0|0.15022663941956
1782421877310331381|1728000.0|0.0399989952252399
1782421877410696820|1624000.0|-1.03621327257882
1782421877510440116|1618000.0|-0.0601544187992344
1782421877610459604|1623000.0|0.0499902578985407
1782421877710451555|1639000.0|0.160012879436666
1782421877810477251|1705000.0|0.659830449967576
1782421877910564067|1641000.0|-0.639444859550732
1782421878010667794|1633000.0|-0.0799171043851344
1782421878110393810|1642000.0|0.0902472630612257
1782421878210374273|1674000.0|0.320062530616607
1782421878310310816|1768000.0|0.940596874558689
1782421878410648608|1676000.0|-0.916902775775652
1782421878510516144|1674000.0|-0.0200265279399704
1782421878610454095|1676000.0|0.0200124175049376
1782421878710301358|1675000.0|-0.0100152970642771
1782421878810323598|1682000.0|0.0699844354615533
1782421878910373693|1663000.0|-0.189904867156798
1782421879010376012|1659000.0|-0.0399990724215105
1782421879110507900|1673000.0|0.13981560000147
1782421879210360331|1703000.0|0.300443361263783
1782421879310407707|1756000.0|0.529749026101394
1782421879410413131|1670000.0|-0.859953356129963
1782421879510458506|1668000.0|-0.0199909291159137
1782421879610966202|1664000.0|-0.0397979474129026
1782421879710457785|1662000.0|-0.0201022030175156
1782421879810518296|1665000.0|0.0299818576781004
1782421879910399832|1676000.0|0.110130464954003
1782421880010465096|1664000.0|-0.11992173427934
1782421880110302615|1667000.0|0.0300488236291208
1782421880210340423|1703000.0|0.359863942640566
1782421880310494326|1769000.0|0.65898580108256
1782421880410461990|1683000.0|-0.86027817955214
1782421880510392773|1683000.0|0.0
1782421880610303668|1676000.0|-0.070062429127474
1782421880710456788|1665000.0|-0.109831825508781
1782421880811125876|1667000.0|0.0198670718065907
1782421880910424931|1660000.0|-0.0704941250447952
1782421881010443539|1671000.0|0.109979535008126
1782421881110456802|1667000.0|-0.0399946955035354
1782421881210401106|1697000.0|0.300167181113193
1782421881310428065|1784000.0|0.869765519913486
1782421881410502977|1671000.0|-1.12915412805959
1782421881510320624|1668000.0|-0.0300548058400936
1782421881610503936|1666000.0|-0.0199634046836064
1782421881710457647|1656000.0|-0.100046310436638
1782421881810700159|1672000.0|0.159612919516622
1782421881910433454|1661000.0|-0.110294160039533
1782421882010510237|1676000.0|0.149884913866586
1782421882110382493|1664000.0|-0.120153488872826
1782421882210374380|1702000.0|0.380030831901392
1782421882310377883|1761000.0|0.589979333023964
1782421882410455515|1662000.0|-0.989232039383186
1782421882510687114|1727000.0|0.648498084920305
1782421882610457289|1641000.0|-0.861981047943436
1782421882710454569|1620000.0|-0.210005712155371
1782421882811026360|1614000.0|-0.0596588759168065
1782421882911005767|1646000.0|0.320065911173088
1782421883010477286|1666000.0|0.201062577520305
1782421883110484726|1674000.0|0.0799940484427959
1782421883210308693|1710000.0|0.360634836321422
1782421883310503460|1754000.0|0.439144691059564
1782421883410338548|1669000.0|-0.851404067475756
1782421883510348291|1648000.0|-0.209979541693253
1782421883610652883|1650000.0|0.0199392665891109
1782421883710366482|1646000.0|-0.040114889444518
1782421883810827601|1646000.0|0.0
1782421883910470784|1656000.0|0.100358094742919
1782421884010343712|0.0|-16.5810698971397
1782421884110577439|1656000.0|16.5213850623354
1782421884211286447|1649000.0|-0.0695071884731503
1782421884310355837|1697000.0|0.484508888164144
1782421884410476780|1697000.0|0.0
1782421884510367547|1631000.0|-0.66072172616314
1782421884610401195|1636000.0|0.0499831816590354
1782421884710413754|1640000.0|0.0399949770308347
1782421884810530778|1635000.0|-0.0499415563930466
1782421884910422665|1631000.0|-0.0400432920042846
1782421885010919369|1633000.0|0.0199011501909555
1782421885110330056|1637000.0|0.040237122594274
1782421885212172888|1638000.0|0.00981905137908969
1782421885310320166|1702000.0|0.652081252829039
1782421885410492725|1768000.0|0.658863072470775
1782421885510487829|1688000.0|-0.800039169917759
1782421885611296517|1646000.0|-0.41663075706332
1782421885710300707|1637000.0|-0.0909052435053506
1782421885810503538|1638000.0|0.00997975795713796
1782421885910486545|1642000.0|0.0400067983552445
1782421886010471664|1645000.0|0.0300044649644314
1782421886110320863|1640000.0|-0.0500755143764348
1782421886215298451|1654000.0|0.133361799091821
1782421886310647662|1661000.0|0.0734143463441979
1782421886410660605|1734000.0|0.729905528327469
1782421886510475516|1650000.0|-0.841557630602907
1782421886610968156|1676000.0|0.258725415114978
1782421886710405755|1685000.0|0.090509023654121
1782421886810659050|1668000.0|-0.169570486436381
1782421886910315977|1649000.0|-0.190654082681076
1782421887010480056|1661000.0|0.119803427733809
1782421887110402632|1657000.0|-0.0400309935964821
1782421887210530951|1653000.0|-0.0399487381786565
1782421887310310726|1661000.0|0.0801765688487472
1782421887410440629|1724000.0|0.62918267283251
1782421887510440676|1631000.0|-0.929999562900205
1782421887610301811|1637000.0|0.0600834348618209
1782421887710608498|1637000.0|0.0
1782421887810333169|1635000.0|-0.0200552178307011
1782421887910633105|1644000.0|0.0897308648332537
1782421888010307360|1653000.0|0.0902941286092382
1782421888110311871|1643000.0|-0.099995489203482
1782421888213879473|1649000.0|0.0579331748938244
1782421888310305485|1654000.0|0.0518532281517564
1782421888410393900|1737000.0|0.82926680375546
1782421888510334363|1649000.0|-0.880524237715409
1782421888610375786|1649000.0|0.0
1782421888710328585|1645000.0|-0.040018889315946
1782421888810435465|1659000.0|0.139850527755934
1782421888910504792|1654000.0|-0.0499653605145161
1782421889010692983|1664000.0|0.0998121624932823
1782421889110402214|1665000.0|0.0100291616931636
1782421889214025592|1655000.0|-0.0965033199361634
1782421889310351988|1688000.0|0.342585224511047
1782421889410383587|1726000.0|0.379879961730893
1782421889510387138|1651000.0|-0.749973368445687
1782421889610410818|1657000.0|0.0599857953636579
1782421889710382064|1663000.0|0.0600172573621819
1782421889811047904|1649000.0|-0.139073989746671
1782421889910338879|1663000.0|0.140999723288043
1782421890010459694|1665000.0|0.0199758661573021
1782421890110428989|1656000.0|-0.0900276429877794
1782421890211642412|1658000.0|0.019760224886377
1782421890310390027|1747000.0|0.901287590591428
1782421890410402938|1678000.0|-0.689910925600396
1782421890510388057|1633000.0|-0.45006697446647
1782421890610384935|1671000.0|0.380011863970393
1782421890710300150|1630000.0|-0.410347913478443
1782421890810961222|1645000.0|0.149014904192556
1782421890910407781|1632000.0|-0.130723477320115
1782421891010423044|1646000.0|0.139978635060931
1782421891110485811|1639000.0|-0.0699560906605751
1782421891210480322|1644000.0|0.0500027446506539
1782421891310407473|1772000.0|1.28093314698825
1782421891410511056|1656000.0|-1.15879968052692
1782421891510490287|1657000.0|0.010002077331441
1782421891610990414|1668000.0|0.109452598005175
1782421891710352957|1667000.0|-0.0100641546583605
1782421891810448412|1666000.0|-0.00999046360296779
1782421891910496331|1655000.0|-0.109947314346438
1782421892010525770|1661000.0|0.059982341798398
1782421892110465385|1656000.0|-0.050030210742757
1782421892210656792|1667000.0|0.109789854533134
1782421892310765047|1750000.0|0.829102455137191
1782421892410937366|1698000.0|-0.519105482623398
1782421892510927525|1655000.0|-0.430042320464757
1782421892610432307|1658000.0|0.030149304784166
1782421892710836179|1659000.0|0.00995977525647616
1782421892810538130|1655000.0|-0.0401195759950575
1782421892910723937|1659000.0|0.0399258150408471
1782421893010584272|1669000.0|0.100139860335938
1782421893111191855|1660000.0|-0.0894564776494034
1782421893211477294|1678000.0|0.179487672183396
1782421893310360668|1790000.0|1.13264743575598
1782421893410606843|1685000.0|-1.04742151009752
1782421893510530634|1677000.0|-0.080061013697929
1782421893610995129|1676000.0|-0.00995376525806455
1782421893710537064|1662000.0|-0.140644242047334
1782421893810646023|1657000.0|-0.0499455797957104
1782421893910349749|1671000.0|0.140416016147681
1782421894010320724|1679000.0|0.0800232267415617
1782421894110922259|1681000.0|0.0198804123615012
1782421894210699010|1677000.0|-0.0400894994065301
1782421894310383585|1779000.0|1.02322751539042
1782421894410369488|1646000.0|-1.33018751653421
1782421894510375342|1688000.0|0.419975414639227
1782421894610361037|1689000.0|0.0100014307046623
1782421894710387980|1701000.0|0.119967677108757
1782421894810356667|1689000.0|-0.120037587369733
1782421894910354698|1688000.0|-0.010000196903877
1782421895010317465|1704000.0|0.160059594989002
1782421895110393224|1698000.0|-0.0599545790104874
1782421895210383623|1707000.0|0.0900086417296925
1782421895310347542|1788000.0|0.810292361586984
1782421895410607765|1644000.0|-1.43626251459664
1782421895510301155|1626000.0|-0.180553595378791
1782421895610698098|1632000.0|0.0597627758446789
1782421895710970226|1636000.0|0.0398914442106983
1782421895810285296|1634000.0|-0.0201379307289417
1782421895910325343|1739000.0|1.04957967482762
1782421896010389853|1663000.0|-0.759510040073149
1782421896110485452|1635000.0|-0.279732578452325
1782421896210393083|1633000.0|-0.0200184908798408
1782421896310351034|1789000.0|1.5606562403425
1782421896410468489|1668000.0|-1.20858046181857
1782421896510894552|1679000.0|0.109533319054835
1782421896611079383|1675000.0|-0.0399262039978887
1782421896710386437|1671000.0|-0.0402791124988966
1782421896810418388|1666000.0|-0.0499840296027016
1782421896910434114|1679000.0|0.129979559414486
1782421897010400977|1666000.0|-0.130043092379522
1782421897110581760|1664000.0|-0.0199639086470306
1782421897210306702|1674000.0|0.100275816655777
1782421897310302461|1814000.0|1.40005937651816
1782421897410488732|1671000.0|-1.42734127712968
1782421897510374762|1668000.0|-0.0300342300119446
1782421897610363689|1668000.0|0.0
1782421897710363879|1665000.0|-0.0299999430001083
1782421897811001126|1666000.0|0.00993667881236855
1782421897910718053|1673000.0|0.0701987136045618
1782421898010454707|1688000.0|0.15039606201347
1782421898110330018|1684000.0|-0.040049937867027
1782421898213291955|1677000.0|-0.0679862889525864
1782421898310468591|1817000.0|1.44067551381383
1782421898410382366|1673000.0|-1.44124271152802
1782421898510365916|1680000.0|0.0700115168945292
1782421898610309739|1670000.0|-0.100056208576292
1782421898710860570|1676000.0|0.0596713119158607
1782421898811056409|1668000.0|-0.0798436350236061
1782421898910719112|1669000.0|0.0100338438543053
1782421899010334806|1668000.0|-0.0100385788608771
1782421899110370885|1668000.0|0.0
1782421899214265031|1672000.0|0.0385007255365476
1782421899310794995|1793000.0|1.25349678986724
1782421899410358657|1667000.0|-1.26552195318007
1782421899510376064|1674000.0|0.0699878172206564
1782421899610322207|1663000.0|-0.110059274623534
1782421899710924750|1682000.0|0.188862025088173
1782421899810902780|1658000.0|-0.240052739586887
1782421899910817979|1670000.0|0.120101847567756
1782421900010326841|1665000.0|-0.0502467810354418
1782421900110436056|1669000.0|0.0399563616596134
1782421900210414838|1669000.0|0.0
1782421900310396693|1788000.0|1.19021596468679
1782421900410342596|1673000.0|-1.15062245222798
1782421900510384962|1678000.0|0.0499788259705893
1782421900610441233|1676000.0|-0.0199887521292893
1782421900710961088|1675000.0|-0.00994828335158263
1782421900810444110|1667000.0|-0.0804157316411236
1782421900910432445|1664000.0|-0.0300034999082643
1782421901010444460|1657000.0|-0.0699915905104002
1782421901110893435|1661000.0|0.0398212127102342
1782421901214323484|1681000.0|0.193367403316226
1782421901310892680|1780000.0|1.02517162926364
1782421901410310950|1671000.0|-1.09637795950382
1782421901510375509|1682000.0|0.10992903091693
1782421901610722563|1687000.0|0.0498270731495516
1782421901710386626|1678000.0|-0.0903033624065677
1782421901810334512|0.0|-16.7887492888044
1782421901910323135|1667000.0|16.6718967616946
1782421902010309149|1659000.0|-0.0800111903650845
1782421902111219005|1674000.0|0.148647521605818
1782421902210502842|1672000.0|-0.0201442657781246
1782421902310305113|1680000.0|0.0801584965937298
1782421902410873928|1783000.0|1.0241743427125
1782421902510429446|1631000.0|-1.52678629023858
1782421902610349909|1630000.0|-0.01000796003117
1782421902710346403|1639000.0|0.0900031555106322
1782421902810335425|1631000.0|-0.0800087833642377
1782421902910393696|1635000.0|0.039976705174128
1782421903010346463|1652000.0|0.170080334044179
1782421903110399037|1649000.0|-0.0299842360877192
1782421903210510956|1657000.0|0.0799105648948753
1782421903310492810|1676000.0|0.190034483657404
1782421903410997449|1791000.0|1.14422579041352
1782421903510734983|1673000.0|-1.1831052490229
1782421903610717429|1681000.0|0.0800140456655761
1782421903710717588|1680000.0|-0.00999998410002528
1782421903810450130|1667000.0|-0.13034862783303
1782421903910341969|1670000.0|0.0300324834344075
1782421904010443023|1668000.0|-0.0199798096032036
1782421904110438845|1668000.0|0.0
1782421904210405868|1669000.0|0.0100032987878413
1782421904310401514|1685000.0|0.16000696670333
1782421904410316601|1789000.0|1.0408838456999
1782421904510808232|1667000.0|-1.21403144506631
1782421904610869190|1679000.0|0.119926894963368
1782421904710489716|1661000.0|-0.180685655082769
1782421904810312146|1666000.0|0.0500889429359714
1782421904911165409|1671000.0|0.0495769779902907
1782421905010510079|1671000.0|0.0
1782421905110709934|1670000.0|-0.00998005436235412
1782421905210493756|1669000.0|-0.0100216646341729
1782421905311013818|1706000.0|0.36808572601159
1782421905410406296|1759000.0|0.533239547564153
1782421905510314135|1691000.0|-0.680627272900978
1782421905610632854|1678000.0|-0.129586981667898
1782421905711061028|1675000.0|-0.0298720954540107
1782421905810431906|1665000.0|-0.100633105002856
1782421905910394593|1655000.0|-0.100037326927797
1782421906010308319|1662000.0|0.0700604439474112
1782421906110340893|1673000.0|0.10996418026792
1782421906210711452|1662000.0|-0.109593889977239
1782421906310342090|1706000.0|0.441631217899056
1782421906410370072|1714000.0|0.0799776206621863
1782421906510396999|1654000.0|-0.599838481492089
1782421906610383285|1655000.0|0.0100013715880996
1782421906710357155|1634000.0|-0.210054887342062
1782421906810382226|1638000.0|0.03998997411359
1782421906910306688|1638000.0|0.0
1782421907011045599|1627000.0|-0.109193159731496
1782421907110297661|1653000.0|0.261959293097608
1782421907210316587|1637000.0|-0.159969724130011
1782421907310291610|1642000.0|0.0500124916200319
1782421907410407288|1637000.0|-0.0499422278296912
1782421907510392710|1641000.0|0.0400058320501963
1782421907610419941|1631000.0|-0.0999727764132549
1782421907710316659|1621000.0|-0.100103388782002
1782421907810298497|1627000.0|0.060010899179509
1782421907910640992|1625000.0|-0.01993173480488
1782421908010747471|1631000.0|0.0599361805543076
1782421908110339132|1623000.0|-0.0803280105951843
1782421908210448011|1633000.0|0.0998912394174347
1782421908310312745|1628000.0|-0.0500677246083688
1782421908410696567|1634000.0|0.0597705873362742
1782421908510423701|1650000.0|0.160437780153193
1782421908610365475|1680000.0|0.300174779767267
1782421908710373810|1649000.0|-0.309974163653459
1782421908810301936|1621000.0|-0.280201391948449
1782421908910329246|1631000.0|0.0999726974563247
1782421909010369645|1632000.0|0.00999596173142012
1782421909110342027|1630000.0|-0.0200055251259293
1782421909210550889|1634000.0|0.0399166293296495
1782421909310317272|1641000.0|0.0701639148329152
1782421909410312726|1670000.0|0.290013183999345
1782421909510407060|1662000.0|-0.0799246039241342
1782421909610368643|1645000.0|-0.170065333999363
1782421909710380001|1644000.0|-0.00999886432898951
1782421909810317759|1634000.0|-0.100062280764794
1782421909910304653|1632000.0|-0.0200026215435795
1782421910010357708|1631000.0|-0.00999469731334041
1782421910110428810|1639000.0|0.0799431588152192
1782421910210631688|1790000.0|1.50694274469841
1782421910310408502|1682000.0|-1.08241580052857
1782421910410453909|1676000.0|-0.0599727681651592
1782421910510375027|1673000.0|-0.0300236832818464
1782421910610400321|1656000.0|-0.169957011073619
1782421910710309279|1643000.0|-0.130118462450584
1782421910810360589|1662000.0|0.189902560995953
1782421910910704284|1636000.0|-0.25910945376289
1782421911010374857|1653000.0|0.17056187687413
1782421911112034745|1652000.0|-0.00983672144120403
1782421911210333558|1785000.0|1.35301735535708
1782421911310317700|1645000.0|-1.40022204721225
1782421911410330098|1649000.0|0.0399950414147654
1782421911510360624|1652000.0|0.0299908449946569
1782421911610560479|1654000.0|0.0199601087247082
1782421911710661437|1634000.0|-0.19979828764476
1782421911810732315|1633000.0|-0.00999291722013271
1782421911910313065|1634000.0|0.0100421015105831
1782421912010449623|1638000.0|0.0399454512906265
1782421912111068022|1640000.0|0.0198770803339854
1782421912210348195|1778000.0|1.3900056358685
1782421912310321089|1661000.0|-1.17031722618733
1782421912410462192|1664000.0|0.0299577287460075
1782421912510385646|1648000.0|-0.160122567420458
1782421912610388556|1667000.0|0.189994471160889
1782421912710358490|1649000.0|-0.180054135076252
1782421912810351545|1666000.0|0.170011807320018
1782421912910391751|1685000.0|0.189923639301582
1782421913010383253|1702000.0|0.170014447827776
1782421913110618500|1685000.0|-0.169601018691559
1782421913210342914|1770000.0|0.852348954389444
1782421913310346607|1654000.0|-1.15995716278198
1782421913410306014|1650000.0|-0.0400162437938432
1782421913510407884|1650000.0|0.0
1782421913610343706|1657000.0|0.0700449534502253
1782421913710319480|1642000.0|-0.150036347805619
1782421913810312902|1667000.0|0.250016446081823
1782421913910360661|1681000.0|0.139933169317666
1782421914010339939|1675000.0|-0.0600124357769417
1782421914110304609|1693000.0|0.180063616475701
1782421914210348879|1775000.0|0.819637146635185
1782421914310361213|1693000.0|-0.819898873672921
1782421914410414907|1691000.0|-0.0199892669629969
1782421914510307049|1685000.0|-0.0600647846754553
1782421914610330920|1679000.0|-0.0599856808181319
1782421914710409446|1679000.0|0.0
1782421914810355844|1677000.0|-0.0200107261494306
1782421914910452626|1681000.0|0.0399613246307958
1782421915010351856|1683000.0|0.020020174329672
1782421915110461454|1675000.0|-0.0799124175885713
1782421915210443324|1779000.0|1.04018858619068
1782421915310302490|1665000.0|-1.14160777188946
1782421915410360328|1667000.0|0.0199884390866011
1782421915510344230|1659000.0|-0.0800128804734986
1782421915610410692|1648000.0|-0.1099269403569
1782421915710292722|1644000.0|-0.0400472437334323
1782421915810291024|1652000.0|0.080001358423066
1782421915910299806|1657000.0|0.0499956093855838
1782421916010410492|1653000.0|-0.0399557745513801
1782421916110407658|1651000.0|-0.0200005668160636
1782421916210428680|1768000.0|1.1697540942943
1782421916310290422|1644000.0|-1.2417167727757
1782421916410405236|1653000.0|0.0898967859042319
1782421916510299314|1654000.0|0.0100106034313666
1782421916610460912|1637000.0|-0.169725726620296
1782421916710538894|1632000.0|-0.0499610393822689
1782421916810326780|1628000.0|-0.0400850259519477
1782421916910295834|1649000.0|0.210065006716979
1782421917010765544|1639000.0|-0.0995324859601964
1782421917110392374|1644000.0|0.0501872838872822
1782421917210372228|1744000.0|1.00020150059431
1782421917310349986|1671000.0|-0.730162402721613
1782421917410294735|1657000.0|-0.140077394161048
1782421917510462381|1667000.0|0.0998326345814296
1782421917610419467|1648000.0|-0.190081571605639
1782421917710346665|1648000.0|0.0
1782421917810434920|1674000.0|0.259770739334001
1782421917910415830|1657000.0|-0.170032459196461
1782421918010660147|1651000.0|-0.0598537670719029
1782421918110662321|1690000.0|0.389991521584321
1782421918210476095|1811000.0|1.21225753872406
1782421918310391757|1733000.0|-0.78065839167437
1782421918410703771|1712000.0|-0.209346808648464
1782421918510300393|1685000.0|-0.271093531666164
1782421918610943223|1694000.0|0.0894251483190606
1782421918710281348|1688000.0|-0.0603997709842017
1782421918810684210|1677000.0|-0.109558629912362
1782421918910363296|1729000.0|0.521674125302473
1782421919010734158|1689000.0|-0.39852203321717
1782421919110452764|1680000.0|-0.0902539692542433
1782421919210369178|1796000.0|1.16097040872584
1782421919310362920|1664000.0|-1.32008261076978
1782421919411020310|1663000.0|-0.00993469033917927
1782421919510334276|1665000.0|0.0201381545874424
1782421919610874482|1663000.0|-0.0198925393090999
1782421919710358223|1653000.0|-0.100518938064462
1782421919810663741|0.0|-16.4796516977261
1782421919910357451|1649000.0|16.5406623948492
1782421920010353961|1664000.0|0.150005235182708
1782421920110326598|1654000.0|-0.100027370489387
1782421920210467588|1663000.0|0.0898732876517398
1782421920310670770|1755000.0|0.918134515927847
1782421920410329311|1658000.0|-0.973323500692229
1782421920510326749|1663000.0|0.0500012810328201
1782421920610563851|1660000.0|-0.0299290376531436
1782421920710432857|1662000.0|0.0200262331638707
1782421920810628375|1663000.0|0.00998048635269294
1782421920910451156|1653000.0|-0.100177533623312
1782421921010417970|1654000.0|0.0100033197016762
1782421921110358800|1663000.0|0.0900532845284555
1782421921210327230|1664000.0|0.0100031579969796
1782421921310321740|1768000.0|1.04005709913474
1782421921410396185|1654000.0|-1.13915195832463
1782421921510293175|1664000.0|0.100103116220018
1782421921610289493|1656000.0|-0.080002945708461
1782421921710670403|1651000.0|-0.0498102677092686
1782421921810451408|1644000.0|-0.0701536329484755
1782421921911041151|1655000.0|0.109355086034965
1782421922010287132|1660000.0|0.0503798738207847
1782421922110293258|1674000.0|0.139991424125358
1782421922210301288|1654000.0|-0.199983941289514
1782421922310296534|1772000.0|1.18005609986699
1782421922410295155|1651000.0|-1.2100166861301
1782421922510305041|1653000.0|0.0199980229954467
1782421922610303374|1651000.0|-0.0200003334055579
1782421922710286796|1643000.0|-0.0800132645990052
1782421922810293082|1644000.0|0.00999937143951131
1782421922910280248|1639000.0|-0.0500064178236635
1782421923010385413|1649000.0|0.0998949454805853
1782421923110276771|1652000.0|0.0300326280477637
1782421923210312321|1653000.0|0.00999644626335338
1782421923310328014|1743000.0|0.899858785160845
1782421923410504541|1670000.0|-0.728713623701489
1782421923511432107|1661000.0|-0.0891728628430413
1782421923610374376|1657000.0|-0.0404276154208673
1782421923710360566|1655000.0|-0.0200027623814849
1782421923811563060|1653000.0|-0.01976235882092
1782421923910330977|1657000.0|0.0404989810608236
1782421924011126575|1663000.0|0.0595264090798886
1782421924110306764|1654000.0|-0.0907439287093918
1782421924210320602|1668000.0|0.139980629480493
1782421924310350696|1767000.0|0.989702159032261
1782421924410470117|1658000.0|-1.08869986373573
1782421924511004851|1651000.0|-0.0696276771369386
1782421924610304464|1671000.0|0.201410654037494
1782421924710318574|1645000.0|-0.259963319175664
1782421924810310140|1633000.0|-0.12001012165366
1782421924910500537|1642000.0|0.0898289683391513
1782421925010399367|1647000.0|0.0500506362286725
1782421925110355109|1658000.0|0.110048705356016
1782421925210482082|1673000.0|0.149809782025469
1782421925310647248|1779000.0|1.05825212729144
1782421925410419133|1659000.0|-1.20274363865131
1782421925510922059|1649000.0|-0.0994995906885338
1782421925610388441|1660000.0|0.11059012883368
1782421925710475366|1657000.0|-0.0299739451481799
1782421925810467140|1654000.0|-0.0300024680030179
1782421925910361777|1651000.0|-0.0300316422392125
1782421926010343999|1736000.0|0.850151139869646
1782421926110333820|1735000.0|-0.0100010180036226
1782421926210390762|1749000.0|0.139920326567646
1782421926310408008|1866000.0|1.16979825659267
1782421926410707925|1566000.0|-2.99102939437128
1782421926510367138|1560000.0|-0.0602051713974502
1782421926610467952|1565000.0|0.0499496437661336
1782421926710444446|1542000.0|-0.230054076511225
1782421926810633036|1545000.0|0.0299435294977203
1782421926911316746|1543000.0|-0.0198641865700022
1782421927010815479|1557000.0|0.140705309282682
1782421927110363380|1552000.0|-0.0502270761088172
1782421927210416738|1571000.0|0.189898673865599
1782421927311050288|1724000.0|1.52036771037094
1782421927410701789|1556000.0|-1.68587525841683
1782421927511223803|1552000.0|-0.039792278734089
1782421927610669096|1559000.0|0.0703904608134645
1782421927710444325|1628000.0|0.691554413771378
1782421927810452291|1545000.0|-0.829933887466524
1782421927910355457|1570000.0|0.250242319647808
1782421928010353822|1550000.0|-0.200003270053465
1782421928110375756|1548000.0|-0.0199956141619897
1782421928210484681|1558000.0|0.0998911935174611
1782421928310366311|1693000.0|1.35159988878836
1782421928410350324|1626000.0|-0.670107130026877
1782421928510654386|1554000.0|-0.717817390087353
1782421928610558463|1550000.0|-0.040038406040226
1782421928710900941|1544000.0|-0.0597952145451301
1782421928810312922|1541000.0|-0.0301774491346269
1782421928910324344|1538000.0|-0.0299965737913416
1782421929010318421|1559000.0|0.210012439036764
1782421929110758643|1551000.0|-0.0796493659681477
1782421929210336048|1550000.0|-0.0100424388444346
1782421929310349229|1765000.0|2.14971664584891
1782421929410362043|1593000.0|-1.71977962743854
1782421929510497432|1549000.0|-0.439405093837504
1782421929610525878|1587000.0|0.379891935939903
1782421929710824580|1541000.0|-0.458630062829726
1782421929810309057|1538000.0|-0.0301554583234126
1782421929910379182|1572000.0|0.339761742078368
1782421930010381468|1672000.0|0.999977140522568
1782421930110405594|1592000.0|-0.799807038553878
1782421930210707639|1549000.0|-0.428705117627462
1782421930310370452|1675000.0|1.26426293024661
1782421930410594770|1554000.0|-1.20729182711924
1782421930511154992|1693000.0|1.38225629613268
1782421930610768477|1690000.0|-0.0301164044205461
1782421930710305274|1675000.0|-0.15069803783218
1782421930810457640|1678000.0|0.0299543597402382
1782421930911169766|1680000.0|0.0198585818752352
1782421931011302563|1691000.0|0.10985411702821
1782421931111123824|1727000.0|0.360644612574069
1782421931210348733|1695000.0|-0.322499665885307
1782421931310309979|1708000.0|0.130050399731912
1782421931410961049|1556000.0|-1.51016775082471
1782421931510984502|1585000.0|0.289932002247513
1782421931610364611|1551000.0|-0.342120775898928
1782421931710308017|1606000.0|0.550311443258198
1782421931810897422|1543000.0|-0.626308506348159
1782421931910544283|1549000.0|0.0602126342946217
1782421932010441705|1582000.0|0.330338854990672
1782421932110325174|1546000.0|-0.360420001031402
1782421932210451779|1584000.0|0.379519509325219
1782421932310615505|1660000.0|0.758757716341343
1782421932410356142|1548000.0|-1.12291241933817
1782421932510778668|1546000.0|-0.0199158503541327
1782421932610960633|1542000.0|-0.039927346204479
1782421932710301654|1536000.0|-0.06039801020366
1782421932810723715|1560000.0|0.238991310883373
1782421932910835313|1540000.0|-0.199777052804611
1782421933010625086|1547000.0|0.0701474689194854
1782421933110316987|1544000.0|-0.0300927153550819
1782421933210335416|1569000.0|0.249953935989137
1782421933310360453|1651000.0|0.819794747988946
1782421933410795507|1556000.0|-0.945884889950873
1782421933510357824|1549000.0|-0.070307724959836
1782421933610578142|1543000.0|-0.0598680997998829
1782421933710462347|1542000.0|-0.0100115929240264
1782421933810680264|1543000.0|0.00997825568455988
1782421933910307093|1551000.0|0.0802996550256558
1782421934010321811|1541000.0|-0.0999852841658765
1782421934110381440|1549000.0|0.0799523252279898
1782421934210974718|1541000.0|-0.0795281768231074
1782421934310500250|1543000.0|0.0200953459861938
1782421934410311351|1541000.0|-0.0200378513007286
1782421934510540613|1549000.0|0.0798170099267018
1782421934611097394|1535000.0|-0.139224822640255
1782421934710478351|1530000.0|-0.0503114495063677
1782421934810300044|1536000.0|0.0601071753010641
1782421934910445625|1541000.0|0.0499273153150911
1782421935010602679|1546000.0|0.0499215961364039
1782421935110343956|1561000.0|0.150389091168343
1782421935211001778|1546000.0|-0.149019715526926
1782421935311009055|1550000.0|0.0399970894118035
1782421935410732364|1550000.0|0.0
1782421935510361465|1545000.0|-0.0501861398909943
1782421935610337318|1540000.0|-0.0500120764160922
1782421935710369972|1549000.0|0.0899706209934208
1782421935811019105|1533000.0|-0.158968085696277
1782421935910349534|1540000.0|0.0704718591319081
1782421936010323228|1677000.0|1.37036048702972
1782421936110306729|1576000.0|-1.01016666739845
1782421936210900055|1542000.0|-0.337994590217645
1782421936310352452|1562000.0|0.201101236403583
1782421936411008929|1538000.0|-0.238434730832076
1782421936510579791|1545000.0|0.0703016912718904
1782421936610491724|1539000.0|-0.0600528867757968
1782421936710703385|1526000.0|-0.129725421874806
1782421936810360038|1529000.0|0.0301033589799569
1782421936911045636|1542000.0|0.129114791571283
1782421937010587440|1539000.0|-0.0301380915298662
1782421937110309805|1551000.0|0.120334089549521
1782421937210286010|1544000.0|-0.0700166604643575
1782421937310464264|1548000.0|0.0399288252718
1782421937410360773|1542000.0|-0.0600621589288971
1782421937510359346|1554000.0|0.120001712424436
1782421937610649263|1531000.0|-0.229335118504485
1782421937710360300|1535000.0|0.0401159201663904
1782421937810369913|0.0|-15.3485245463354
1782421937910346678|1567000.0|15.6736417706654
1782421938010621204|1656000.0|0.887563407679434
1782421938110362241|1544000.0|-1.12290791602658
1782421938210326286|1559000.0|0.150053951898405
1782421938310304619|1659000.0|1.00021671695606
1782421938410945065|1631000.0|-0.278218162904405
1782421938511052662|1609000.0|-0.219763541022766
1782421938610629651|1588000.0|-0.210892096767457
1782421938710305360|1555000.0|-0.331073642024458
1782421938811141182|1565000.0|0.0991711060777588
1782421938910491274|1535000.0|-0.301962478303493
1782421939010310823|1538000.0|0.0300542331642873
1782421939110448212|1552000.0|0.139807919297756
1782421939210682897|1548000.0|-0.0399063457923772
1782421939310375998|1619000.0|0.712185690763095
1782421939410367820|1548000.0|-0.710058068548846
1782421939510412409|1598000.0|0.49977715436464
1782421939610505782|1609000.0|0.109897385514224
1782421939711332068|1536000.0|-0.724017544393136
1782421939810603040|1537000.0|0.0100734381849308
1782421939910511660|1539000.0|0.0200182927158838
1782421940010877466|1549000.0|0.0996355272631398
1782421940110396822|1543000.0|-0.0602897792063687
1782421940210430164|1613000.0|0.69976668379229
1782421940310763985|1543000.0|-0.697671027598959
1782421940410313982|1546000.0|0.0301356111542625
1782421940510454859|1541000.0|-0.0499296605920477
1782421940611071912|1543000.0|0.0198773462387136
1782421940710524421|1537000.0|-0.0603303029790832
1782421940810820050|1555000.0|0.17946943630016
1782421940910813231|1529000.0|-0.26001773060905
1782421941010692748|1544000.0|0.150180942504958
1782421941111003433|1538000.0|-0.059814166357253
1782421941210363397|1554000.0|0.161030654157644
1782421941310785635|1545000.0|-0.089621583617764
1782421941411071408|1565000.0|0.199430082669852
1782421941510890333|1540000.0|-0.250453508690862
1782421941610802714|1540000.0|0.0
1782421941711187943|1539000.0|-0.00996162493189113
1782421941810316131|1533000.0|-0.0605276876442047
1782421941910490880|1534000.0|0.00998255558394262
1782421942010448941|1669000.0|1.35056641404839
1782421942110466938|1757000.0|0.879841654897368
1782421942210374791|1739000.0|-0.18016601758022
1782421942310366756|1713000.0|-0.260020892678727
1782421942410353537|1674000.0|-0.390051560915837
1782421942510582142|1651000.0|-0.229475407744127
1782421942610340203|1649000.0|-0.0200485051528818
1782421942710317624|1653000.0|0.0400090336397055
1782421942810633989|1805000.0|1.51520641721817
1782421942910440194|1743000.0|-0.62120386202441
1782421943010399647|1720000.0|-0.2300932959287
1782421943110574620|1727000.0|0.0698777328345274
1782421943210576568|1804000.0|0.769985000692187
1782421943310383845|1652000.0|-1.52293504610891
1782421943410324851|1658000.0|0.0600354172940785
1782421943510339263|1650000.0|-0.0799884720614065
1782421943610372364|1662000.0|0.119960291943764
1782421943710789945|1646000.0|-0.159334648780277
1782421943810488726|1660000.0|0.140422980698229
1782421943910418851|1720000.0|0.60041954315578
1782421944010361216|1702000.0|-0.180103802826759
1782421944110349132|1694000.0|-0.0800096683683256
1782421944210359353|1766000.0|0.719926416320988
1782421944310378006|1642000.0|-1.23976874593582
1782421944410930628|1641000.0|-0.00994504151269173
1782421944510380768|1635000.0|-0.0603317401061477
1782421944610364653|1647000.0|0.120019341116821
1782421944710329434|1638000.0|-0.0900317082673347
1782421944810368647|1654000.0|0.159937283792906
1782421944910381972|1661000.0|0.0699906737427238
1782421945010400513|1669000.0|0.0799851699496396
1782421945110412798|1653000.0|-0.159980346414443
1782421945210488187|1761000.0|1.07918641215574
1782421945310417287|1664000.0|-0.970688217946524
1782421945410455892|1653000.0|-0.10995755088748
1782421945510674881|1664000.0|0.109759638465321
1782421945610446318|1666000.0|0.0200458173214444
1782421945710463211|1658000.0|-0.079986487882602
1782421945810439704|1659000.0|0.010002351252709
1782421945910463524|1659000.0|0.0
1782421946010454033|1660000.0|0.0100009491900876
1782421946110371246|1672000.0|0.120099426712392
1782421946210384155|1747000.0|0.749903194996558
1782421946310324360|1655000.0|-0.920550443137474
1782421946410310517|1653000.0|-0.0200027689833104
1782421946510310530|1658000.0|0.0499999935000008
1782421946610349839|1657000.0|-0.00999607064459032
1782421946710336044|1656000.0|-0.0100013796903283
1782421946810349833|1652000.0|-0.0399944851604412
1782421946910312614|1644000.0|-0.0800297862861578
1782421947010308274|1656000.0|0.120005208226037
1782421947110499167|1663000.0|0.0698666294949582
1782421947210367020|1767000.0|1.04137614733742
1782421947310345625|1664000.0|-1.03022041565793
1782421947410375462|1659000.0|-0.0499850859499051
1782421947510355810|1662000.0|0.030005896758831
1782421947610345183|1658000.0|-0.0400042512517805
1782421947710362796|1652000.0|-0.0599894340609788
1782421947810352504|1641000.0|-0.110011322365298
1782421947910429701|1644000.0|0.0299768587643397
1782421948010408515|1651000.0|0.070014833342592
1782421948110342688|1671000.0|0.200131740720964
1782421948210612301|1755000.0|0.8377413404398
1782421948310417257|1655000.0|-1.00195425165059
1782421948410515862|1657000.0|0.0199802984267363
1782421948510454179|1660000.0|0.0300185163214225
1782421948610404816|1661000.0|0.0100049387379092
1782421948710329933|1648000.0|-0.130097420851656
1782421948810392105|1652000.0|0.0399751466518236
1782421948910455062|1660000.0|0.0799496660887205
1782421949010410755|1661000.0|0.0100044326639804
1782421949110424752|1683000.0|0.219969210909549
1782421949210358764|1748000.0|0.650429205223943
1782421949310350985|1665000.0|-0.830064570722957
1782421949410383670|1667000.0|0.0199934651359203
1782421949510403058|1672000.0|0.0499903078791084
1782421949610401615|1658000.0|-0.140002020229152
1782421949710398428|1657000.0|-0.0100003187101573
1782421949810416184|1659000.0|0.0199964494304391
1782421949910342357|1666000.0|0.0700517170811695
1782421950010318082|1657000.0|-0.0900218528047684
1782421950110349534|1665000.0|0.0799748463113382
1782421950210505531|1747000.0|0.818722816967216
1782421950310356903|1648000.0|-0.991473607393196
1782421950410361924|1644000.0|-0.0399979917008367
1782421950510489953|1653000.0|0.0898849212341931
1782421950610360957|1650000.0|-0.0300387487843819
1782421950710499898|1640000.0|-0.0998612517781669
1782421950810458230|1650000.0|0.10004168536946
1782421950910392947|1651000.0|0.0100065325646542
1782421951010483023|1658000.0|0.0699370035446871
1782421951110352668|1681000.0|0.230300207835925
1782421951210305592|1745000.0|0.640301428300387
1782421951310315333|1669000.0|-0.759925975610716
1782421951410396130|1662000.0|-0.0699434877601944
1782421951510390494|1655000.0|-0.070003945422364
1782421951610391003|1650000.0|-0.0499997455012954
1782421951710950776|1650000.0|0.0
1782421951810455540|1648000.0|-0.0200995401587003
1782421951910377424|1657000.0|0.0900703593619192
1782421952010400829|1672000.0|0.149964900714988
1782421952110499290|1662000.0|-0.0999016358503254
1782421952210497046|1661000.0|-0.0100002244050356
1782421952310328067|1652000.0|-0.0901523385201079
1782421952410307391|1664000.0|0.120024816331025
1782421952510386780|1650000.0|-0.139888943566592
1782421952610497545|1661000.0|0.109878293308417
1782421952710929653|1660000.0|-0.00995697511397451
1782421952810304242|1661000.0|0.01006293470054
1782421952910393198|1655000.0|-0.0599466738368217
1782421953010667083|1656000.0|0.00997268630810505
1782421953110329959|1647000.0|-0.0903044379333384
1782421953210538420|1655000.0|0.0798335781247055
1782421953310412784|1661000.0|0.060075476425562
1782421953410422509|1663000.0|0.0199980551891329
1782421953510325577|1659000.0|-0.040038810419716
1782421953610308502|1660000.0|0.0100017077916054
1782421953710334418|1660000.0|0.0
1782421953810365423|1668000.0|0.0799752036880965
1782421953910363884|1658000.0|-0.100001539023686
1782421954010347144|1666000.0|0.0800133942421961
1782421954110351268|1662000.0|-0.0399983504680267
1782421954210361953|1654000.0|-0.0799914529132562
1782421954310484205|1651000.0|-0.0299633691819077
1782421954410438346|1649000.0|-0.0200091760080255
1782421954510417862|1643000.0|-0.0600122929180813
1782421954610338834|1645000.0|0.0200158181007286
1782421954710351151|1654000.0|0.0899889160652082
1782421954810705916|1645000.0|-0.0896818402195451
1782421954910965977|1652000.0|0.0698184294940734
1782421955010352789|1651000.0|-0.0100616971193321
1782421955110349041|1653000.0|0.0200007496280961
1782421955210298093|1651000.0|-0.0200101947940437
1782421955310743306|1657000.0|0.0597340562162977
1782421955410883799|1646000.0|-0.109845674516502
1782421955510952884|1648000.0|0.0199861925388845
1782421955610698560|0.0|-16.5220194607734
1782421955710776796|1646000.0|16.4471324214787
1782421955810745321|1645000.0|-0.0100031484909875
1782421955910343029|1640000.0|-0.0502019584627389
1782421956010293474|1646000.0|0.0600297477414933
1782421956110510590|1652000.0|0.0598700126233926
1782421956210423787|1662000.0|0.100086878413069
1782421956310365415|1657000.0|-0.0500292030464022
1782421956410420755|1671000.0|0.139922566851504
1782421956510789007|1678000.0|0.0697431693838805
1782421956610571484|1683000.0|0.0501089985970182
1782421956710572392|1675000.0|-0.0799992736065957
1782421956810360964|1672000.0|-0.0300635627895347
1782421956910375105|1655000.0|-0.169975963698973
1782421957010447645|1650000.0|-0.0499637562911864
1782421957110686442|1643000.0|-0.0698332403171199
1782421957210319014|1659000.0|0.160590052819273
1782421957310467938|1655000.0|-0.039940518981512
1782421957410319214|1762000.0|1.07159371703973
1782421957510367323|1638000.0|-1.23940373525701
1782421957610357335|1641000.0|0.0300029966993103
1782421957711391525|1642000.0|0.00989763960101031
1782421957810346560|1642000.0|0.0
1782421957910627229|1644000.0|0.0199440233092182
1782421958010483161|1647000.0|0.0300432827566018
1782421958110343637|1648000.0|0.0100139718941456
1782421958210346866|1658000.0|0.099996771104261
1782421958310355278|1666000.0|0.0799932709660463
1782421958410369595|1755000.0|0.889872596940296
1782421958510432119|1648000.0|-1.06933141122844
1782421958610361699|1643000.0|-0.0500352348123549
1782421958710338848|1643000.0|0.0
1782421958810359932|1649000.0|0.0599873522666481
1782421958910604136|1650000.0|0.00997563909031588
1782421959010718821|1648000.0|-0.0199770892751648
1782421959110465409|1648000.0|0.0
1782421959210324013|1648000.0|0.0
1782421959310475322|1656000.0|0.0798791356785961
1782421959410286102|1758000.0|1.02193370295273
1782421959510616979|1648000.0|-1.09637235603951
1782421959610337823|1657000.0|0.0902519437159998
1782421959710831963|1652000.0|-0.0497541448685466
1782421959810364087|1647000.0|-0.0502350376849187
1782421959910297667|1635000.0|-0.120079756974583
1782421960010313264|1646000.0|0.109982845975513
1782421960110844061|1651000.0|0.0497360027892746
1782421960210377753|1640000.0|-0.110515341880416
1782421960310364597|1659000.0|0.190024999688959
1782421960410327473|1750000.0|0.910337953861992
1782421960510314541|1652000.0|-0.980126749991309
1782421960610300074|1646000.0|-0.0600086814559462
1782421960710298758|1633000.0|-0.130001710822514
1782421960810568018|1641000.0|0.0797851704500462
1782421960911106448|1638000.0|-0.0298393360628369
1782421961010449355|1651000.0|0.130859871052495
1782421961110303400|1646000.0|-0.0500730841700003
1782421961210302852|1645000.0|-0.0100000548003003
1782421961310345536|1640000.0|-0.0499786671057326
1782421961410380284|1768000.0|1.27955538009652
1782421961510456648|1696000.0|-0.719450598744775
1782421961610685125|1676000.0|-0.199544087654849
1782421961710491505|1681000.0|0.0500969978071542
1782421961810374573|1675000.0|-0.0600702413345974
1782421961910372441|1678000.0|0.0300006396136366
1782421962010801045|1689000.0|0.109530547691373
1782421962110329730|1681000.0|-0.0803788375180482
1782421962210329374|1683000.0|0.0200000712002535
1782421962310455434|1699000.0|0.159798557937864
1782421962410486903|1757000.0|0.579817537219212
1782421962510419075|1640000.0|-1.17079412623995
1782421962610422815|1640000.0|0.0
1782421962710381531|1641000.0|0.0100041301050726
1782421962810320728|1644000.0|0.0300182519977622
1782421962910295572|1646000.0|0.0200050324659671
1782421963010698416|1649000.0|0.0298796316964886
1782421963110358509|1649000.0|0.0
1782421963210339033|1655000.0|0.0600116878763308
1782421963310339861|1682000.0|0.269997764418511
1782421963410340705|1743000.0|0.609994851643452
1782421963510613533|1661000.0|-0.817768897472404
1782421963611117050|1648000.0|-0.129348707269617
1782421963710399221|1652000.0|0.0402892076161389
1782421963810434018|1651000.0|-0.00999652151041002
1782421963910406334|1658000.0|0.0700193841663126
1782421964010310986|1673000.0|0.150143158498765
1782421964110362854|1666000.0|-0.0699637112222632
1782421964210448482|1668000.0|0.0199828890517628
1782421964310419630|1698000.0|0.300086580980344
1782421964410414602|1762000.0|0.640032180818052
1782421964510406694|1677000.0|-0.85006722331602
1782421964610611442|1656000.0|-0.209570907757784
1782421964710441502|1646000.0|-0.100170229287651
1782421964810445898|1648000.0|0.0199991208386479
1782421964910572662|1654000.0|0.0599240378926058
1782421965010382066|1658000.0|0.0400763839848197
1782421965110288366|1652000.0|-0.0600562727275457
1782421965210778987|1684000.0|0.318437677880406
1782421965310367286|1737000.0|0.532191035816366
1782421965410330722|1805000.0|0.680248726144227
1782421965510312814|1716000.0|-0.890159409747098
1782421965610395786|1687000.0|-0.289759580680718
1782421965710720839|1665000.0|-0.21928720037656
1782421965810356707|1672000.0|0.0702558239368176
1782421965910313295|1685000.0|0.130056460110463
1782421966010304827|1687000.0|0.0200016937434262
1782421966110629975|1678000.0|-0.0897083152072699
1782421966210390787|1669000.0|-0.0902157853326214
1782421966310402463|1747000.0|0.779908937832419
1782421966410326475|1816000.0|0.690524715921134
1782421966510310839|1694000.0|-1.22019078903177
1782421966610332035|1683000.0|-0.109976689340927
1782421966710311279|1674000.0|-0.0900186842781088
1782421966810362251|1664000.0|-0.0999490539682113
1782421966910411063|1679000.0|0.149926817721734
1782421967010400979|1766000.0|0.870087739647666
1782421967110393663|1747000.0|-0.190013901417028
1782421967210384459|1732000.0|-0.150013807270821
1782421967310507143|1649000.0|-0.828982970532432
1782421967410350995|1751000.0|1.02159520047364
1782421967510382783|1582000.0|-1.68946295351634
1782421967610377115|1558000.0|-0.240013603971073
1782421967710363015|1548000.0|-0.10001410198838
1782421967810924723|1545000.0|-0.0298324288604963
1782421967910943631|1546000.0|0.00999810955744488
1782421968010448859|1544000.0|-0.020099446433106
1782421968110753735|1564000.0|0.199392101337127
1782421968211124947|1545000.0|-0.189297305685618
1782421968310433790|1631000.0|0.865985318145334
1782421968410316074|1722000.0|0.911072478078295
1782421968510561366|1561000.0|-1.60606046217113
1782421968610716882|1615000.0|0.539161517574329
1782421968710495135|1543000.0|-0.721600126632804
1782421968810349563|1537000.0|-0.0600874705326037
1782421968911042823|1541000.0|0.0397246052019768
1782421969010392338|1546000.0|0.0503273720057919
1782421969110466078|1606000.0|0.599557886014853
1782421969210448874|1552000.0|-0.540092917585541
1782421969314585801|1553000.0|0.00960274159040625
1782421969410376418|1722000.0|1.76426465652685
1782421969510645951|1639000.0|-0.827768889678583
1782421969611225755|1546000.0|-0.924638906633781
1782421969710651303|1548000.0|0.0201155542034327
1782421969810935300|1540000.0|-0.0797734458071112
1782421969910305455|1558000.0|0.18114090694535
1782421970011002540|1553000.0|-0.0496538703180931
1782421970110618504|1564000.0|0.110424068174454
1782421970210790643|1639000.0|0.748711176068627
1782421970315013218|1588000.0|-0.489337362850611
1782421970411305419|1693000.0|1.09043098931761
1782421970510288742|1548000.0|-1.4648932325701
1782421970610435490|1551000.0|0.029956040110259
1782421970710700511|1544000.0|-0.0698149756533737
1782421970810295546|1595000.0|0.512073719337515
1782421970910442102|1638000.0|0.429370731430844
1782421971010954579|1557000.0|-0.805870101082078
1782421971110437934|1557000.0|0.0
1782421971210833483|1549000.0|-0.0796848075406212
1782421971310320886|1581000.0|0.321648761904057
1782421971410848306|1652000.0|0.706274964581803
1782421971510335262|1652000.0|0.0
1782421971610828379|1660000.0|0.0796074421693975
1782421971710984839|1658000.0|-0.0199687568829809
1782421971810380130|1637000.0|-0.211277614751387
1782421971910397485|1650000.0|0.129977442414869
1782421972010385769|1653000.0|0.0300035152118422
1782421972110374437|1646000.0|-0.0700079332990014
1782421972210598481|1553000.0|-0.927921048565951
1782421972310696797|1720000.0|1.6683597354425
1782421972410398121|1786000.0|0.661977166923079
1782421972510424341|1728000.0|-0.579847963863875
1782421972610362576|1691000.0|-0.3702286717391
1782421972710375244|1676000.0|-0.149981000406868
1782421972810405576|1653000.0|-0.229930257554279
1782421972910356932|1676000.0|0.230111935649978
1782421973010436496|1698000.0|0.219825098358742
1782421973110471036|1715000.0|0.169941302274194
1782421973210314391|1709000.0|-0.06009413445692
1782421973310319523|1678000.0|-0.309984091616418
1782421973410325791|1721000.0|0.429973049289271
1782421973510369147|0.0|-17.2025416660353
1782421973611242951|3408000.0|33.784787178245
1782421973710351954|0.0|-34.3863816287205
1782421973810361662|1648000.0|16.4784002769011
1782421973910378138|1662000.0|0.139976937399794
1782421974010383046|1653000.0|-0.0899955830167855
1782421974110591330|1647000.0|-0.0598752893523254
1782421974210330286|1653000.0|0.0601570363339275
1782421974310302793|1651000.0|-0.0200055001121458
1782421974410400789|1664000.0|0.129872729919588
1782421974510343073|1743000.0|0.790456219711769
1782421974610335036|1676000.0|-0.670053852228104
1782421974710538632|1657000.0|-0.189613953575079
1782421974810288244|1647000.0|-0.100251016515232
1782421974910363920|1654000.0|0.0699470668576848
1782421975010408092|1654000.0|0.0
1782421975110436327|1658000.0|0.0399887091879608
1782421975210505779|1656000.0|-0.0199861192404651
1782421975310297775|1649000.0|-0.0701459062909214
1782421975410421803|1661000.0|0.119851350766671
1782421975510573591|1774000.0|1.12828739512868
1782421975610373314|1664000.0|-1.10220746805079
1782421975710352350|1661000.0|-0.0300062905187444
1782421975810371274|1641000.0|-0.199962159161
1782421975910482262|1654000.0|0.129855875560833
1782421976010362354|1658000.0|0.0400480207807578
1782421976110378301|1652000.0|-0.0599904333255976
1782421976210398505|1658000.0|0.059987880048715
1782421976310402789|1656000.0|-0.0199991432367037
1782421976410365680|1667000.0|0.11004083505348
1782421976510600764|1776000.0|1.08744359410124
1782421976610699096|1637000.0|-1.38863452789603
1782421976710288515|1619000.0|-0.180742092691594
1782421976810406751|1622000.0|0.0299645710897264
1782421976910407706|1639000.0|0.169998376515504
1782421977010352134|1644000.0|0.0500278014498217
1782421977110431138|1661000.0|0.169865799223981
1782421977210669710|1636000.0|-0.249404989528382
1782421977310293593|1641000.0|0.050188768490383
1782421977410287765|1639000.0|-0.0200011656679351
1782421977510419569|1748000.0|1.08856522748756
1782421977610278828|1677000.0|-0.711000669452194
1782421977710295912|1661000.0|-0.159972670269011
1782421977810824644|1657000.0|-0.0397896195487674
1782421977910371392|1662000.0|0.0502276578638209
1782421978010323147|1669000.0|0.0700337878009246
1782421978110373847|1668000.0|-0.00999493256918742
1782421978210376610|1664000.0|-0.0399988948305358
1782421978310418398|1664000.0|0.0
1782421978410311354|1664000.0|0.0
1782421978510371765|1775000.0|1.1093298427487
1782421978610319585|1664000.0|-1.1105795003833
1782421978710304109|1658000.0|-0.0600092870372619
1782421978810330360|1663000.0|0.0499868779446707
1782421978910322820|1652000.0|-0.110008294625415
1782421979010344160|1660000.0|0.0799829316423875
1782421979110293339|1659000.0|-0.0100050846840873
1782421979210290663|1666000.0|0.0700018732501282
1782421979310284371|1660000.0|-0.0600037754375505
1782421979410310558|1659000.0|-0.00999738198557944
1782421979510333386|1761000.0|1.01976720754186
1782421979610285941|1683000.0|-0.780370246663529
1782421979710280065|1685000.0|0.0200011752690588
1782421979810282316|1679000.0|-0.0599986494304013
1782421979910321064|1686000.0|0.0699728869057818
1782421980010309619|1679000.0|-0.0700080124170211
1782421980110281391|1699000.0|0.200056471940899
1782421980210288251|1684000.0|-0.149989710705846
1782421980310273382|1690000.0|0.0600089227267202
1782421980410305122|1679000.0|-0.109965097078187
1782421980510311806|1728000.0|0.489967250588971
1782421980610291657|1650000.0|-0.780157193872993
1782421980710327589|1652000.0|0.0199928161812897
1782421980810318273|1649000.0|-0.0300027950603878
1782421980910281724|1642000.0|-0.0700255936542247
1782421981010284744|1647000.0|0.0499984900456006
1782421981110386131|1643000.0|-0.0399594862756497
1782421981210346079|1653000.0|0.100040068048055
1782421981310331850|1650000.0|-0.0300042693074798
1782421981410319766|1645000.0|-0.0500060427302035
1782421981510917170|1725000.0|0.795249149769312
1782421981610563533|1653000.0|-0.722555222612591
1782421981710290457|1671000.0|0.180492882744483
1782421981810294564|1663000.0|-0.0799967145349341
1782421981910303616|1654000.0|-0.0899918539373816
1782421982010283451|1665000.0|0.110022185973802
1782421982110321559|1652000.0|-0.129950478471664
1782421982210318850|1661000.0|0.0900024381660499
1782421982310285885|1658000.0|-0.0300098927611487
1782421982410279865|1664000.0|0.0600036122174555
1782421982510288036|1730000.0|0.659946075806146
1782421982610692416|1660000.0|-0.697180740521479
1782421982710445611|1650000.0|-0.100247415634156
1782421982811054711|1653000.0|0.0298183762701386
1782421982910868259|1652000.0|-0.0100186800292882
1782421983010651390|1658000.0|0.0601304042062982
1782421983110356634|1660000.0|0.0200591254758877
1782421983210323541|1657000.0|-0.0300099311865276
1782421983310365761|1658000.0|0.00999577978177613
1782421983410493068|1659000.0|0.00998728548646574
1782421983510319127|1725000.0|0.66115001094053
1782421983610791139|1657000.0|-0.676805397308058
1782421983710288910|1658000.0|0.0100504764071549
1782421983810280986|1648000.0|-0.100007924627948
1782421983910690614|1656000.0|0.0796736344845337
1782421984010624034|1681000.0|0.250166560896245
1782421984110628909|1698000.0|0.169991712903996
1782421984210302921|1697000.0|-0.0100327054157306
1782421984310299316|1699000.0|0.020000721025993
1782421984410544624|1696000.0|-0.0299265876862785
1782421984510600283|1755000.0|0.589671794575857
1782421984610752695|1689000.0|-0.658995611608435
1782421984710423218|1686000.0|-0.0300991698418197
1782421984810419694|1680000.0|-0.0600021144745141
1782421984911140346|1677000.0|-0.0297853512703631
1782421985010350965|1675000.0|-0.0201591323606196
1782421985110700705|1686000.0|0.109616626809397
1782421985210819948|1678000.0|-0.0799047192156657
1782421985310308071|1694000.0|0.160823217058784
1782421985411250179|1683000.0|-0.108973353320499
1782421985510314366|1766000.0|0.837840621454855
1782421985610624057|1656000.0|-1.09660391636537
1782421985710623141|1650000.0|-0.0600005496050344
1782421985810459696|1644000.0|-0.0600982275480159
1782421985910348523|1654000.0|0.100111296731916
1782421986010371079|1659000.0|0.049988724543292
1782421986110539570|1692000.0|0.329444914968321
1782421986210337310|1699000.0|0.0701418689441264
1782421986310292601|1686000.0|-0.130058147697254
1782421986410307333|1712000.0|0.259961702441996
1782421986510621537|1778000.0|0.657932748985378
1782421986610557132|1651000.0|-1.27081847063601
1782421986710310455|1647000.0|-0.0400989148000613
1782421986810670290|1644000.0|-0.0298924365509369
1782421986910551086|1665000.0|0.210250627157597
1782421987010367833|1650000.0|-0.150275384149716
1782421987110866789|1661000.0|0.109453873331779
1782421987210480096|1661000.0|0.0
1782421987310454091|1657000.0|-0.0400104047057437
1782421987410347894|1663000.0|0.0600637859387534
1782421987510741714|1763000.0|0.996077248579644
1782421987610405853|1680000.0|-0.832797040468087
1782421987710311032|1683000.0|0.0300284732986665
1782421987810347843|1691000.0|0.0799705620364088
1782421987910813823|1686000.0|-0.0497680906511836
1782421988010354170|1684000.0|-0.0200923551130478
1782421988110359814|1686000.0|0.0199988712637059
1782421988210994417|1688000.0|0.0198738797628088
1782421988310593484|1685000.0|-0.0301207640830611
1782421988410365639|1675000.0|-0.100228365318961
1782421988510331314|1774000.0|0.990339934182408
1782421988610294030|1658000.0|-1.16043265571136
1782421988710336153|1651000.0|-0.0699705263152002
1782421988810630021|1652000.0|0.00997069930536531
1782421988910333967|1653000.0|0.0100296933082267
1782421989010403163|1659000.0|0.0599585111086533
1782421989110307222|1673000.0|0.14013444638921
1782421989210394017|1664000.0|-0.0899219522415519
1782421989310600941|1656000.0|-0.0798348026329997
1782421989410346952|1656000.0|0.0
1782421989510792723|1772000.0|1.15485200467026
1782421989610361438|1671000.0|-1.01437484655697
1782421989710311129|1668000.0|-0.0300151002968083
1782421989810352293|1667000.0|-0.00999588529377767
1782421989910358224|1665000.0|-0.0199988138703493
1782421990010452427|1669000.0|0.0399623542634132
1782421990110836343|1656000.0|-0.129502817961395
1782421990210946658|1665000.0|0.0899008259039041
1782421990310360461|1660000.0|-0.0502948267656555
1782421990410289720|1663000.0|0.030021237323495
1782421990510369283|1772000.0|1.08913345275099
1782421990610420078|1665000.0|-1.06945676943397
1782421990710672282|1659000.0|-0.0598490582810529
1782421990810537973|1668000.0|0.0901210406685115
1782421990910294304|1671000.0|0.0300732792588372
1782421991010299531|1658000.0|-0.129993205255161
1782421991110568823|1672000.0|0.139624003727881
1782421991210351394|1675000.0|0.0300653708351532
1782421991310514541|1654000.0|-0.209657949345381
1782421991410455688|0.0|-16.5497400184931
1782421991510364131|1684000.0|16.8554323281767
1782421991610363134|1761000.0|0.770007676976539
1782421991710804122|1650000.0|-1.10512652464151
1782421991810342405|1647000.0|-0.0301391576143623
1782421991910344192|1650000.0|0.0299994639095799
1782421992010351963|1654000.0|0.039996891841535
1782421992110302854|1665000.0|0.110054046441667
1782421992210392194|1660000.0|-0.0499553698725559
1782421992310321261|1660000.0|0.0
1782421992410316008|1664000.0|0.0400021013103818
1782421992510320355|1669000.0|0.0499978265944779
1782421992610382094|1755000.0|0.859469372204295
1782421992710346889|1642000.0|-1.13039795660062
1782421992810317732|1645000.0|0.0300087496511358
1782421992910310799|1643000.0|-0.0200013866961396
1782421993010316282|1640000.0|-0.0299983551901849
1782421993110315109|1651000.0|0.110001290315135
1782421993210310240|1654000.0|0.0300014607711249
1782421993310316620|1652000.0|-0.0199987240814036
1782421993410339111|1657000.0|0.0499887570286567
1782421993510317730|1646000.0|-0.110023524129694
1782421993610350653|1769000.0|1.22959518037876
1782421993710314584|1664000.0|-1.05037886115143
1782421993810317460|1645000.0|-0.189994535757152
1782421993910342095|1644000.0|-0.00999753710673376
1782421994010350074|1643000.0|-0.00999920216365936
1782421994110390549|1649000.0|0.0599757248253769
1782421994210315488|1652000.0|0.0300225352151578
1782421994310370715|1640000.0|-0.119933764180056
1782421994410373814|1651000.0|0.109996591205639
1782421994510367553|1643000.0|-0.0800050091136206
1782421994610344444|1752000.0|1.09025194632228
1782421994710342680|1641000.0|-1.1100195807454
1782421994810619939|1656000.0|0.149585261400095
1782421994910396589|1648000.0|-0.0801790799751244
1782421995010382136|1648000.0|0.0
1782421995110381012|1667000.0|0.190002135624004
1782421995210337359|1649000.0|-0.180078609715499
1782421995310738410|1659000.0|0.0996005509942321
1782421995410519557|1651000.0|-0.08017546641351
1782421995510369952|1673000.0|0.220329624134186
1782421995610467211|1748000.0|0.749271266259149
1782421995710358390|1649000.0|-0.991078501536157
1782421995810491153|1639000.0|-0.0998674130264437
1782421995910303148|1636000.0|-0.0300565077373716
1782421996011057991|1661000.0|0.248127030479319
1782421996110324705|1654000.0|-0.0705170919629716
1782421996210487277|1656000.0|0.0199675383735154
1782421996310715880|1656000.0|0.0
1782421996410762867|1660000.0|0.0399812140269651
1782421996510367726|1679000.0|0.190753746260511
1782421996610304825|1745000.0|0.660415407895721
1782421996710369636|1648000.0|-0.969371740481277
1782421996810360591|1643000.0|-0.0500045229090971
1782421996910715546|1638000.0|-0.049823150237076
1782421997010828629|1651000.0|0.129853158153166
1782421997110381296|1650000.0|-0.010044934305979
1782421997210313690|1643000.0|-0.0700473562156431
1782421997310316646|1651000.0|0.0799976352699014
1782421997410390561|1657000.0|0.0599556837563515
1782421997510393116|1667000.0|0.0999974450652786
1782421997610330407|1757000.0|0.900564735139759
1782421997710300673|1655000.0|-1.02030337700612
1782421997810325900|1651000.0|-0.0399899117449641
1782421997910313703|1648000.0|-0.0300036595463549
1782421998010337570|1668000.0|0.199952277389955
1782421998110559469|1679000.0|0.109756451531616
1782421998210453752|1673000.0|-0.0600634973274697
1782421998310550435|1656000.0|-0.169835797655752
1782421998410326797|1653000.0|-0.0300672417781679
1782421998510382312|1659000.0|0.0599667094812315
1782421998610381107|1838000.0|1.79002156975992
1782421998710385886|1715000.0|-1.22994122110904
1782421998810316601|1753000.0|0.380263465542101
1782421998910606388|1734000.0|-0.189450995643255
1782421999010410510|1553000.0|-1.81355235007227
1782421999110352009|1553000.0|0.0
1782421999210335348|1585000.0|0.320053324084326
1782421999310382927|1554000.0|-0.309852575243225
1782421999410692635|1551000.0|-0.0299073744686805
1782421999510376389|1581000.0|0.300951747864552
1782421999610758833|1657000.0|0.757104499268816
1782421999710341867|1546000.0|-1.11464770193686
1782421999810312310|1559000.0|0.130038435460369
1782421999910311153|1535000.0|-0.240002776832128
1782422000010312236|1549000.0|0.13999848381642
1782422000110349847|1540000.0|-0.0899661628264993
1782422000210312530|1539000.0|-0.0100037330930783
1782422000310329997|1548000.0|0.0899842824453853
1782422000410353127|1563000.0|0.149965313023098
1782422000510353330|1590000.0|0.269999451901113
1782422000610325101|1655000.0|0.650183540311595
1782422000710330936|1536000.0|-1.18993056755138
1782422000810339539|1532000.0|-0.039996559096021
1782422000910373757|1535000.0|0.029989738111413
1782422001010318456|1598000.0|0.630348589073243
1782422001110301011|1545000.0|-0.5300924746322
1782422001210364462|1576000.0|0.30980342662777
1782422001310317449|1596000.0|0.200094070225235
1782422001410314259|1551000.0|-0.450014355457939
1782422001510403902|1581000.0|0.299731311860109
1782422001610319129|1662000.0|0.810687243897269
1782422001710332948|1537000.0|-1.2498272863673
1782422001810315295|1536000.0|-0.0100017656116834
1782422001910312009|1536000.0|0.0
1782422002010309044|1543000.0|0.0700020755615404
1782422002110364463|1575000.0|0.319822757426062
1782422002210383370|1559000.0|-0.159969754518513
1782422002310401365|1538000.0|-0.209962217298997
1782422002410358639|1576000.0|0.380162428199072
1782422002510283610|1601000.0|0.250187713339441
1782422002610418980|1602000.0|0.00998648130026383
1782422002710318687|1533000.0|-0.690692716446105
1782422002810366267|1531000.0|-0.0199904885255595
1782422002910330197|1533000.0|0.0200072166030287
1782422003010365440|1560000.0|0.269904877424049
1782422003110303995|1536000.0|-0.240147558667423
1782422003210395478|1569000.0|0.329698382029168
1782422003310373185|1567000.0|-0.0200044595941773
1782422003410799868|1566000.0|-0.00995751298487076
1782422003510276375|1636000.0|0.703683735095363
1782422003610447394|1600000.0|-0.359385382712339
1782422003710459692|1554000.0|-0.459943436156222
1782422003810300695|1538000.0|-0.160254800324873
1782422003910871122|1537000.0|-0.00994328084139486
1782422004010335181|1535000.0|-0.0201077657608966
1782422004110357303|1537000.0|0.0199955765785493
1782422004211105842|1558000.0|0.208439747200701
1782422004310338285|1541000.0|-0.171314939812577
1782422004410299639|1585000.0|0.440170108139992
1782422004511032706|1660000.0|0.744542008236481
1782422004610346989|1542000.0|-1.18814732821461
1782422004710323751|1531000.0|-0.110025567741432
1782422004810609618|1558000.0|0.269230359248926
1782422004910485837|1535000.0|-0.230285049136672
1782422005010351127|1539000.0|0.0400539566850504
1782422005110827507|1566000.0|0.268719872272468
1782422005210812541|1580000.0|0.140020955536206
1782422005310763224|1543000.0|-0.370182562934562
1782422005410307506|1564000.0|0.210961389022827
1782422005511633566|1696000.0|1.30272508375437
1782422005610308823|1562000.0|-1.35798987582064
1782422005710955043|1536000.0|-0.25833061589397
1782422005810587293|1532000.0|-0.0401476429569743
1782422005910362568|1539000.0|0.0701576618054924
1782422006010735539|1544000.0|0.049814207452323
1782422006110805182|1544000.0|0.0
1782422006210303512|1563000.0|0.190957978892711
1782422006310462387|1585000.0|0.219651029426998
1782422006410527997|1541000.0|-0.439711505281385
1782422006510305128|1667000.0|1.26281442187389
1782422006610409187|1539000.0|-1.27866942937848
1782422006710303613|1534000.0|-0.0500528427882453
1782422006810431128|1604000.0|0.699108531755732
1782422006910412178|1614000.0|0.100018953591706
1782422007010632109|1619000.0|0.0498902758174918
1782422007110324120|1631000.0|0.120370728603318
1782422007210368963|1537000.0|-0.939578664739371
1782422007310376062|1540000.0|0.0299978704511767
1782422007411265593|1535000.0|-0.049559155944535
1782422007510362787|1542000.0|0.0706377215887667
1782422007610774014|1540000.0|-0.0199180914301545
1782422007710978617|1556000.0|0.159673303630573
1782422007810913652|1555000.0|-0.0100065007231948
1782422007910442254|1580000.0|0.251184076713948
1782422008010650169|1564000.0|-0.159668026223278
1782422008110384787|1546000.0|-0.180478958670098
1782422008210444126|1563000.0|0.169899183523489
1782422008310743864|1538000.0|-0.249252894359505
1782422008410437299|1539000.0|0.0100307507711014
1782422008510653342|1542000.0|0.0299353268218742
1782422008610679192|1545000.0|0.0299922470041494
1782422008710826819|1536000.0|-0.0898673315544461
1782422008810305469|1558000.0|0.221152981066792
1782422008910309400|1531000.0|-0.269989386717208
1782422009010302770|1586000.0|0.55003646741779
1782422009110368829|1543000.0|-0.42971613381916
1782422009210322151|1599000.0|0.560261518871779
1782422009310357106|0.0|-15.9844126485587
1782422009410303389|1537000.0|15.3782607403219
1782422009510351815|1546000.0|0.0899564376954816
1782422009610358610|1541000.0|-0.0499966027308444
1782422009710300604|1560000.0|0.190110275366329
1782422009810305207|1528000.0|-0.319985271077972
1782422009910821442|1531000.0|0.0298459248896459
1782422010010364636|1534000.0|0.0301376706879629
1782422010110361495|1537000.0|0.0300009423295986
1782422010210621378|1564000.0|0.269300134730857
1782422010310812988|1534000.0|-0.299426269325346
1782422010410313575|1536000.0|0.0201003839303983
1782422010511032194|1597000.0|0.605647700550779
1782422010610842076|1531000.0|-0.661257168904378
1782422010710301814|1530000.0|-0.0100543196685276
1782422010810360193|1531000.0|0.00999416550611918
1782422010910299579|1529000.0|-0.0200121301525707
1782422011010961831|1558000.0|0.28809210427758
1782422011110918225|1544000.0|-0.140061075032379
1782422011210674923|1539000.0|-0.050121947701196
1782422011310731126|1544000.0|0.0499719142850144
1782422011410304128|1538000.0|-0.0602572974549868
1782422011510718378|1543000.0|0.0497937294756471
1782422011610842389|1563000.0|0.199752285193609
1782422011710463439|1536000.0|-0.271027057032625
1782422011810654010|1531000.0|-0.0499048957411372
1782422011910298340|1534000.0|0.0301070818580445
1782422012010384031|1537000.0|0.0299743147099819
1782422012110426697|1537000.0|0.0
1782422012210944292|1554000.0|0.169124619426082
1782422012310354030|1540000.0|-0.140831273491537
1782422012410438185|1535000.0|-0.0499579578805456
1782422012510349923|1540000.0|0.0500441699853124
1782422012610302013|1538000.0|-0.0200095865929367
1782422012710445960|1536000.0|-0.0199712519819096
1782422012810322498|1541000.0|0.0500618073085393
1782422012910480941|1535000.0|-0.0599050845868281
1782422013010485415|1539000.0|0.0399982104800631
1782422013110790386|1538000.0|-0.00996959562452792
1782422013210608492|1529000.0|-0.0901640029114558
1782422013310616631|1532000.0|0.0299975584987138
1782422013410642689|1548000.0|0.15995831806148
1782422013511028572|1534000.0|-0.139461840466154
1782422013610866262|1527000.0|-0.070113801711558
1782422013710690465|1529000.0|0.0200352213180204
1782422013810451723|1524000.0|-0.0501196566707288
1782422013910583221|1528000.0|0.0399474698760624
1782422014010715440|1547000.0|0.189749115616823
1782422014110883802|1531000.0|-0.159731073569916
1782422014210530052|1535000.0|0.0401420023332539
1782422014311040975|1534000.0|-0.00994916741536639
1782422014410300985|1534000.0|0.0
1782422014510669268|1544000.0|0.0996330683469
1782422014610355694|1557000.0|0.130408928493434
1782422014710364536|1534000.0|-0.229979665198003
1782422014810317650|1524000.0|-0.100046907993282
1782422014910471709|1525000.0|0.00998461779766709
1782422015010568455|1536000.0|0.109893682258163
1782422015110351426|1537000.0|0.0100217501040333
1782422015210358476|1557000.0|0.19998590099398
1782422015310336166|1536000.0|-0.210046861454791
1782422015410356849|1566000.0|0.299937963830941
1782422015510465755|1529000.0|-0.369597486161721
1782422015610988982|1540000.0|0.10942744605682
1782422015710814527|1535000.0|-0.050087379938672
1782422015810324921|1547000.0|0.120590417921569
1782422015910520516|1531000.0|-0.159687658923529
1782422016010510542|1570000.0|0.390038902480133
1782422016110403881|1577000.0|0.0700747424210137
1782422016210561619|1541000.0|-0.359433037515284
1782422016311078734|1533000.0|-0.0795884362578452
1782422016410934072|1619000.0|0.861245895537402
1782422016510302626|1540000.0|-0.795020122764391
1782422016610365405|1547000.0|0.069956082271111
1782422016710947367|1564000.0|0.169016388843161
1782422016810932306|1548000.0|-0.160024101229886
1782422016910507499|1551000.0|0.030127985792606
1782422017011188774|1544000.0|-0.0695263344648744
1782422017110343120|1539000.0|-0.0504264331489817
1782422017210470234|1536000.0|-0.0299619142123681
1782422017310741077|1614000.0|0.777893130907456
1782422017410342558|1533000.0|-0.813240919580302
1782422017510347400|1536000.0|0.0299985474703315
1782422017610351603|1529000.0|-0.0699970580236513
1782422017710368365|1530000.0|0.00999832408091756
1782422017810668392|1527000.0|-0.0299102611408071
1782422017910682306|1549000.0|0.219969393458594
1782422018010780733|1532000.0|-0.16983283863192
1782422018110478823|1530000.0|-0.0200605648513427
1782422018210345649|1544000.0|0.140186692225504
1782422018310359243|1538000.0|-0.0599918447086303
1782422018410455398|1537000.0|-0.00999039373690228
1782422018511111424|1548000.0|0.109283074616914
1782422018610443594|1530000.0|-0.181210175917832
1782422018710334756|1533000.0|0.0300326869758508
1782422018810362638|1549000.0|0.159955401235028
1782422018910713064|1530000.0|-0.189336515621767
1782422019010351666|1536000.0|0.0602176252934581
1782422019110380077|1531000.0|-0.0499857985347783
1782422019210363863|1530000.0|-0.0100016216629364
1782422019310345985|1530000.0|0.0
1782422019410305995|1601000.0|0.710284042588631
1782422019510978726|1538000.0|-0.625790115895435
1782422019610397264|1561000.0|0.231345184335742
1782422019711077082|1558000.0|-0.0297974316957943
1782422019810328372|1547000.0|-0.110829793748776
1782422019910304734|1539000.0|-0.0800189148710972
1782422020010791721|1536000.0|-0.0298546119210441
1782422020110409923|1543000.0|0.0702682828987417
1782422020210293101|1537000.0|-0.0600701751800488
1782422020310325367|1539000.0|0.0199935488815179
1782422020410560801|1560000.0|0.209506749878491
1782422020510294139|1538000.0|-0.220588224972476
1782422020610585174|1535000.0|-0.0299129428667278
1782422020710290912|1531000.0|-0.0401180521827139
1782422020810277498|1536000.0|0.0500067078997977
1782422020910443204|1563000.0|0.269553333952441
1782422021010821887|1546000.0|-0.169358667517086
1782422021110794713|1567000.0|0.210057080911167
1782422021210308530|1557000.0|-0.100488558287338
1782422021310797245|1536000.0|-0.208978689796163
1782422021410340390|1533000.0|-0.030137685523197
1782422021510327713|1532000.0|-0.0100012678607267
1782422021610783451|1535000.0|0.0298638988645925
1782422021710287285|1523000.0|-0.120598368099062
1782422021810604239|1547000.0|0.239241713818384
1782422021910327497|1578000.0|0.310860280958731
1782422022010706756|1537000.0|-0.408450913151292
1782422022110684446|1582000.0|0.450100417403123
1782422022211025320|1537000.0|-0.448471278015777
1782422022310307586|1571000.0|0.342457937049906
1782422022410358604|1539000.0|-0.319836825648291
1782422022510351862|1536000.0|-0.0300020227363729
1782422022610341440|1529000.0|-0.0700072961604058
1782422022710521643|1528000.0|-0.00998201211470893
1782422022810299252|1554000.0|0.260579505367782
1782422022910342095|1530000.0|-0.239897220833678
1782422023010344329|1576000.0|0.45998972382957
1782422023110284419|1532000.0|-0.440263762019826
1782422023210347997|1527000.0|-0.049968231197969
1782422023310337991|1530000.0|0.0300030021003902
1782422023410296641|1538000.0|0.0800330936842384
1782422023510299739|1555000.0|0.169994733563154
1782422023610770133|1579000.0|0.238876340029084
1782422023710292991|1541000.0|-0.381821832327203
1782422023810402185|1522000.0|-0.189792757696161
1782422023911021588|1574000.0|0.516798931911771
1782422024011095918|1542000.0|-0.319762320667048
1782422024110815224|1574000.0|0.320900749148816
1782422024210356226|1540000.0|-0.341567789321631
1782422024310407772|1540000.0|0.0
1782422024410360278|1585000.0|0.450213824553834
1782422024510361504|1541000.0|-0.439994605666135
1782422024610360794|1566000.0|0.250001775012603
1782422024710365092|1565000.0|-0.00999957021847201
1782422024810446414|1550000.0|-0.14987811611841
1782422024910969688|1534000.0|-0.159167119845301
1782422025010394322|1537000.0|0.0301736086853485
1782422025110351532|1543000.0|0.0600256849906075
1782422025210354262|1544000.0|0.0099997270074527
1782422025310985009|1564000.0|0.198746412962631
1782422025410297259|1537000.0|-0.271869784442503
1782422025510406421|1540000.0|0.0299672871100449
1782422025610379055|1530000.0|-0.10002737349103
1782422025710311417|1531000.0|0.0100067683779955
1782422025810567459|1529000.0|-0.0199489223801594
1782422025910345565|1557000.0|0.280622684900433
1782422026010348263|1549000.0|-0.0799978416582321
1782422026110311456|1543000.0|-0.0600220923315245
1782422026210337114|1545000.0|0.0199948697163282
1782422026310764693|1536000.0|-0.0896168173087196
1782422026410517758|1535000.0|-0.0100247546278403
1782422026510971272|1572000.0|0.368329573816601
1782422026610352738|1559000.0|-0.130809098750868
1782422026710615164|1528000.0|-0.309188608701728
1782422026810355670|1529000.0|0.0100260169123265
1782422026910754577|1615000.0|0.856583030331197
1782422027010368698|1535000.0|-0.803098990352984
1782422027110365220|1561000.0|0.26000904311452
1782422027210361102|1554000.0|-0.0700028827187104
1782422027310672009|1559000.0|0.049845028317808
1782422027410357378|0.0|-15.6392057895678
1782422027510866605|1540000.0|15.3219763594441
1782422027610344694|1533000.0|-0.0703672544413273
1782422027710373617|1527000.0|-0.0599826512177883
1782422027810623947|1534000.0|0.0698252065604173
1782422027910345461|1530000.0|-0.0401117054841345
1782422028010363023|1533000.0|0.0299947323251091
1782422028110395193|1555000.0|0.219929248760674
1782422028211153075|1536000.0|-0.188570855429454
1782422028310513821|1556000.0|0.201286733495338
1782422028410660230|1536000.0|-0.19970761008515
1782422028510862080|1535000.0|-0.00997985566134757
1782422028610330970|1594000.0|0.593150280454522
1782422028710303300|1532000.0|-0.62017160148213
1782422028810726974|1531000.0|-0.00995781134237331
1782422028910411976|1617000.0|0.862717543006118
1782422029010694930|1536000.0|-0.80771453940218
1782422029110362476|1551000.0|0.150500344415022
1782422029210348357|1552000.0|0.0100014120993743
1782422029310352640|1562000.0|0.099995717183433
1782422029410350921|1530000.0|-0.32000550089456
1782422029510322115|1531000.0|0.0100028814300247
1782422029610353357|1545000.0|0.139956274860608
1782422029710499847|1617000.0|0.718946814810983
1782422029810662945|1533000.0|-0.83863220764198
1782422029910497211|1527000.0|-0.0600996054801465
1782422030010644853|1530000.0|0.0299557726980731
1782422030110497807|1537000.0|0.070103083780576
1782422030210928793|1533000.0|-0.0398283454072631
1782422030310450530|1552000.0|0.19091306655952
1782422030410457788|1586000.0|0.339975324590941
1782422030511128967|1530000.0|-0.556266456360862
1782422030610739888|1536000.0|0.0602343592425975
1782422030710828714|1536000.0|0.0
1782422030811113413|1526000.0|-0.0997161092341714
1782422030910332814|1531000.0|0.0503933701434057
1782422031010358408|1547000.0|0.159959060078164
1782422031110333474|1536000.0|-0.110027434240454
1782422031210650876|1542000.0|0.0598101613516666
1782422031310345637|1533000.0|-0.0902755562050046
1782422031410406335|1531000.0|-0.0199878677640246
1782422031510358649|1533000.0|0.0200095417500789
1782422031610433635|1582000.0|0.489632843915661
1782422031710649421|1617000.0|0.349246375216775
1782422031810326614|1522000.0|-0.953076597973621
1782422031910351664|1556000.0|0.339914851329742
1782422032010370410|1661000.0|1.0498032038914
1782422032110300420|1567000.0|-0.940658366790917
1782422032210357646|1569000.0|0.0199885613458842
1782422032310751304|1633000.0|0.637490467774369
1782422032410899282|1631000.0|-0.0199704481302658
1782422032510875788|1652000.0|0.210049348994053
1782422032610493941|1583000.0|-0.692644843555772
1782422032710361023|1545000.0|-0.380505760646937
1782422032810323993|1534000.0|-0.110040748089017
1782422032910296467|1538000.0|0.0400110134315572
1782422033010357629|1531000.0|-0.0699572127695259
1782422033110573574|1599000.0|0.678534738159681
1782422033210713376|1526000.0|-0.728980870163893
1782422033310337130|1531000.0|0.0501888334784092
1782422033410443875|1629000.0|0.978955014469804
1782422033510364093|1594000.0|-0.350279459958744
1782422033610362007|1528000.0|-0.660013767887198
1782422033710304609|1522000.0|-0.0600344585785349
1782422033810649995|1519000.0|-0.0298967408426731
1782422033910576149|1525000.0|0.0600443403435701
1782422034010348782|1531000.0|0.0601367310813578
1782422034111264905|1537000.0|0.059455316173809
1782422034210412818|1530000.0|-0.0706015869441448
1782422034310315899|1533000.0|0.0300291039072158
1782422034410915189|1535000.0|0.0198808560179699
1782422034510337423|1527000.0|-0.0804648988273589
1782422034610651977|1524000.0|-0.0299059297018855
1782422034710361442|1521000.0|-0.0300874144696293
1782422034810344444|1521000.0|0.0
1782422034910582502|1563000.0|0.419002530954859
1782422035010401471|1553000.0|-0.100181359316584
1782422035110313241|1530000.0|-0.230203108202367
1782422035210433586|1529000.0|-0.00998797996551051
1782422035310507612|1530000.0|0.00999260287579516
1782422035410680150|1528000.0|-0.0199655518361729
1782422035510565504|1542000.0|0.140160688623079
1782422035610342569|1527000.0|-0.150335149665908
1782422035710398403|1657000.0|1.29927456304047
1782422035810386749|1781000.0|1.24014452644311
1782422035910409878|1721000.0|-0.599861258089616
1782422036010306320|1665000.0|-0.560580525981096
1782422036110372874|1655000.0|-0.0999334902648891
1782422036210561907|1642000.0|-0.129754720758708
1782422036310396189|1646000.0|0.0400663972321652
1782422036410351350|1638000.0|-0.0800358872915026
1782422036510357504|1644000.0|0.0599963078272163
1782422036610351466|1646000.0|0.0200012076729193
1782422036710605220|1642000.0|-0.0398987553124445
1782422036810459021|1762000.0|1.20175695665306
1782422036910393254|1681000.0|-0.810533063279727
1782422037010456624|1687000.0|0.0599620020792824
1782422037110491338|1681000.0|-0.0599791788278617
1782422037210848179|1690000.0|0.0896799850445671
1782422037310359277|1690000.0|0.0
1782422037410604679|1688000.0|-0.0199510397494341
1782422037510820913|1678000.0|-0.0997842325625607
1782422037610348987|1678000.0|0.0
1782422037710329412|1683000.0|0.0500097894162782
1782422037810916014|1769000.0|0.85498464298456
1782422037910353479|1656000.0|-1.13639260614699
1782422038010304433|1652000.0|-0.040019628026762
1782422038110339259|1655000.0|0.0299895558372841
1782422038210350436|1642000.0|-0.129985471523848
1782422038310996830|1638000.0|-0.0397431029670074
1782422038410540839|1635000.0|-0.0301374239408019
1782422038510345553|1652000.0|0.170332635791131
1782422038610309930|1635000.0|-0.170060580680656
1782422038710376596|1652000.0|0.169886743303709
1782422038810358814|1763000.0|1.11019741530439
1782422038910316615|1640000.0|-1.23051926682541
1782422039010628161|1638000.0|-0.0199378843189198
1782422039110362810|1636000.0|-0.020053211396974
1782422039210332180|1634000.0|-0.0200061278769687
1782422039310299949|1639000.0|0.0500161206958615
1782422039410328775|1628000.0|-0.109968300537687
1782422039510489104|1635000.0|0.0698879493496871
1782422039610350746|1630000.0|-0.0500692748472932
1782422039710351171|1635000.0|0.0499997875009031
1782422039810915117|1746000.0|1.10377530332789
1782422039910396758|1669000.0|-0.774012161701273
1782422040010369552|1661000.0|-0.0800217707229429
1782422040110373033|1673000.0|0.119995822945403
1782422040210800451|1666000.0|-0.0697020807604553
1782422040310694140|1673000.0|0.0700744968983977
1782422040410656870|1664000.0|-0.0900335555061371
1782422040510335967|1662000.0|-0.0200643872205223
1782422040610320425|1667000.0|0.0500077722079566
1782422040710488259|1662000.0|-0.0499162236052743
1782422040810390748|1740000.0|0.78076132817872
1782422040910339494|1603000.0|-1.37070253987979
1782422041010525423|1620000.0|0.169684507292436
1782422041110311561|1611000.0|-0.0901928883148078
1782422041210710434|1630000.0|0.189245152184129
1782422041310518028|1615000.0|-0.150289165371525
1782422041410497077|1618000.0|0.0300062866171092
1782422041510469295|1616000.0|-0.020005557944108
1782422041610805641|1614000.0|-0.0199329562988072
1782422041710349106|1599000.0|-0.150687943201495
1782422041810770988|1749000.0|1.49369835550383
1782422041910363973|1633000.0|-1.16474066923489
1782422042011406607|1642000.0|0.0890713122146044
1782422042111215528|1638000.0|-0.040076577924332
1782422042210626546|1639000.0|0.0100592471550789
1782422042310937051|1639000.0|0.0
1782422042410477925|1646000.0|0.0703228705827919
1782422042510841134|1638000.0|-0.0797104843469084
1782422042610818424|1630000.0|-0.08001817212689
1782422042710362657|1634000.0|0.0401831414985135
1782422042810456330|1747000.0|1.12894248570537
1782422042910453971|1632000.0|-1.15002712913998
1782422043010713933|1633000.0|0.00997407120501402
1782422043110480438|1629000.0|-0.040093616590057
1782422043210530480|1626000.0|-0.0299849949088477
1782422043310540617|1628000.0|0.0199979728054967
1782422043410766675|1641000.0|0.12970678743047
1782422043510741372|1634000.0|-0.0700177165828269
1782422043610412709|1627000.0|-0.0702308227289055
1782422043710415503|1632000.0|0.0499986030390311
1782422043810481400|1733000.0|1.00933487859505
1782422043910466546|1616000.0|-1.17017381761887
1782422044010521019|1618000.0|0.0199891113313845
1782422044110576644|1620000.0|0.0199888811848409
1782422044210532926|1630000.0|0.100043737120995
1782422044310462151|1628000.0|-0.0200141650252967
1782422044410506160|1637000.0|0.0899604093234608
1782422044510413466|1619000.0|-0.18016700400269
1782422044610473619|1621000.0|0.0199879766324163
1782422044710315484|1609000.0|-0.120190062555422
1782422044810315477|1742000.0|1.33000009310001
1782422044910445631|1638000.0|-1.0386481578766
1782422045010382488|1632000.0|-0.0600379097373454
1782422045110307506|1641000.0|0.0900675344386728
1782422045210378491|0.0|-16.3983596244206
1782422045310417828|1650000.0|16.4935119472053
1782422045410304302|1645000.0|-0.0500568275140035
1782422045510708583|1655000.0|0.0995973468501806
1782422045610369648|1633000.0|-0.220748192887563
1782422045710352490|1634000.0|0.0100017160944475
1782422045810325555|1637000.0|0.0300080826770691
1782422045910647133|1732000.0|0.946954801687828
1782422046010397142|1654000.0|-0.781954816665731
1782422046110784927|1657000.0|0.0298841138889557
1782422046210943145|1692000.0|0.349447111768702
1782422046310313458|1678000.0|-0.140887148055979
1782422046410910748|1683000.0|0.0497031281856599
1782422046510589717|1682000.0|-0.010032206492826
1782422046610717134|1689000.0|0.0699109216010236
1782422046710313959|1687000.0|-0.0200809614161897
1782422046810451696|1712000.0|0.249656131134659
1782422046910754986|1724000.0|0.119637152480243
1782422047010381539|1642000.0|-0.823073744205523
1782422047110307420|1650000.0|0.080059339181608
1782422047210303781|1650000.0|0.0
1782422047310309742|1644000.0|-0.0599964236131884
1782422047410810344|1661000.0|0.169153215619544
1782422047510467937|1646000.0|-0.150515375180695
1782422047610657642|1650000.0|0.0399242616793811
1782422047710332163|1653000.0|0.03009796254752
1782422047810803965|1678000.0|0.24882603379603
1782422047910344966|1726000.0|0.482213354474906
1782422048010349679|1655000.0|-0.709966539277004
1782422048110701785|1668000.0|0.129543868267199
1782422048210443586|1675000.0|0.0701812071751141
1782422048311035372|1681000.0|0.0596470173021881
1782422048410770565|1684000.0|0.0300796530267907
1782422048510781262|1678000.0|-0.0599935824864814
1782422048610590183|1675000.0|-0.030057433443249
1782422048710327233|1686000.0|0.110290007574918
1782422048810308794|1710000.0|0.240044261761426
1782422048911061508|1704000.0|-0.0595517456730744
1782422049010394236|1636000.0|-0.684567930118661
1782422049110319653|1635000.0|-0.0100074638667758
1782422049210578447|1634000.0|-0.00997418740145628
1782422049310730424|1638000.0|0.0399393014478386
1782422049410775473|1650000.0|0.119945965541983
1782422049510485738|1651000.0|0.010029057690299
1782422049610556036|1659000.0|0.079943801106698
1782422049710292893|1641000.0|-0.18047490708475
1782422049810312678|1682000.0|0.40991889754612
1782422049910768432|1699000.0|0.169228733278932
1782422050010479737|1627000.0|-0.72208462220006
1782422050110491106|1638000.0|0.109987495521634
1782422050210494587|1629000.0|-0.0899968672090525
1782422050310355284|1637000.0|0.0801115978591658
1782422050410352397|1626000.0|-0.110003175791685
1782422050510364614|1637000.0|0.109986562941605
1782422050610333999|1637000.0|0.0
1782422050710292649|1614000.0|-0.230095144342186
1782422050810311858|1651000.0|0.369928940349848
1782422050910376987|1725000.0|0.73951835908791
1782422051010326212|1641000.0|-0.840426726670467
1782422051110312974|1645000.0|0.0400052959010714
1782422051210322695|1639000.0|-0.0599941679669319
1782422051310356464|1639000.0|0.0
1782422051410444233|1634000.0|-0.0499561539832105
1782422051510479410|1635000.0|0.00999648353698619
1782422051610840252|1642000.0|0.0697483187715783
1782422051710662549|1632000.0|-0.100178019345718
1782422051810377982|1676000.0|0.441255668016805
1782422051910361335|1718000.0|0.420069929041087
1782422052010748416|1643000.0|-0.747108086547511
1782422052110311913|1651000.0|0.0803507333616456
1782422052210918834|1647000.0|-0.0397586961238979
1782422052310465771|1646000.0|-0.0100455125002992
1782422052410474245|1653000.0|0.0699940687026181
1782422052510826094|1643000.0|-0.0996493846366498
1782422052610506855|1638000.0|-0.0501601306996442
1782422052710388304|1644000.0|0.0600712150261256
1782422052810378825|1690000.0|0.460043607533558
1782422052910297730|1732000.0|0.420340875432932
1782422053010651915|1666000.0|-0.657670629281679
1782422053110362020|1666000.0|0.0
1782422053210358205|1660000.0|-0.0600022890873287
1782422053310585607|1656000.0|-0.0399092455773721
1782422053410299151|1658000.0|0.020057455785545
1782422053510299384|1635000.0|-0.229999464101249
1782422053610794626|1642000.0|0.0696550389917962
1782422053710468859|1632000.0|-0.100326831709856
1782422053810358004|1665000.0|0.330366227481475
1782422053910337661|1705000.0|0.400081388556874
1782422054010532662|1623000.0|-0.818404103813523
1782422054110364111|1632000.0|0.0901519520166436
1782422054210348024|1637000.0|0.050008044794166
1782422054310360689|1632000.0|-0.0499936683019096
1782422054410357579|1625000.0|-0.0700021770677068
1782422054510362884|1635000.0|0.0999946952814153
1782422054610340957|1637000.0|0.0200043863617976
1782422054710356054|1624000.0|-0.129980376862505
1782422054810389039|1697000.0|0.729759288898557
1782422054910596744|1681000.0|-0.159668360831136
1782422055010360545|1670000.0|-0.110260434042604
1782422055110346154|1653000.0|-0.170024468221222
1782422055210423523|1661000.0|0.0799381526506757
1782422055310488460|1663000.0|0.0199870210281549
1782422055410964181|1673000.0|0.099526531389608
1782422055510415198|1653000.0|-0.201104026920107
1782422055610314711|1670000.0|0.170170999732501
1782422055710705760|1662000.0|-0.079688379389282
1782422055810368921|1674000.0|0.120405572927794
1782422055910461154|1740000.0|0.659391823139764
1782422056010486091|1678000.0|-0.619845429145334
1782422056110770148|1677000.0|-0.00997167475982748
1782422056210350845|1657000.0|-0.20084213710615
1782422056310362918|1674000.0|0.169979478377575
1782422056410366671|1672000.0|-0.019999249428169
1782422056510381512|1661000.0|-0.109983677322449
1782422056610361730|1663000.0|0.0200039571828099
1782422056710366011|1668000.0|0.0499978595916309
1782422056810382868|1670000.0|0.0199966291682211
1782422056910358637|1715000.0|0.450109065927765
1782422057010362246|1642000.0|-0.729973655250782
1782422057110366351|1640000.0|-0.0199991790337007
1782422057210302696|1647000.0|0.0700445868817796
1782422057310481841|1641000.0|-0.0598927052132457
1782422057410594122|1639000.0|-0.0199775689857671
1782422057510847779|1642000.0|0.0299240954372368
1782422057610352204|1652000.0|0.100498043177477
1782422057710914773|1642000.0|-0.0994405781339974
1782422057810400542|1659000.0|0.170878711305936
1782422057910344727|1701000.0|0.420234553916268
1782422058010395568|1661000.0|-0.399796739339752
1782422058110456793|1647000.0|-0.139914337446898
1782422058210360146|1645000.0|-0.0200193480993576
1782422058310370795|1636000.0|-0.0899904169205021
1782422058410784532|1638000.0|0.0199175935459906
1782422058510423501|1642000.0|0.0401449356626723
1782422058610758742|1637000.0|-0.0498329395551061
1782422058710497519|1632000.0|-0.0501309535808726
1782422058810328535|1656000.0|0.24040624809428
1782422058910385504|1705000.0|0.489721010837336
1782422059010382633|1630000.0|-0.750021533118216
1782422059110378706|1629000.0|-0.0100003927154219
1782422059210364203|1628000.0|-0.0100014505103675
1782422059310370244|1645000.0|0.169989730920355
1782422059410365741|1622000.0|-0.230010357366392
1782422059510343590|1656000.0|0.340075330086367
1782422059610361215|1646000.0|-0.0999823781058588
1782422059710337416|1627000.0|-0.190045228864017
1782422059810453473|1665000.0|0.379559494637309
1782422059910308842|1721000.0|0.560811106711748
1782422060010462563|1639000.0|-0.818741422497922
1782422060110309228|1640000.0|0.0100153570477291
1782422060210485909|1645000.0|0.0499118153055999
1782422060310467038|1648000.0|0.0300056623685456
1782422060410532375|1644000.0|-0.0399738822645448
1782422060510303999|1635000.0|-0.090206008874828
1782422060610432232|1631000.0|-0.0399487724905722
1782422060710390177|1641000.0|0.100042072693671
1782422060810359994|1649000.0|0.0800241536903083
1782422060910470083|1657000.0|0.0799120256500821
1782422061010340556|1662000.0|0.0500648474950149
1782422061110790773|1652000.0|-0.099551800868683
1782422061210394701|1649000.0|-0.0301192940904901
1782422061310365702|1646000.0|-0.0300087022235578
1782422061410386655|1640000.0|-0.0599874308336174
1782422061510399656|1645000.0|0.0499935003450201
1782422061610514785|1658000.0|0.129850504412775
1782422061710476842|1650000.0|-0.0800303659217417
1782422061810516163|1645000.0|-0.0499803472276666
1782422061910318811|1647000.0|0.0200395484496564
1782422062010494644|1654000.0|0.0698771329408361
1782422062110705629|1644000.0|-0.0997894592094869
1782422062210468118|1653000.0|0.0902142688119981
1782422062310370575|1652000.0|-0.0100097638239268
1782422062410354167|1651000.0|-0.0100016410692666
1782422062510484224|1643000.0|-0.0798960895428233
1782422062610404009|1645000.0|0.0200160558792235
1782422062710386914|1637000.0|-0.0800136783383119
1782422062810358747|1641000.0|0.0400112699744137
1782422062910352339|1652000.0|0.110007049251716
1782422063010305884|1656000.0|0.0400185906362801
1782422063110494501|0.0|-16.5288238283597
1782422063210964286|1646000.0|16.3830349592168
1782422063310416567|1662000.0|0.160881176772607
1782422063410497711|1648000.0|-0.139886490506144
1782422063510458168|1663000.0|0.150059337964011
1782422063610321233|1664000.0|0.0100137122769064
1782422063710469834|1655000.0|-0.0898664575454229
1782422063810841795|1663000.0|0.0797035339381284
1782422063910353243|1655000.0|-0.0803927604389798
1782422064010310388|1652000.0|-0.0300128620120152
1782422064110315101|1649000.0|-0.029998586166634
1782422064210317590|1658000.0|0.0899977599557547
1782422064310317886|1653000.0|-0.0499998520004381
1782422064410600775|1662000.0|0.0897461181039569
1782422064510417184|1662000.0|0.0
1782422064610429305|1656000.0|-0.059992728281405
1782422064710335633|1650000.0|-0.0600562558960229
1782422064810397274|1652000.0|0.0199876793945444
1782422064910383731|1648000.0|-0.0400054179337508
1782422065010313227|1654000.0|0.0600423322459267
1782422065110307796|1662000.0|0.0800043450359789
1782422065210665773|1652000.0|-0.0996432999043016
1782422065310390710|1647000.0|-0.0501379108416985
1782422065410701599|1671000.0|0.23925617885811
1782422065510444727|1666000.0|-0.0501287667657666
1782422065610353344|1656000.0|-0.100091466584909
1782422065710363736|1652000.0|-0.0399958436319298
1782422065810301265|1647000.0|-0.0500312550253269
1782422065910421498|1643000.0|-0.0399519645544572
1782422066010504578|1654000.0|0.109908687862124
1782422066110755307|1657000.0|0.0299249694234144
1782422066210577348|1654000.0|-0.0300534828775941
1782422066310490076|1652000.0|-0.0200174696461096
1782422066410435605|1658000.0|0.0600327004122416
1782422066510452702|1641000.0|-0.169970940068377
1782422066610350759|1651000.0|0.100102047029804
1782422066710717487|1641000.0|-0.0996346119801773
1782422066810659736|1645000.0|0.0400231137484209
1782422066910333472|1636000.0|-0.0902945987697301
1782422067010306041|1646000.0|0.100027438526662
1782422067110526146|1645000.0|-0.00997803783981268
1782422067210781051|1651000.0|0.0598474458681099
1782422067310644339|1643000.0|-0.080109519326061
1782422067410815932|1647000.0|0.0399314803748803
1782422067510417893|1649000.0|0.020079925936398
1782422067610391309|1657000.0|0.0800212728551758
1782422067710399766|1639000.0|-0.179984778687266
1782422067810538751|1646000.0|0.0699028455301399
1782422067910324103|1638000.0|-0.0801720877829844
1782422068010363232|1637000.0|-0.00999608863047978
1782422068110374153|1657000.0|0.199978160385104
1782422068210807618|1671000.0|0.139395768133659
1782422068310497098|1658000.0|-0.130404933399191
1782422068410637107|1682000.0|0.239664448202716
1782422068510526203|1646000.0|-0.360399697680716
1782422068610455540|1649000.0|0.0300212138903714
1782422068710363948|1645000.0|-0.040036670387141
1782422068810334629|1648000.0|0.0300087982795676
1782422068910365197|1647000.0|-0.00999694413411708
1782422069010398870|1643000.0|-0.039986535333957
1782422069110351887|1755000.0|1.12052645694527
1782422069210304472|1635000.0|-1.20056924990984
1782422069310304944|1627000.0|-0.0799996224017823
1782422069410822425|1632000.0|0.0497425915398735
1782422069510351169|1622000.0|-0.100473487337487
1782422069610698634|1637000.0|0.149480607208164
1782422069710292434|1617000.0|-0.200815713427944
1782422069810638379|1621000.0|0.039862099061402
1782422069910438900|1621000.0|0.0
1782422070010383469|1642000.0|0.210116469660297
1782422070110310805|1766000.0|1.24090168880315
1782422070210281294|1657000.0|-1.09032176485603
1782422070310404646|1664000.0|0.069913759978791
1782422070410457743|1663000.0|-0.00999469311779524
1782422070510430775|1649000.0|-0.140037765384569
1782422070610308480|1650000.0|0.0100122444743799
1782422070710730345|1644000.0|-0.0597479443346327
1782422070810419073|1642000.0|-0.0200624487855839
1782422070910803018|1627000.0|-0.1494262852491
1782422071010345650|1640000.0|0.130597310306201
1782422071110310218|1665000.0|0.25008861139679
1782422071210340835|1716000.0|0.509843901092802
1782422071310321851|1662000.0|-0.540102533064877
1782422071410350260|1651000.0|-0.109968758975263
1782422071510307436|1696000.0|0.45019279056063
1782422071610633029|1644000.0|-0.51831241107142
1782422071710318990|1628000.0|-0.160504045298816
1782422071810283878|1635000.0|0.070024587032999
1782422071910297935|1650000.0|0.149978917463572
1782422072010335751|1646000.0|-0.0399848793180371
1782422072110299552|1692000.0|0.460166575698737
1782422072210387496|1725000.0|0.329710039802596
1782422072310840993|1674000.0|-0.507697606585065
1782422072410526153|1674000.0|0.0
1782422072510314434|1669000.0|-0.0501060841001961
1782422072610301930|1675000.0|0.0600075033382174
1782422072710362131|1669000.0|-0.0599639011318796
1782422072810929340|1672000.0|0.0298307970344489
1782422072910292532|1682000.0|0.100640889233913
1782422073010295164|1681000.0|-0.00999973680692724
1782422073110414677|1742000.0|0.609271840944732
1782422073210349917|1717000.0|-0.250162004914383
1782422073310370213|1651000.0|-0.659866073581706
1782422073410324782|1644000.0|-0.0700318161543971
1782422073510316406|1650000.0|0.0600050260209795
1782422073610338591|1646000.0|-0.0399911279682602
1782422073710306327|1642000.0|-0.0400129097652066
1782422073810326704|1647000.0|0.0499898135756877
1782422073910292088|1645000.0|-0.0200069255973648
1782422074010321905|1650000.0|0.0499850959439424
1782422074110365513|1742000.0|0.919598981276245
1782422074210327650|1701000.0|-0.410155297100141
1782422074310327082|1655000.0|-0.460002612814841
1782422074410352483|1653000.0|-0.0199949210900939
1782422074510345643|1657000.0|0.0400027361871552
1782422074610297187|1653000.0|-0.0400193917964889
1782422074710311676|1639000.0|-0.13997971833861
1782422074810291381|1649000.0|0.100020299119706
1782422074910289917|1647000.0|-0.0200002928042867
1782422075010318261|1640000.0|-0.0699801648220828
1782422075110473294|1777000.0|1.36787933562959
1782422075210899575|1644000.0|-1.32435452827333
1782422075311331695|1634000.0|-0.0995697392427841
1782422075410955159|1646000.0|0.120453550982728
1782422075511149968|1645000.0|-0.00998055697675915
1782422075610401320|1652000.0|0.0705280065101783
1782422075710402864|1642000.0|-0.099998456023839
1782422075810363001|1644000.0|0.0200079757793849
1782422075910347345|1651000.0|0.070010960916041
1782422076010652714|1651000.0|0.0
1782422076110401778|1746000.0|0.952389889092092
1782422076210364106|1644000.0|-1.02038439921087
1782422076310338466|1647000.0|0.0300076939727346
1782422076410321883|1639000.0|-0.080013268600332
1782422076510323971|1648000.0|0.0899981208392369
1782422076610563100|1635000.0|-0.129689873901438
1782422076710623428|1638000.0|0.0299819125118199
1782422076810360077|1629000.0|-0.0902376417318773
1782422076910431829|1633000.0|0.0399713197786324
1782422077010319405|1631000.0|-0.0200225101067624
1782422077110332645|1658000.0|0.269964256732409
1782422077210477806|1729000.0|0.708970850823237
1782422077310354230|1639000.0|-0.901113560093021
1782422077410478799|1640000.0|0.0099875585981299
1782422077510450247|1636000.0|-0.0400114240617981
1782422077610285343|1638000.0|0.0200330352764923
1782422077710760984|1635000.0|-0.0298579831901744
1782422077810343600|1630000.0|-0.0502095666978662
1782422077910425864|1644000.0|0.139884925065244
1782422078010427265|1649000.0|0.0499992995098139
1782422078110307273|1684000.0|0.350420476538208
1782422078210365409|1718000.0|0.339802452446246
1782422078310297114|1651000.0|-0.67045788921544
1782422078410466626|1642000.0|-0.0898476973712321
1782422078510471931|1652000.0|0.0999946952814153
1782422078610352163|1642000.0|-0.100119911615744
1782422078710352843|1636000.0|-0.0599995920027744
1782422078810397779|1650000.0|0.13993711785672
1782422078910314236|1654000.0|0.0400334451410742
1782422079010319732|1653000.0|-0.00999945043020436
1782422079110367260|1714000.0|0.609710216928098
1782422079210438613|1701000.0|-0.129907307239066
1782422079310345709|1651000.0|-0.500464951958968
1782422079410368485|1649000.0|-0.0199954458372561
1782422079510352606|1649000.0|0.0
1782422079610357462|1648000.0|-0.00999951442357959
1782422079710324094|1639000.0|-0.0900300412241557
1782422079810328390|1645000.0|0.0599974225107289
1782422079910330143|1637000.0|-0.0799985976245836
1782422080010316119|1639000.0|0.0200028051934003
1782422080110425935|1743000.0|1.03885916641781
1782422080210384264|1681000.0|-0.620258467906161
1782422080310394656|1666000.0|-0.149984413619737
1782422080410664504|1651000.0|-0.149596317329612
1782422080510522417|1639000.0|-0.120170747009303
1782422080610367049|1643000.0|0.0400622439071136
1782422080710326241|1643000.0|0.0
1782422080810421305|1650000.0|0.0699335184000682
1782422080910334673|0.0|-16.514306674158
1782422081010346506|1660000.0|16.5980359544055
1782422081110353314|1663000.0|0.0299979577390371
1782422081210507546|1750000.0|0.868660247926418
1782422081310711619|1649000.0|-1.00794306035843
1782422081410443211|1641000.0|-0.0802153042939493
1782422081510332627|1646000.0|0.0500553532117957
1782422081610805211|1653000.0|0.0696707471960709
1782422081710352963|1640000.0|-0.130590593346598
1782422081810375324|1640000.0|0.0
1782422081910339284|1649000.0|0.090032447694149
1782422082010317148|1643000.0|-0.0600132845406659
1782422082110458644|1645000.0|0.0199717407856579
1782422082210723613|1767000.0|1.21677592100986
1782422082310622725|1651000.0|-1.16117148268545
1782422082410735725|1643000.0|-0.0799097020366985
1782422082510360261|1640000.0|-0.0301130637135414
1782422082610909518|1647000.0|0.0696176203470106
1782422082710433926|1645000.0|-0.0200955729372437
1782422082810333390|1647000.0|0.0200201274353184
1782422082910410310|1650000.0|0.0299769417364163
1782422083010303790|1639000.0|-0.110117296944705
1782422083110382950|1652000.0|0.129897173397539
1782422083210349454|1766000.0|1.14038198234881
1782422083310474727|1646000.0|-1.19849860484276
1782422083410543199|1653000.0|0.0699521023964471
1782422083510456119|1649000.0|-0.0400348623581415
1782422083610528527|1645000.0|-0.0399710577564997
1782422083710355655|1642000.0|-0.0300519514094405
1782422083810337392|1636000.0|-0.0600109598015886
1782422083910398920|1658000.0|0.219864721634073
1782422084010401088|1656000.0|-0.0199995664094002
1782422084110432632|1650000.0|-0.059981079568261
1782422084210391312|1762000.0|1.12046297530139
1782422084310341208|1653000.0|-1.09054640737195
1782422084410392257|1649000.0|-0.039979590818683
1782422084510395641|1641000.0|-0.0799972928916085
1782422084610395009|1656000.0|0.150000948005991
1782422084710371561|1647000.0|-0.0900211081494389
1782422084810353905|1641000.0|-0.0600105954707363
1782422084910363961|1635000.0|-0.0599939670066778
1782422085010534401|1649000.0|0.139761790005115
1782422085110404009|1644000.0|-0.0500652811213598
1782422085210395201|1765000.0|1.21010658618811
1782422085310344809|1657000.0|-1.08054450798847
1782422085410402786|1671000.0|0.139918879231388
1782422085510363178|1667000.0|-0.0400158494776611
1782422085610440002|1657000.0|-0.0999232349739636
1782422085710368602|1655000.0|-0.0200142902032051
1782422085810360098|1635000.0|-0.200017009446483
1782422085910324506|1644000.0|0.0900320442051735
1782422086010367715|1636000.0|-0.0799654477296905
1782422086110402507|1646000.0|0.0999652201006226
1782422086210477235|1738000.0|0.919313015769576
1782422086310362731|1651000.0|-0.870997326779055
1782422086410360627|1658000.0|0.0700014728309884
1782422086510388443|1650000.0|-0.0799777533881176
1782422086610546243|1644000.0|-0.0599054691696503
1782422086710358939|1644000.0|0.0
1782422086810339651|1620000.0|-0.240046300130369
1782422086910415899|1631000.0|0.109916191102608
1782422087010311123|1640000.0|0.090094397305721
1782422087110315915|1641000.0|0.00999952082296216
1782422087210377347|1755000.0|1.1393001051594
1782422087310483883|1643000.0|-1.11880806663813
1782422087410383203|1643000.0|0.0
1782422087510389451|1662000.0|0.189988129541666
1782422087610329683|1666000.0|0.0400239214974006
1782422087710316427|1689000.0|0.230030492842131
1782422087810322579|1645000.0|-0.43997293286517
1782422087910360395|1630000.0|-0.149943297442639
1782422088010398548|1650000.0|0.199923723101925
1782422088110423628|1648000.0|-0.0199949852576974
1782422088210394068|1765000.0|1.17034595426408
1782422088310408108|1729000.0|-0.359949463095381
1782422088410373540|1811000.0|0.820283555619506
1782422088510309132|1778000.0|-0.330212683385115
1782422088610408580|1772000.0|-0.059940390480475
1782422088710584924|1725000.0|-0.469172642195846
1782422088810573892|1594000.0|-1.31014453514512
1782422088910313164|1549000.0|-0.451176343055722
1782422089010753220|1625000.0|0.756670227264708
1782422089110439484|1551000.0|-0.7423289531645
1782422089210434548|1726000.0|1.75008638426393
1782422089310308908|1567000.0|-1.59200018903751
1782422089410513716|1553000.0|-0.139713854848163
1782422089510498172|1551000.0|-0.020003109283307
1782422089610304132|1548000.0|-0.030058325174168
1782422089710745836|1565000.0|0.169252405355449
1782422089810655236|1594000.0|0.290262978258302
1782422089910718540|1542000.0|-0.519671027452781
1782422090010316052|1546000.0|0.0401616458049675
1782422090110360684|1546000.0|0.0
1782422090210545572|1710000.0|1.63697343256001
1782422090310576988|1574000.0|-1.35957287658509
1782422090410685812|1545000.0|-0.28968475346389
1782422090510379980|1547000.0|0.0200613540402885
1782422090610318388|1597000.0|0.500308149795622
1782422090710377820|1704000.0|1.06936445531692
1782422090810310836|1692000.0|-0.120080434678365
1782422090910351452|1712000.0|0.199918800979794
1782422091010367875|1691000.0|-0.209965517363083
1782422091111145164|1695000.0|0.039691482472802
1782422091210408995|1836000.0|1.42045696382603
1782422091310430075|1706000.0|-1.29972601775546
1782422091410333251|1666000.0|-0.400387671358917
1782422091510347067|1697000.0|0.30995717631652
1782422091610432547|1707000.0|0.0999145930058986
1782422091710432923|1687000.0|-0.199999248002828
1782422091810356387|1704000.0|0.170130210858182
1782422091910584731|1694000.0|-0.0997721762219278
1782422092010364355|1612000.0|-0.821811074373261
1782422092112430828|1545000.0|-0.65643494901602
1782422092210795427|1712000.0|1.69776527020661
1782422092310327194|1544000.0|-1.68790332035399
1782422092410843283|1542000.0|-0.0198973121606433
1782422092510715771|1545000.0|0.0300383024402076
1782422092610729091|1536000.0|-0.0899880135965889
1782422092710359210|1533000.0|-0.0301113762596229
1782422092810320210|1530000.0|-0.0300117045647803
1782422092910577946|1536000.0|0.0598457559424641
1782422093010634338|1558000.0|0.219876007521838
1782422093110304778|1542000.0|-0.160529039502585
1782422093210319905|1725000.0|1.82972321776885
1782422093311112426|1564000.0|-1.59734073920028
1782422093410506849|1538000.0|-0.261584093103493
1782422093510532505|1542000.0|0.039989740232246
1782422093610724321|1679000.0|1.36737715184242
1782422093710382585|1654000.0|-0.250857269598836
1782422093810795393|1655000.0|0.00995888890986895
1782422093910343641|1590000.0|-0.65294971338923
1782422094010567281|1535000.0|-0.548772724678529
1782422094110313912|1586000.0|0.511295464204701
1782422094210396944|1794000.0|2.0782743672274
1782422094310368600|1673000.0|-1.21034305963682
1782422094410925792|1563000.0|-1.09390484968992
1782422094510602760|1553000.0|-0.100324078878483
1782422094610441776|1631000.0|0.7812576998956
1782422094710387527|1637000.0|0.0600325670673083
1782422094810811055|1651000.0|0.139409561472487
1782422094910311703|1637000.0|-0.140702601253411
1782422095010722191|1627000.0|-0.0995911901155186
1782422095110401111|1546000.0|-0.812609125379769
1782422095210512030|1724000.0|1.77802782931201
1782422095310365542|1675000.0|-0.490718844220522
1782422095410453870|1714000.0|0.389655824803068
1782422095510480678|1689000.0|-0.249932997961906
1782422095610457550|1672000.0|-0.170039326695478
1782422095710457957|1676000.0|0.0399998372006626
1782422095810487821|1688000.0|0.119964173899107
1782422095910341301|1697000.0|0.0901320614965047
1782422096010344221|1687000.0|-0.0999970800852615
1782422096110456308|1618000.0|-0.689227465610621
1782422096210772684|1684000.0|0.657918503754562
1782422096310717684|1562000.0|-1.22067136925309
1782422096410368188|1753000.0|1.91669878558768
1782422096510363267|1739000.0|-0.140006889739044
1782422096610471467|1835000.0|0.9589624026803
1782422096710560483|1756000.0|-0.789297399027282
1782422096810355883|1761000.0|0.0501025097349176
1782422096910408963|1745000.0|-0.159915117055867
1782422097010787291|1619000.0|-1.25525103386859
1782422097110393442|1544000.0|-0.7529655472783
1782422097210318410|1686000.0|1.42106625443203
1782422097310577154|1551000.0|-1.34651597071673
1782422097410373065|1575000.0|0.240490815300038
1782422097510359969|1542000.0|-0.330043222460413
1782422097610381193|1539000.0|-0.0299936341510878
1782422097710959409|1533000.0|-0.0596550648701106
1782422097810362024|1534000.0|0.0100600975135312
1782422097910374736|1573000.0|0.389950429501402
1782422098010297608|1540000.0|-0.330254718859562
1782422098110347904|1545000.0|0.0499748646420796
1782422098210296631|1541000.0|-0.0400205197210766
1782422098310603231|1545000.0|0.0398777348649042
1782422098410394807|1582000.0|0.370772779457857
1782422098510618495|1574000.0|-0.0798214489971672
1782422098610607238|1747000.0|1.73019476802504
1782422098710499486|1723000.0|-0.240258883752421
1782422098810392310|0.0|-17.24848623761
1782422098910297502|1737000.0|17.3864837775398
1782422099010590885|1737000.0|0.0
1782422099110480701|1740000.0|0.0300330916617165
1782422099210641765|1731000.0|-0.0898552754990702
1782422099310360652|1730000.0|-0.0100281905472932
1782422099410362244|1735000.0|0.0499992040126721
1782422099510369180|1716000.0|-0.18998682251399
1782422099610426883|1591000.0|-1.2492791284645
1782422099710356651|1539000.0|-0.520365463072025
1782422099810345763|1527000.0|-0.120013067022737
1782422099910354794|1535000.0|0.0799927758524128
1782422100010372978|1634000.0|0.989820011129176
1782422100110382218|1697000.0|0.629941793378292
1782422100210363793|1570000.0|-1.27023404062198
1782422100310337801|1564000.0|-0.0600155992545582
1782422100410340321|1564000.0|0.0
1782422100510356552|1606000.0|0.41993184086291
1782422100610755664|1544000.0|-0.617535342344462
1782422100710349192|1570000.0|0.261061140438764
1782422100810455184|1534000.0|-0.359618832806732
1782422100910346263|1560000.0|0.260283503394733
1782422101010675311|1541000.0|-0.189376859232234
1782422101110463975|1538000.0|-0.0300635350724808
1782422101210447886|1565000.0|0.270043447290235
1782422101310413702|1553000.0|-0.120041034827345
1782422101410320541|1577000.0|0.240223794889557
1782422101510418181|1694000.0|1.1688587263396
1782422101610660029|1550000.0|-1.43652579110473
1782422101710381268|1546000.0|-0.0401118160996776
1782422101810520908|1657000.0|1.1084521574074
1782422101910371363|1601000.0|-0.560838706243251
1782422102010356187|1546000.0|-0.550083480669026
1782422102110308499|1638000.0|0.920438938921193
1782422102210543707|1565000.0|-0.728287010687901
1782422102310871042|1571000.0|0.0598042397916779
1782422102410742490|1545000.0|-0.26033466541909
1782422102510591329|1539000.0|-0.0600908339054398
1782422102610425577|1609000.0|0.701162190353755
1782422102710329600|1560000.0|-0.490470739101267
1782422102810611704|1532000.0|-0.27921233084619
1782422102910383920|1595000.0|0.63143831545247
1782422103010394327|1569000.0|-0.259972944615654
1782422103110401343|1567000.0|-0.0199985968984416
1782422103210318150|1576000.0|0.090074936041541
1782422103310373358|1586000.0|0.099944822462415
1782422103410600950|1542000.0|-0.439000869141903
1782422103510382157|1539000.0|-0.0300657818260306
1782422103610575397|1566000.0|0.269479258281297
1782422103710364524|1530000.0|-0.360760747010042
1782422103810556100|1529000.0|-0.00998087903118721
1782422103910345787|1527000.0|-0.0200421512495575
1782422104010378195|1571000.0|0.439857450997281
1782422104110432203|1652000.0|0.809562771338456
1782422104210462274|1665000.0|0.129960919451912
1782422104310498474|1647000.0|-0.179934863579384
1782422104410367489|1597000.0|-0.500655783978644
1782422104510409241|1706000.0|1.08954509313272
1782422104610339840|1660000.0|-0.460319466312816
1782422104710309800|1652000.0|-0.0800240392213821
1782422104810419152|1533000.0|-1.18870013263097
1782422104910308119|1531000.0|-0.0200222312840616
1782422105010316718|1537000.0|0.0599948410436187
1782422105110598358|1536000.0|-0.0099719150983171
1782422105210380221|1536000.0|0.0
1782422105310351829|1540000.0|0.0400113600253384
1782422105410367309|1559000.0|0.189970592552273
1782422105510397732|1546000.0|-0.129960462128607
1782422105610334380|1578000.0|0.320202854912644
1782422105710353187|1529000.0|-0.4899078630282
1782422105810439323|1530000.0|0.00999139381302521
1782422105910369266|1533000.0|0.0300210318342721
1782422106010394874|1545000.0|0.119969278267221
1782422106110725633|1607000.0|0.617956054732926
1782422106210297961|1536000.0|-0.713049513113724
1782422106310314192|1541000.0|0.049991885817013
1782422106410324920|1539000.0|-0.0199978546301553
1782422106510399791|1569000.0|0.299775555044183
1782422106610493399|1634000.0|0.649392117027093
1782422106710466158|1769000.0|1.35036785370703
1782422106810391302|1738000.0|-0.31023222743617
1782422106910337853|1792000.0|0.540288778949461
1782422107010322389|1735000.0|-0.57008815843282
1782422107110389132|1706000.0|-0.28980657439805
1782422107210307363|1699000.0|-0.0700572851414873
1782422107310356459|1698000.0|-0.00999509280923438
1782422107410554291|1701000.0|0.0299407675806798
1782422107510360458|1691000.0|-0.100194209441988
1782422107610390481|1687000.0|-0.03998799440444
1782422107710301481|1677000.0|-0.10008907928056
1782422107810301952|1674000.0|-0.0299998587006655
1782422107910323336|1674000.0|0.0
1782422108010384383|1689000.0|0.149908485366938
1782422108110403127|1686000.0|-0.0299943778538151
1782422108210396110|1685000.0|-0.0100007017492417
1782422108310308261|1667000.0|-0.180158267236184
1782422108410505933|1541000.0|-1.25751424643878
1782422108510348164|1580000.0|0.390616271385202
1782422108610372012|1715000.0|1.34967812875985
1782422108711105908|1561000.0|-1.52878034221966
1782422108810474907|1560000.0|-0.0100635007906238
1782422108910331426|1585000.0|0.250359217909449
1782422109010598714|1577000.0|-0.0797867396194061
1782422109110561697|1609000.0|0.320118498264503
1782422109210329336|1569000.0|-0.40093160869528
1782422109310321152|1549000.0|-0.200016369339667
1782422109410432887|1591000.0|0.419531236772592
1782422109510355759|1547000.0|-0.440339625146083
1782422109610499974|1546000.0|-0.00998559926801563
1782422109710363053|1566000.0|0.20027421746129
1782422109810376501|1627000.0|0.609917978230288
1782422109910350684|1631000.0|0.0400103294667584
1782422110010369300|1733000.0|1.01981015214208
1782422110110353387|1717000.0|-0.160025464852222
1782422110210557010|1702000.0|-0.149695186171063
1782422110310362362|1689000.0|-0.130253535902564
1782422110410414545|1683000.0|-0.0599687065298715
1782422110510337384|1679000.0|-0.04003088823367
1782422110610375408|1688000.0|0.0899657914074752
1782422110710479671|1680000.0|-0.0799166764756062
1782422110810442735|1716000.0|0.360133018731799
1782422110910382470|1661000.0|-0.550331657373316
1782422111010334397|1618000.0|-0.430206813321368
1782422111110566869|1695000.0|0.768214117277283
1782422111210342716|1745000.0|0.501123282872257
1782422111310963764|1609000.0|-1.35160587872231
1782422111410320779|1565000.0|-0.442847442628988
1782422111510343394|1687000.0|1.21972415938136
1782422111610365289|1702000.0|0.149967164689291
1782422111710457713|1671000.0|-0.309713750163549
1782422111810450280|1690000.0|0.190014123749818
1782422111910307407|1688000.0|-0.0200286154838002
1782422112010293703|1689000.0|0.0100013705878254
1782422112110435838|1689000.0|0.0
1782422112210450725|1693000.0|0.0399940460863591
1782422112310583485|1644000.0|-0.48935033849062
1782422112410343876|1538000.0|-1.06254595573909
1782422112510295307|1577000.0|0.390189511143667
1782422112610342051|1535000.0|-0.419803766927188
1782422112710321386|1536000.0|0.0100020669271305
1782422112810355841|1534000.0|-0.0199931113734763
1782422112910315016|1549000.0|0.15006126251042
1782422113010364608|1539000.0|-0.0999504325814742
1782422113110345767|1546000.0|0.0700131911853512
1782422113210345150|1550000.0|0.0400002468015228
1782422113310562421|1547000.0|-0.0299349600130301
1782422113410424253|1541000.0|-0.0600830155008572
1782422113510377492|1557000.0|0.160074852601825
1782422113610437531|1544000.0|-0.129921996132742
1782422113710398403|1536000.0|-0.0800313146527974
1782422113810307850|1538000.0|0.0200181270145555
1782422113910309745|1543000.0|0.0499990525179548
1782422114010379385|1704000.0|1.60887957626309
1782422114110372400|1740000.0|0.360025147756571
1782422114210357079|1582000.0|-1.5802421088935
1782422114310552318|1543000.0|-0.389240051615626
1782422114410301126|1546000.0|0.030075547368947
1782422114510295565|1541000.0|-0.0500027806546322
1782422114610740180|1543000.0|0.0199114706149254
1782422114711044924|1536000.0|-0.0697873273072707
1782422114810298787|1532000.0|-0.0403006984221864
1782422114910429466|1541000.0|0.089882542392427
1782422115010349265|1546000.0|0.0500401326868162
1782422115110592025|1543000.0|-0.0299273483690992
1782422115210365184|1548000.0|0.0501136783691494
1782422115310347431|1625000.0|0.770136722372323
1782422115410341038|1730000.0|1.05006713079167
1782422115510520422|1645000.0|-0.848477966284959
1782422115610743645|1535000.0|-1.09755001592795
1782422115710350628|1532000.0|-0.0301183703154627
1782422115810434971|1535000.0|0.0299747184232403
1782422115910343170|1547000.0|0.120110262422006
1782422116010352970|1548000.0|0.00999902009603059
1782422116110455809|1559000.0|0.109886993314945
1782422116210294712|1560000.0|0.0100161356941192
1782422116311296784|1546000.0|-0.138611017801694
1782422116410531366|1545000.0|-0.0100771321836172
1782422116510594798|1545000.0|0.0
1782422116610338261|1543000.0|-0.0200514393609935
1782422116710498172|0.0|-15.4053651265724
1782422116810349347|1538000.0|15.4029234007512
1782422116910365227|1538000.0|0.0
1782422117010352082|1535000.0|-0.0300039440184412
1782422117110366329|1545000.0|0.099985755029481
1782422117210371056|1550000.0|0.0499976366117174
1782422117310371703|1550000.0|0.0
1782422117410442462|1544000.0|-0.0599575746197748
1782422117510571078|1545000.0|0.00998715492082703
1782422117610840845|1537000.0|-0.0797847670275328
1782422117710367460|1538000.0|0.0100475636592282
1782422117810786476|1528000.0|-0.0995827324179317
1782422117910439731|1533000.0|0.050173975752222
1782422118010465962|1541000.0|0.0799790207030794
1782422118110671169|1544000.0|0.029938563971032
1782422118210460024|1537000.0|-0.0701481142358032
1782422118310449039|1539000.0|0.020002197241367
1782422118411087543|1535000.0|-0.0397462188030935
1782422118511250126|1540000.0|0.0499188404516285
1782422118610419013|1531000.0|-0.0907542705405174
1782422118710520252|1526000.0|-0.0499494316948465
1782422118810700067|1527000.0|0.00998205077539822
1782422118910433786|1529000.0|0.0200533983897663
1782422119010350273|1531000.0|0.0200167165605012
1782422119110358808|1549000.0|0.17998463831112
1782422119210356672|1534000.0|-0.150003204068439
1782422119311089255|1543000.0|0.0893454702735062
1782422119410791326|1546000.0|0.0300896457807782
1782422119510322517|1589000.0|0.432025373834821
1782422119610307052|1551000.0|-0.380058776089722
1782422119710301827|1753000.0|2.02010555051501
1782422119810295850|1753000.0|0.0
1782422119910368017|1707000.0|-0.459668271198724
1782422120010322457|1717000.0|0.100045580766597
1782422120110316992|1594000.0|-1.23006722317375
1782422120210578391|1539000.0|-0.548566053820973
1782422120310889502|1557000.0|0.179441737017547
1782422120410730117|1540000.0|-0.17027138705025
1782422120510703916|1537000.0|-0.0300078623600169
1782422120610436147|1540000.0|0.0300805463782315
1782422120710527450|1529000.0|-0.109899658314969
1782422120810479217|1534000.0|0.0500241281377247
1782422120910311864|1550000.0|0.160268213663612
1782422121010328016|1536000.0|-0.13997739085183
1782422121110714583|1538000.0|0.0199229843172145
1782422121210327326|1530000.0|-0.0803110100080268
1782422121310603205|1540000.0|0.0997248799983095
1782422121410350764|1539000.0|-0.0100253079877373
1782422121510431667|1569000.0|0.29975748720013
1782422121610442298|1544000.0|-0.249973425325154
1782422121710297681|1532000.0|-0.12017379173239
1782422121810640968|1534000.0|0.019931577485597
1782422121910339439|1531000.0|-0.0300907322841491
1782422122010332598|1651000.0|1.2000820976163
1782422122110338397|1581000.0|-0.699959409353852
1782422122210301636|1547000.0|-0.340125033363515
1782422122310347547|1536000.0|-0.109949521075379
1782422122410337090|1543000.0|0.070007320665522
1782422122510408249|1538000.0|-0.0499644458000132
1782422122610650849|1545000.0|0.0698305909862673
1782422122711233688|1554000.0|0.0894784844957498
1782422122810743039|1536000.0|-0.18088752282185
1782422122910289285|1533000.0|-0.030136746693592
1782422123010780141|1537000.0|0.0398046166508921
1782422123110639508|1540000.0|0.0300422493164812
1782422123210289498|1540000.0|0.0
1782422123310809922|1561000.0|0.208912767817215
1782422123410641049|1543000.0|-0.180304485593957
1782422123510406016|1547000.0|0.0400942346826016
1782422123610348471|1538000.0|-0.0900518203200031
1782422123710302126|1530000.0|-0.0800370931908393
1782422123810743845|1526000.0|-0.0398240894304089
1782422123910325756|1542000.0|0.16067175091669
1782422124010306163|1532000.0|-0.100019596839609
1782422124110467242|1534000.0|0.0199678360094344
1782422124210510193|1538000.0|0.0399828269759855
1782422124310614136|1535000.0|-0.0299688494787863
1782422124410353295|1536000.0|0.0100261523159625
1782422124510409222|1557000.0|0.209882618947701
1782422124610340317|1554000.0|-0.0300206857535185
1782422124710427828|1531000.0|-0.229798900684022
1782422124810805915|1530000.0|-0.0099623337113408
1782422124910435810|1529000.0|-0.0100371479865556
1782422125010340649|1549000.0|0.200190503284831
1782422125110544160|1556000.0|0.069857831628275
1782422125210312135|1538000.0|-0.180418616294457
1782422125310334622|1533000.0|-0.0499887590277574
1782422125410434485|1532000.0|-0.00999002366266975
1782422125510293292|1528000.0|-0.0400565570546021
1782422125610333059|1536000.0|0.0799681990462853
1782422125710323338|1540000.0|0.0400038887780281
1782422125810294641|1528000.0|-0.12003444628505
1782422125910291816|1535000.0|0.070001977555866
1782422126010310574|1539000.0|0.0399924982071863
1782422126110475574|1544000.0|0.0499176359007637
1782422126210417276|1541000.0|-0.0300174996019179
1782422126310282483|1551000.0|0.100134974936767
1782422126410328602|1539000.0|-0.11994468271178
1782422126510387281|1534000.0|-0.0499706777060289
1782422126610351288|1537000.0|0.0300108017878875
1782422126710339487|1532000.0|-0.0500059011964002
1782422126810330390|1533000.0|0.0100009097827629
1782422126910293901|1548000.0|0.150054753478997
1782422127010321828|1546000.0|-0.0199944161593992
1782422127110304970|1541000.0|-0.0500084304212004
1782422127210660050|1539000.0|-0.0199292352713983
1782422127310293192|1541000.0|0.0200736417606904
1782422127410305839|1541000.0|0.0
1782422127510293414|1552000.0|0.110013669198398
1782422127610465677|1541000.0|-0.109810836558619
1782422127710295396|1527000.0|-0.140238800031081
1782422127810285930|1524000.0|-0.0300028400688409
1782422127910290721|1525000.0|0.00999952092295258
1782422128010318664|1536000.0|0.109969271286524
1782422128110309759|1555000.0|0.190016921006816
1782422128210282150|1546000.0|-0.0900248549622065
1782422128310298493|1547000.0|0.00999836596705
1782422128410325300|1543000.0|-0.0399892800736906
1782422128510301531|1539000.0|-0.0400095098603987
1782422128610330882|1535000.0|-0.0399882630449137
1782422128710292777|1544000.0|0.0900343075729007
1782422128810288335|1531000.0|-0.130005774856519
1782422128910298007|1529000.0|-0.0199980657870771
1782422129010294094|1538000.0|0.0900035218378095
1782422129110300148|1537000.0|-0.0099993946366487
1782422129210316011|1540000.0|0.0299952418547846
1782422129310306114|1554000.0|0.140013857171444
1782422129410292297|1540000.0|-0.140019346473102
1782422129510291504|1539000.0|-0.0100000793006289
1782422129610298199|1535000.0|-0.0399973221792801
1782422129710292942|1517000.0|-0.180009463097475
1782422129810281749|1527000.0|0.100011194252973
1782422129910291947|1545000.0|0.179981645471795
1782422130010289394|1532000.0|-0.130003318984734
1782422130110298057|1531000.0|-0.00999913377504107
1782422130210416944|1532000.0|0.00998812541733509
1782422130311662856|1540000.0|0.0790155359556641
1782422130410293278|1534000.0|-0.0608331575424061
1782422130511460261|1555000.0|0.20757760464202
1782422130610290139|1535000.0|-0.202367951926441
1782422130710323218|1523000.0|-0.119960318326301
1782422130810307913|1533000.0|0.100015307342789
1782422130910327232|1532000.0|-0.00999806847315167
1782422131010884695|1543000.0|0.109390190164205
1782422131110443950|1547000.0|0.0401770784644783
1782422131210366757|1555000.0|0.0800618021069004
1782422131310447931|1549000.0|-0.0599513351032433
1782422131410336418|1540000.0|-0.0901004737412831
1782422131510482233|1541000.0|0.00998543973105616
1782422131610468640|1535000.0|-0.0600081569087686
1782422131710465958|1553000.0|0.18000482772948
1782422131810497469|1532000.0|-0.209933847745237
1782422131910331508|1539000.0|0.0701163658218817
1782422132010513259|1543000.0|0.0399274314939854
1782422132110419746|1550000.0|0.0700655203700637
1782422132210697945|1550000.0|0.0
1782422132310309119|1570000.0|0.200780687516041
1782422132410316982|1550000.0|-0.199984275236438
1782422132510307837|1543000.0|-0.0700064020854707
1782422132610308851|1540000.0|-0.0299996958030846
1782422132710311898|1530000.0|-0.0999969530928393
1782422132810304401|1533000.0|0.0300022492686277
1782422132910310055|1555000.0|0.21998756190325
1782422133010312862|1536000.0|-0.189994666849702
1782422133110541749|1533000.0|-0.0299314907088612
1782422133210514988|1533000.0|0.0
1782422133310309954|1538000.0|0.0501027276265618
1782422133410313993|1541000.0|0.0299987883489386
1782422133510314864|1536000.0|-0.0499995645037932
1782422133610303927|1534000.0|-0.0200021876392621
1782422133710311869|1528000.0|-0.0599952351784221
1782422133810310244|1534000.0|0.060000975015844
1782422133910305898|1535000.0|0.0100004346188885
1782422134010318113|1550000.0|0.14998167973782
1782422134110940728|1539000.0|-0.109319361258898
1782422134210519663|1542000.0|0.0301268536362635
1782422134310318293|1540000.0|-0.0200403552633939
1782422134410529532|1540000.0|0.0
1782422134510313123|1544000.0|0.0400867513377024
1782422134610308105|1534000.0|-0.100005018251816
1782422134710313984|0.0|-15.339098214416
1782422134810310006|1530000.0|15.3006086582124
1782422134910305821|1530000.0|0.0
1782422135010453156|1539000.0|0.0898675935809974
1782422135111270619|1542000.0|0.0297567495821632
1782422135210508641|1542000.0|0.0
1782422135310316152|1541000.0|-0.0100192860234737
1782422135410320286|1541000.0|0.0
1782422135510316645|1538000.0|-0.0300010923397721
1782422135610308987|1540000.0|0.0200015317172989
1782422135710320386|1535000.0|-0.049994301149612
1782422135810370009|1536000.0|0.0099950401612208
1782422135910303008|1526000.0|-0.100067045921438
1782422136010321542|1533000.0|0.0699870286041185
1782422136110309821|1539000.0|0.0600070334243877
1782422136210315331|1534000.0|-0.0499972451517921
1782422136310744699|1533000.0|-0.00995724676869419
1782422136410754866|1540000.0|0.0699928838235017
1782422136510318840|1535000.0|-0.0502189677563493
1782422136610306910|1540000.0|0.0500059657117094
1782422136710316581|1531000.0|-0.0899912969416728
1782422136810314540|1532000.0|0.0100002041041658
1782422136910301459|1523000.0|-0.0900117744402145
1782422137010893546|1543000.0|0.198822796071425
1782422137110290816|1541000.0|-0.0201212769726975
1782422137210473319|1542000.0|0.00998178294666884
1782422137310314221|1533000.0|-0.0901434163725804
1782422137410438660|1542000.0|0.0898881440923729
1782422137510351626|1542000.0|0.0
1782422137610411937|1533000.0|-0.0899457528170185
1782422137710361176|1532000.0|-0.0100050786779877
1782422137810339710|1527000.0|-0.0500107353044405
1782422137910299077|1524000.0|-0.0300121948551355
1782422138010689948|1542000.0|0.179299171535229
1782422138110770962|1537000.0|-0.0499595257897767
1782422138210295384|1533000.0|-0.0401911402208395
1782422138310349215|1538000.0|0.0499730989810875
1782422138410998166|1537000.0|-0.00993552332204635
1782422138510359292|1542000.0|0.0503214909219125
1782422138610352531|1534000.0|-0.0800054091657137
1782422138710311690|1534000.0|0.0
1782422138810388592|1529000.0|-0.0499615785468659
1782422138910435255|1531000.0|0.01999067175284
1782422139010723630|1533000.0|0.0199424908420343
1782422139110344692|1536000.0|0.0301141138206296
1782422139210755531|1541000.0|0.0497954209903574
1782422139310447713|1539000.0|-0.0200617536889703
1782422139410515672|1534000.0|-0.0499660435764459
1782422139510782495|1537000.0|0.0299201661151665
1782422139610328373|1531000.0|-0.0602737162055068
1782422139710320715|1529000.0|-0.0200015317172989
1782422139810289218|1529000.0|0.0
1782422139910303576|1527000.0|-0.0199971288122451
1782422140010453983|1537000.0|0.0998498188829128
1782422140110369621|1538000.0|0.0100084433229561
1782422140210360860|1547000.0|0.0900078855908566
1782422140310361491|1539000.0|-0.0799994952031853
1782422140410308585|1536000.0|-0.0300158802015794
1782422140510595776|1539000.0|0.0299140894274325
1782422140610494966|1533000.0|-0.0600605470374685
1782422140710825709|1524000.0|-0.089703312572897
1782422140810332707|1525000.0|0.0100495444551548
1782422140910312010|1526000.0|0.0100020701284545
1782422141010361361|1538000.0|0.119940808011838
1782422141110356311|1534000.0|-0.0400020201020152
1782422141210359998|1537000.0|0.0299988939407804
1782422141310360244|1536000.0|-0.00999997540006052
1782422141410317307|1532000.0|-0.0400171821775116
1782422141510357505|1532000.0|0.0
1782422141610456856|1529000.0|-0.0299702242824731
1782422141710318302|1519000.0|-0.100138746238463
1782422141810356388|1520000.0|0.00999619284999115
1782422141910308091|1522000.0|0.0200096640674547
1782422142010326722|1534000.0|0.119977646964594
1782422142110346616|1535000.0|0.00999801099569252
1782422142210351071|1538000.0|0.0299986635595384
1782422142310579189|1530000.0|-0.0798179209550757
1782422142410319147|1530000.0|0.0
1782422142510614914|1533000.0|0.0299115315604496
1782422142610400344|1536000.0|0.0300645094178579
1782422142710481471|1530000.0|-0.0599513632575301
1782422142810367670|1525000.0|-0.0500569653271119
1782422142910440668|1526000.0|0.00999270552482099
1782422143010339170|1538000.0|0.12012192134773
1782422143110308697|1548000.0|0.100030482288868
1782422143210773152|1537000.0|-0.109491461432802
1782422143310646662|1540000.0|0.0300379950599513
1782422143410573869|1539000.0|-0.0100072846026808
1782422143510308979|1531000.0|-0.0802124748245628
1782422143610433097|1543000.0|0.119851243034171
1782422143710474432|1523000.0|-0.199917364157525
1782422143810333686|1524000.0|0.0100140944373568
1782422143910352109|1532000.0|0.0799852643147553
1782422144010500611|1532000.0|0.0
1782422144110450873|1541000.0|0.0900447864758974
1782422144210732688|1539000.0|-0.0199437953930132
1782422144310728038|1535000.0|-0.040001860086494
1782422144410518108|1541000.0|0.0601262229799017
1782422144510354355|1543000.0|0.0200328043180549
1782422144610352425|1560000.0|0.170003281063325
1782422144710432448|1525000.0|-0.349720143449607
1782422144810385094|1523000.0|-0.0200094752869274
1782422144910471997|1527000.0|0.0399652689822963
1782422145010368403|1539000.0|0.120124441714149
1782422145110350746|1543000.0|0.0400070640472988
1782422145210837456|1535000.0|-0.0796125179140605
1782422145310353366|1538000.0|0.0301459334492344
1782422145410354061|1536000.0|-0.019999861000966
1782422145510647619|1541000.0|0.049853650620312
1782422145610759642|1569000.0|0.279686686583089
1782422145710359792|1529000.0|-0.401605820874768
1782422145810650455|1531000.0|0.0199420358802494
1782422145910289757|1527000.0|-0.0401448014961004
1782422146010309859|1531000.0|0.0399919608160368
1782422146110342521|1534000.0|0.0299902045993738
1782422146210300864|1534000.0|0.0
1782422146310543414|1543000.0|0.0897822331933894
1782422146410548333|1533000.0|-0.0999950812419537
1782422146510309347|1534000.0|0.0100239558511304
1782422146610686506|1530000.0|-0.0398497032576903
1782422146710368031|1525000.0|-0.0501597462518757
1782422146810600230|1521000.0|-0.0399073355658894
1782422146910356844|1527000.0|0.0601463878876242
1782422147010310979|1534000.0|0.0700321202319444
1782422147111051577|1532000.0|-0.0198529693063764
1782422147210390047|1536000.0|0.0402663741448806
1782422147310392310|1536000.0|0.0
1782422147410623132|1529000.0|-0.069838796692698
1782422147510534274|1531000.0|0.0200177874055328
1782422147610310057|1534000.0|0.0300674162587128
1782422147710916032|1523000.0|-0.109337442433215
1782422147810350501|1531000.0|0.080454997954482
1782422147910351932|1526000.0|-0.0499992845102387
1782422148010348866|1535000.0|0.0900027594846058
1782422148110302648|1535000.0|0.0
1782422148210305183|1532000.0|-0.0299992395192782
1782422148310344597|1533000.0|0.00999606015285136
1782422148410371788|1537000.0|0.039989126556598
1782422148510624290|1534000.0|-0.0299244401900314
1782422148610353256|1530000.0|-0.0401087082362811
1782422148710347087|1522000.0|-0.0800049355044713
1782422148810954181|1528000.0|0.0596379416346128
1782422148910336651|1528000.0|0.0
1782422149010449362|1536000.0|0.0799099327157368
1782422149110774456|1530000.0|-0.0598055756618578
1782422149210775679|1530000.0|0.0
1782422149310445925|1540000.0|0.100330844974537
1782422149410587739|1534000.0|-0.0599150320963828
1782422149510922482|1534000.0|0.0
1782422149610869320|1523000.0|-0.110058509304717
1782422149710369806|1520000.0|-0.0301506065005552
1782422149810366772|1520000.0|0.0
1782422149910353946|1528000.0|0.080010262116219
1782422150010350000|1529000.0|0.0100003946155715
1782422150110601431|1536000.0|0.0698244397129852
1782422150210702765|1525000.0|-0.10988864544003
1782422150310807300|1530000.0|0.0499477870807751
1782422150410362698|1534000.0|0.0401786350148487
1782422150510340992|1531000.0|-0.0300065132137582
1782422150610356118|1532000.0|0.00999848762876127
1782422150710698653|1522000.0|-0.0996586342970107
1782422150810689939|1523000.0|0.0100008714759404
1782422150910355065|1521000.0|-0.0200671998347747
1782422151010357759|1532000.0|0.109997036679832
1782422151110565253|1531000.0|-0.00997929356461105
1782422151210328780|1537000.0|0.0601422201121658
1782422151310346178|1531000.0|-0.0599895630158265
1782422151410345624|1533000.0|0.0200001108006138
1782422151510843374|1532000.0|-0.00995047152796953
1782422151610367461|1522000.0|-0.100478188762485
1782422151710735627|1521000.0|-0.00996331844899906
1782422151810403537|1525000.0|0.0401332786049191
1782422151911144184|1525000.0|0.0
1782422152010313021|1535000.0|0.100838129219969
1782422152110440868|1536000.0|0.00998723162398568
1782422152210600666|1531000.0|-0.0499202284733042
1782422152310309056|1534000.0|0.0300877388552759
1782422152410610775|1532000.0|-0.0199398377210265
1782422152510817773|1538000.0|0.0598760577579622
1782422152610932403|1526000.0|-0.119862601499901
1782422152710758122|1539000.0|0.130226960849638
1782422152810372144|1526000.0|-0.13050371563152
1782422152911237703|1531000.0|0.0495709343166382
1782422153010362525|0.0|-15.445172754005
1782422153110331411|1538000.0|15.384786822572
1782422153210305849|1533000.0|-0.0500127842679146
1782422153310601183|1539000.0|0.0598233213920002
1782422153410440661|1546000.0|0.0701125460611883
1782422153510843116|1535000.0|-0.109559074028618
1782422153610702065|1538000.0|0.0300423750704606
1782422153710446455|1527000.0|-0.110281891542973
1782422153810503422|1522000.0|-0.0499715327169571
1782422153910359028|1521000.0|-0.0100144602797764
1782422154010391114|1528000.0|0.0699775470042682
1782422154110826096|1532000.0|0.0398267607595131
1782422154210307606|1526000.0|-0.0603127153980674
1782422154310500940|1534000.0|0.0798456312472844
1782422154410568899|1522000.0|-0.11991850458347
1782422154510882937|1531000.0|0.0897182506001802
1782422154610354031|1535000.0|0.0402126873159754
1782422154710354181|1526000.0|-0.0899998650002025
1782422154810476379|1519000.0|-0.0699145657988851
1782422154910386834|1518000.0|-0.0100089625254935
1782422155010310216|1527000.0|0.0900690090733718
1782422155110393502|1533000.0|0.0599500699847125
1782422155210336132|1536000.0|0.0300172208796186
1782422155310310042|1535000.0|-0.0100026096808657
1782422155410575521|1541000.0|0.0598411343549259
1782422155510359687|1539000.0|-0.0200432601701557
1782422155610599949|1536000.0|-0.0299280941624035
1782422155710386899|1531000.0|-0.050106752436065
1782422155810395241|1527000.0|-0.0399966634783326
1782422155910346943|1523000.0|-0.040019328535296
1782422156010669605|1545000.0|0.219292426670257
1782422156110668524|1539000.0|-0.0600006486070114
1782422156210299985|1535000.0|-0.0401479608935977
1782422156310780920|1532000.0|-0.0298564100742096
1782422156410496350|1526000.0|-0.0601712292671255
1782422156510304308|1533000.0|0.0701346880576397
1782422156610572874|1529000.0|-0.0398928613380189
1782422156710351024|1522000.0|-0.0701556402879789
1782422156811058535|1524000.0|0.0198594919101913
1782422156910366781|1516000.0|-0.080557258054885
1782422157010498115|1520000.0|0.0399475353039839
1782422157110369193|1528000.0|0.0801032707387017
1782422157210664671|1534000.0|0.0598232355002087
1782422157310505413|1529000.0|-0.0500797560178389
1782422157410303419|1532000.0|0.0300607208524788
1782422157510533665|1528000.0|-0.0399081131657604
1782422157610368775|1526000.0|-0.0200330324672352
1782422157710645278|1524000.0|-0.0199448518861891
1782422157810441428|1519000.0|-0.0501021331985252
1782422157911046874|1515000.0|-0.039759279035451
1782422158010478336|1528000.0|0.130743325487862
1782422158110675718|1524000.0|-0.0399212027316243
1782422158210432012|1529000.0|0.0501221506885571
1782422158310438770|1543000.0|0.139990539439345
1782422158410605368|1530000.0|-0.129783782813508
1782422158510356350|1532000.0|0.0200499279295316
1782422158610356660|1532000.0|0.0
1782422158710890683|1527000.0|-0.0497344068286216
1782422158810777793|1524000.0|-0.0300339052756657
1782422158910361879|1523000.0|-0.0100417651069268
1782422159010485005|1541000.0|0.17977864574464
1782422159110355507|1537000.0|-0.0400518663659065
1782422159210596953|1539000.0|0.0199518271115123
1782422159310308511|1532000.0|-0.0702024934762327
1782422159410416789|1530000.0|-0.0199783678228887
1782422159510736140|1543000.0|0.1295861652853
1782422159611124002|1532000.0|-0.109575000212675
1782422159710572568|1519000.0|-0.13072083915217
1782422159810577678|1530000.0|0.109994379287218
1782422159910367923|1524000.0|-0.0601261175378415
1782422160010315273|1534000.0|0.100052677734827
1782422160110514895|1548000.0|0.139721085973757
1782422160211394038|1534000.0|-0.138779925995208
1782422160310433884|1529000.0|-0.0504847311656765
1782422160410749314|1535000.0|0.0598113370993874
1782422160510688840|1532000.0|-0.0300181531779528
1782422160611083566|1530000.0|-0.0199213651920321
1782422160710704964|1520000.0|-0.100380040842229
1782422160810721258|1517000.0|-0.0299951125963536
1782422160910372943|1516000.0|-0.0100349532474037
1782422161010696854|1529000.0|0.129580275234685
1782422161110670156|1533000.0|0.0400106820518942
1782422161210307233|1533000.0|0.0
1782422161310731207|1538000.0|0.0497889079753008
1782422161410440861|1532000.0|-0.0601747148776587
1782422161510505939|1521000.0|-0.109928460756309
1782422161610742650|1536000.0|0.149645771996649
1782422161711087792|1526000.0|-0.0996560451327081
1782422161810463845|1524000.0|-0.0201255729083947
1782422161910371787|1531000.0|0.0700644999773892
1782422162010448177|1530000.0|-0.00999236683097782
1782422162110356311|1524000.0|-0.0600551702827319
1782422162210368557|1529000.0|0.0499938777497308
1782422162310494915|1528000.0|-0.00998738014619487
1782422162410333785|1530000.0|0.0200322780095568
1782422162510363215|1528000.0|-0.0199941157317401
1782422162610355717|1525000.0|-0.0300022495686727
1782422162710308075|1509000.0|-0.160076263533473
1782422162810388817|1517000.0|0.0799354585120882
1782422162910636279|1520000.0|0.0299259446588284
1782422163010303805|1529000.0|0.0903002247692995
1782422163110638451|1533000.0|0.0398665880577283
1782422163210447961|1531000.0|-0.0200381707113881
1782422163310353519|1532000.0|0.0100094531277229
1782422163410514549|1538000.0|0.0599035373338313
1782422163510655291|1538000.0|0.0
1782422163610431697|1530000.0|-0.0801792760504923
1782422163710377303|1525000.0|-0.0500272118015874
1782422163810722781|1524000.0|-0.00996557114412271
1782422163910420707|1519000.0|-0.0501514946258762
1782422164010593369|1528000.0|0.0898448720470262
1782422164110356286|1530000.0|0.020047529283852
1782422164210363236|1533000.0|0.0299979151448974
1782422164310709946|1535000.0|0.0199308975849831
1782422164410360656|1548000.0|0.13045566860487
1782422164510375702|1539000.0|-0.0899864606371325
1782422164610409772|1535000.0|-0.0399863766414782
1782422164710403794|1526000.0|-0.0900053805216476
1782422164810419832|1531000.0|0.049991982285881
1782422164910459917|1538000.0|0.0699719517431438
1782422165010342275|1537000.0|-0.0100117780559406
1782422165110520121|1535000.0|-0.0199644939460966
1782422165210402671|1533000.0|-0.0200235176214464
1782422165310379893|1540000.0|0.0700159482326884
1782422165410428267|1533000.0|-0.0699661545723872
1782422165510746113|1534000.0|0.00996831610598976
1782422165610369686|1527000.0|-0.07026449452882
1782422165710557308|1526000.0|-0.00998127293609185
1782422165810356722|1525000.0|-0.0100200989156109
1782422165911089305|1539000.0|0.138981842647676
1782422166010368910|1530000.0|-0.0906530601123967
1782422166110343076|1530000.0|0.0
1782422166210531146|1529000.0|-0.0099812283039288
1782422166310712576|1532000.0|0.0299456695716961
1782422166410633158|1536000.0|0.0400317924489271
1782422166510623707|1531000.0|-0.0500047259466492
1782422166610655857|1546000.0|0.149951790499354
1782422166710840423|1539000.0|-0.0698710418129675
1782422166810344877|1522000.0|-0.170846623609432
1782422166910350339|1526000.0|0.0399978153193273
1782422167010471017|1529000.0|0.0299638402368789
1782422167110370767|1537000.0|0.0800802804811824
1782422167210532341|1534000.0|-0.0299516059921343
1782422167310557291|1536000.0|0.0199950112446944
1782422167410545808|1526000.0|-0.100011484318744
1782422167510488918|1540000.0|0.140079691336401
1782422167610519356|1535000.0|-0.0499847856309497
1782422167710676994|1531000.0|-0.0399370440425123
1782422167810424504|1527000.0|-0.0401012516502918
1782422167910340269|1525000.0|-0.0200168612030344
1782422168010760740|1538000.0|0.129455676422788
1782422168110423049|1539000.0|0.0100338835216029
1782422168210457535|1531000.0|-0.0799724207109936
1782422168310312612|1532000.0|0.0100145133331578
1782422168410706891|1521000.0|-0.109567996399476
1782422168510357776|1534000.0|0.130455439507637
1782422168610303110|1528000.0|-0.0600328175400364
1782422168710401404|1522000.0|-0.0599410815133373
1782422168810478674|1522000.0|0.0
1782422168910312935|1529000.0|0.0701162099051347
1782422169010758910|1535000.0|0.0597336030637365
1782422169110342643|1540000.0|0.050209003512652
1782422169210304425|1537000.0|-0.0300114697835219
1782422169310462862|1533000.0|-0.0399367254502983
1782422169410295492|1535000.0|0.0200335301193608
1782422169510500554|1531000.0|-0.0399181430574835
1782422169610521040|1527000.0|-0.039991807278361
1782422169710490789|1520000.0|-0.0700211821077994
1782422169810428411|1528000.0|0.0800499335475483
1782422169910345313|1526000.0|-0.020016633422041
1782422170010302070|1530000.0|0.0400173046830641
1782422170110347964|1523000.0|-0.0699678889370512
1782422170210383314|1518000.0|-0.0499823312459046
1782422170310296104|1534000.0|0.160139657795564
1782422170410357294|1526000.0|-0.0799510779354113
1782422170510669252|1528000.0|0.0199378024302945
1782422170610561722|1522000.0|-0.0600645874508859
1782422170711253376|1530000.0|0.079450477593704
1782422170810286341|1521000.0|-0.0908788300946054
1782422170910332363|1530000.0|0.0899585992534516
1782422171010514849|1524000.0|-0.0598907078428858
1782422171110555783|0.0|-15.2337642109579
1782422171210310124|1525000.0|15.2875552553648
1782422171310361714|1529000.0|0.0399793746406229
1782422171410319496|1525000.0|-0.0400168943324493
1782422171510408493|1525000.0|0.0
1782422171610606531|1519000.0|-0.059881412049206
1782422171710423016|1523000.0|0.0400735409586903
1782422171810410735|1517000.0|-0.0600073695050489
1782422171910418164|1521000.0|0.0399970286207438
1782422172010332826|1526000.0|0.0500427054439718
1782422172110290383|1527000.0|0.0100042461021731
1782422172210707349|1530000.0|0.0298754296161467
1782422172310311915|1523000.0|-0.0702779027218491
1782422172410281137|1526000.0|0.0300092362427308
1782422172510290038|1526000.0|0.0
1782422172610285820|1526000.0|0.0
1782422172710292242|1525000.0|-0.00999935784123944
1782422172810350760|1524000.0|-0.00999415162235363
1782422172910299245|1525000.0|0.010005154155163
1782422173010290803|1528000.0|0.0300025328138201
1782422173110313465|1529000.0|0.00999773431344989
1782422173210289022|1529000.0|0.0
1782422173310318564|1537000.0|0.0799763733797761
1782422173410289594|1522000.0|-0.150043467592562
1782422173510297807|1540000.0|0.179985217814061
1782422173610299509|1533000.0|-0.0699988086202773
1782422173710296170|1525000.0|-0.0800026712891943
1782422173810337008|1526000.0|0.00999591786706145
1782422173910314662|1526000.0|0.0
1782422174010317819|1530000.0|0.0399987372398653
1782422174110687410|1529000.0|-0.0099631769945142
1782422174210425623|1529000.0|0.0
1782422174310482493|1537000.0|0.0799545298588693
1782422174410654099|1531000.0|-0.0598972127890213
1782422174510793720|1527000.0|-0.0399442294673754
1782422174610839422|1529000.0|0.0199908637754374
1782422174710957348|1527000.0|-0.0199764425803227
1782422174811155290|1523000.0|-0.0399209796145314
1782422174910966047|1525000.0|0.02003792036163
1782422175010351189|1527000.0|0.0201237323784274
1782422175110471562|1527000.0|0.0
1782422175210417584|1532000.0|0.0500270035759902
1782422175310662326|1531000.0|-0.00997558555240733
1782422175410305627|1538000.0|0.07025058312751
1782422175510452561|1531000.0|-0.069897297105471
1782422175610875543|1537000.0|0.0597472797611208
1782422175710490284|1527000.0|-0.100386748985273
1782422175810691218|1526000.0|-0.009979946893509
1782422175910356599|1522000.0|-0.0401342969832223
1782422176010821597|1521000.0|-0.00995371542236033
1782422176111045843|1524000.0|0.0299328767212676
1782422176210303208|1532000.0|0.0805985530645509
1782422176310812542|1532000.0|0.0
1782422176410672851|1537000.0|0.0500699432043616
1782422176510296632|1533000.0|-0.0401510559010002
1782422176610495022|1524000.0|-0.0898218025259687
1782422176710368052|1522000.0|-0.0200254262837525
1782422176810782922|1520000.0|-0.0199173688120096
1782422176910642447|1522000.0|0.0200281345219697
1782422177010366260|1531000.0|0.0902492567146425
1782422177110509018|1537000.0|0.0599144673047651
1782422177210436880|1534000.0|-0.0300216570229432
1782422177310513525|1528000.0|-0.059954048219742
1782422177410436283|1528000.0|0.0
1782422177510352225|1525000.0|-0.0300252386150751
1782422177610754502|1526000.0|0.00995993347840109
1782422177710583644|1522000.0|-0.0400684601696767
1782422177810355889|1522000.0|0.0
1782422177910323767|1523000.0|0.0100032132321544
1782422178010528269|1527000.0|0.0399183661428705
1782422178110350290|1535000.0|0.0801426370640202
1782422178210782072|1532000.0|-0.0298710223024819
1782422178310340925|1526000.0|-0.0602658610379933
1782422178410306595|1536000.0|0.100034341789536
1782422178510787321|1528000.0|-0.0796172591348514
1782422178610721550|1533000.0|0.0500329071433573
1782422178711087876|1524000.0|-0.0896715099444808
1782422178810311577|1521000.0|-0.0302347117650852
1782422178910300847|1522000.0|0.0100010731151453
1782422179010598597|1527000.0|0.0498515669593785
1782422179110374666|1520000.0|-0.0701571035034463
1782422179210806192|1524000.0|0.0398281312583063
1782422179310438949|1534000.0|0.100368596645378
1782422179410307450|1520000.0|-0.14018434100658
1782422179510452960|1521000.0|0.0099854701423958
1782422179610714038|1529000.0|0.0797916814738417
1782422179710700027|1519000.0|-0.100014012963356
1782422179810744705|1519000.0|0.0
1782422179910371782|1522000.0|0.0301122956764053
1782422180010568300|1531000.0|0.0898234806922133
1782422180110376210|1534000.0|0.0300577379087489
1782422180210744488|1529000.0|-0.0498165366551372
1782422180311009405|1524000.0|-0.0498678914779334
1782422180410466146|1528000.0|0.040218490569684
1782422180510560776|1524000.0|-0.0399621837854838
1782422180610652829|1528000.0|0.0399632126638466
1782422180710563219|1522000.0|-0.0600538142229252
1782422180810747001|1521000.0|-0.00998165551386351
1782422180911095071|1513000.0|-0.0797225098599305
1782422181010316244|1525000.0|0.120941928392643
1782422181110330777|1526000.0|0.0099985469111774
1782422181210921071|1526000.0|0.0
1782422181310343060|1520000.0|-0.0603488228343531
1782422181410777402|1534000.0|0.139394550919645
1782422181511034624|1529000.0|-0.0498717189670386
1782422181610463445|1528000.0|-0.0100574460196003
1782422181710466058|1518000.0|-0.0999973870682759
1782422181810725727|1522000.0|0.0398964014134138
1782422181910791973|1516000.0|-0.0599602787137633
1782422182010742314|1519000.0|0.0300149051017245
1782422182110307631|1529000.0|0.100436580742268
1782422182210395221|1525000.0|-0.0399649946611763
1782422182310495274|1532000.0|0.0699300329041784
1782422182410465488|1528000.0|-0.0400119179498806
1782422182510530805|1516000.0|-0.119921670762308
1782422182610358827|1522000.0|0.0601033645643104
1782422182710452528|1519000.0|-0.0299719160149748
1782422182810654102|1518000.0|-0.00997988315033854
1782422182910413467|1529000.0|0.110265336993675
1782422183010354513|1532000.0|0.0300176966328729
1782422183110384790|1529000.0|-0.0299909196492578
1782422183210714972|1530000.0|0.00996709046137283
1782422183310357313|1524000.0|-0.0602153656747185
1782422183410384295|1526000.0|0.0199946050556639
1782422183510362556|1527000.0|0.0100021743726869
1782422183610448641|1523000.0|-0.0399655956170131
1782422183710731367|1516000.0|-0.0698026497604383
1782422183810439116|1513000.0|-0.0300879322829763
1782422183910317073|1519000.0|0.0600733152761625
1782422184010424039|1525000.0|0.0599358889769969
1782422184110963309|1520000.0|-0.0497318112614106
1782422184210306802|1527000.0|0.0704625918478626
1782422184310407495|1519000.0|-0.0799195266310494
1782422184410597165|1521000.0|0.0199621378132097
1782422184510308642|1520000.0|-0.010028935786399
1782422184610925272|1527000.0|0.0695710043160857
1782422184710688829|1515000.0|-0.120284404053476
1782422184810614674|1517000.0|0.0200148420060896
1782422184910531752|1517000.0|0.0
1782422185010363085|1520000.0|0.0300506855898639
1782422185111071827|1523000.0|0.0297888737404743
1782422185210760808|1522000.0|-0.0100311989346144
1782422185310427421|1521000.0|-0.0100334502186806
1782422185410374466|1531000.0|0.100052983057178
1782422185510359560|1519000.0|-0.120017889866664
1782422185610350573|1526000.0|0.070006291465414
1782422185710678162|1514000.0|-0.119608176769802
1782422185810308216|1518000.0|0.0401485278729248
1782422185910463517|1527000.0|0.0898604458290231
1782422186010518146|1525000.0|-0.0199890801653964
1782422186110733928|1522000.0|-0.0299354047848472
1782422186210498189|1526000.0|0.0400945184167705
1782422186310333058|1521000.0|-0.0500827020667498
1782422186410727128|1531000.0|0.0996074768161107
1782422186510731277|1519000.0|-0.119995021406562
1782422186610588339|1516000.0|-0.0300429427815531
1782422186710461752|1514000.0|-0.0200253494891578
1782422186811090766|1512000.0|-0.0198749835708417
1782422186910343779|1521000.0|0.0906773480015161
1782422187010624744|1525000.0|0.0398879288806206
1782422187110425518|1522000.0|-0.0300598871106952
1782422187210950883|1526000.0|0.0397909522636401
1782422187310466361|1519000.0|-0.0703408167320465
1782422187410464334|1523000.0|0.0400008108164353
1782422187510314067|1522000.0|-0.0100150493141529
1782422187610295401|1518000.0|-0.0400074677939384
1782422187710411454|1519000.0|0.00998840815268656
1782422187810378467|1514000.0|-0.0500164989425062
1782422187910450649|1525000.0|0.109920657071313
1782422188010353566|1523000.0|-0.0200194354685359
1782422188110514643|1520000.0|-0.0299517546122233
1782422188210767561|1525000.0|0.0498738600306876
1782422188310773294|1520000.0|-0.049997133664327
1782422188410408627|1529000.0|0.090329401518636
1782422188510550904|1527000.0|-0.0199715850279698
1782422188610468845|1526000.0|-0.0100082126392096
1782422188710408643|1518000.0|-0.0800481906117121
1782422188810953384|1515000.0|-0.0298374631051066
1782422188910366301|1523000.0|0.0804724400150133
1782422189010354882|1527000.0|0.0400045681216338
1782422189110789816|1521000.0|-0.0597401696903589
1782422189210469181|0.0|-15.2589254556347
1782422189310653267|1530000.0|15.271886594843
1782422189410689512|1527000.0|-0.0299891304396721
1782422189510426781|1519000.0|-0.0802107384753036
1782422189610358307|1525000.0|0.0600411125514085
1782422189710802792|1518000.0|-0.0696902373485214
1782422189810320141|1515000.0|-0.0301454975453576
1782422189910323538|1518000.0|0.0299989809346177
1782422190010647624|1525000.0|0.0697738726470929
1782422190110466204|1523000.0|-0.0200363499460722
1782422190210567218|1523000.0|0.0
1782422190310530119|1522000.0|-0.0100037112768466
1782422190410309068|1524000.0|0.0200443081435945
1782422190510832194|1527000.0|0.0298438789100132
1782422190610299270|1524000.0|-0.0301607337889374
1782422190710512380|1518000.0|-0.0598724059157529
1782422190811065906|1519000.0|0.00994495210441452
1782422190911000167|1513000.0|-0.0600394693467539
1782422191010991884|1521000.0|0.0800066269489102
1782422191110462849|1530000.0|0.0904786637990292
1782422191210569398|1527000.0|-0.0299680693218183
1782422191310694684|1523000.0|-0.0399499483077631
1782422191410304705|1520000.0|-0.0301174517371099
1782422191510398742|1535000.0|0.149859077019743
1782422191610327755|1526000.0|-0.0900639336846047
1782422191711026993|1522000.0|-0.0397222469548379
1782422191810344230|1520000.0|-0.0201374913399977
1782422191910575275|1520000.0|0.0
1782422192010379840|1530000.0|0.100195817696315
1782422192110619205|1530000.0|0.0
1782422192210318474|1521000.0|-0.0902714743073994
1782422192310680880|1525000.0|0.0398555610554016
1782422192410546325|1521000.0|-0.0400538945177684
1782422192510366202|1529000.0|0.0801443584227218
1782422192610678447|1521000.0|-0.0797509815476665
1782422192710431877|1524000.0|0.0300741538411261
1782422192810361018|1514000.0|-0.100070909245582
1782422192910320575|1513000.0|-0.010004045936298
1782422193010431460|1518000.0|0.0499446189093224
1782422193110767162|1515000.0|-0.0298996263563293
1782422193210429183|1517000.0|0.0200678250343729
1782422193310426836|1524000.0|0.0700016429385598
1782422193410594281|1522000.0|-0.0199665669819171
1782422193510638686|1520000.0|-0.0199911229418577
1782422193610327171|1520000.0|0.0
1782422193710680377|1519000.0|-0.00996480371538902
1782422193810985358|1513000.0|-0.0598175677835979
1782422193910365443|1517000.0|0.04024951276707
1782422194010668056|1520000.0|0.0299094899950413
1782422194110375373|1513000.0|-0.0702054795035754
1782422194210355506|1520000.0|0.0700139096634328
1782422194310737896|1520000.0|0.0
1782422194410470973|1521000.0|0.0100267637385739
1782422194510476658|1523000.0|0.0199988630646348
1782422194610371671|1529000.0|0.0600630584031257
1782422194710358924|1510000.0|-0.190024222387628
1782422194810375426|1518000.0|0.0799868005781686
1782422194910490631|1513000.0|-0.049942463784597
1782422195010367484|1520000.0|0.0700863091871747
1782422195110347185|1527000.0|0.0700142121849314
1782422195210358150|1523000.0|-0.0399956144808722
1782422195310346523|1522000.0|-0.0100011628352028
1782422195410394865|1522000.0|0.0
1782422195510351141|1518000.0|-0.0400174972504978
1782422195610357563|1519000.0|0.00999935784123944
1782422195710344768|1515000.0|-0.0400051186549319
1782422195810353925|1519000.0|0.0399963375353719
1782422195910360634|1517000.0|-0.0199986582900153
1782422196010914047|1522000.0|0.0497248164018063
1782422196110534900|1528000.0|0.0602283539973303
1782422196210459337|1517000.0|-0.110083182154932
1782422196310370046|1516000.0|-0.0100089370800081
1782422196410356804|1522000.0|0.0600079462522427
1782422196510313161|1516000.0|-0.0600261972332585
1782422196610964478|1517000.0|0.00993528976873696
1782422196710464691|1511000.0|-0.0603013784503155
1782422196810428216|1513000.0|0.0200072976618221
1782422196910370845|1513000.0|0.0
1782422197010571747|1524000.0|0.109779450887578
1782422197110596696|1520000.0|-0.0399900228891894
1782422197210663613|1521000.0|0.00999331277489043
1782422197310360930|1523000.0|0.020060720390299
1782422197410754135|1519000.0|-0.0398433340184727
1782422197511098221|1514000.0|-0.0498285469459555
1782422197610628465|1519000.0|0.0502359865610296
1782422197710685638|1504000.0|-0.149914289503262
1782422197810453387|1513000.0|0.0902095124948644
1782422197910371248|1511000.0|-0.0200164413047233
1782422198010393750|1510000.0|-0.00999775030622609
1782422198110336331|1522000.0|0.120068942386029
1782422198210306816|1518000.0|-0.0400118094855697
1782422198310640549|1515000.0|-0.0299002131217424
