1782407805076565194|1412000.0|
1782407805176411638|1410000.0|-0.0200307584314169
1782407805276292274|1407000.0|-0.0300358519943746
1782407805376185214|1410000.0|0.0300321524223834
1782407805477106523|1410000.0|0.0
1782407805576529894|1409000.0|-0.0100579973294207
1782407805676678099|1408000.0|-0.00998520143221738
1782407805776714319|1410000.0|0.0199927586228268
1782407805876171578|1406000.0|-0.0402182811010305
1782407805976006326|1411000.0|0.0500827627671279
1782407806076148402|1410000.0|-0.00998581255695159
1782407806176603342|1409000.0|-0.00995471203307672
1782407806276866635|1412000.0|0.02992121952348
1782407806376034150|1413000.0|0.0100839473490891
1782407806476141298|1410000.0|-0.0299678900052172
1782407806578296224|1411000.0|0.00978905314854812
1782407806676562298|1406000.0|-0.0508822607485061
1782407806776015174|1405000.0|-0.0100550133914679
1782407806876019250|1410000.0|0.0499979620830655
1782407806976150446|1408000.0|-0.0199737951796761
1782407807076792747|1407000.0|-0.00993617981766931
1782407807176585447|1408000.0|0.0100207730625587
1782407807276453251|1408000.0|0.0
1782407807376517919|1410000.0|0.0199870747584952
1782407807476035690|1405000.0|-0.0502422828582043
1782407807576080887|1408000.0|0.0299864470255379
1782407807676038690|1409000.0|0.0100042214813385
1782407807776091134|1406000.0|-0.0299842750467945
1782407807876039546|1408000.0|0.0200103229253908
1782407807976129542|1413000.0|0.0499550424599877
1782407808076121139|1407000.0|-0.0600050422236981
1782407808176748879|1407000.0|0.0
1782407808276243563|1404000.0|-0.0301523647233253
1782407808376586407|1406000.0|0.019931665480799
1782407808476240754|1414000.0|0.0802774815232094
1782407808576125374|1408000.0|-0.0600693079675329
1782407808676037498|1413000.0|0.0500439766449165
1782407808776127782|1412000.0|-0.00999097974384806
1782407808876049330|1411000.0|-0.0100078513595486
1782407808976123422|1407000.0|-0.0399703851422404
1782407809076420442|1410000.0|0.0299111578788682
1782407809177057383|1411000.0|0.00993670902616168
1782407809276492115|1411000.0|0.0
1782407809376122878|1411000.0|0.0
1782407809476478906|1414000.0|0.0298935705187535
1782407809576180678|1411000.0|-0.0300897360179316
1782407809676772722|1407000.0|-0.039764576212409
1782407809776145934|1408000.0|0.0100630741411478
1782407809876145082|1409000.0|0.0100000852007259
1782407809976136006|1406000.0|-0.0300027230471438
1782407810076734754|1408000.0|0.0198809631308732
1782407810176000894|1411000.0|0.0302217855957731
1782407810276015978|1410000.0|-0.00999849182749274
1782407810376528199|1407000.0|-0.0298471167998566
1782407810476623603|1409000.0|0.0199809373864958
1782407810576020863|1405000.0|-0.0402425579940534
1782407810676767868|1411000.0|0.0595551202737987
1782407810776135271|1416000.0|0.050318312133004
1782407810876180883|1414000.0|-0.0199908817590121
1782407810976142351|1408000.0|-0.060023128111724
1782407811076192715|1412000.0|0.0399798645410226
1782407811176120056|1417000.0|0.0500363559158449
1782407811276022867|1417000.0|0.0
1782407811376099039|1415000.0|-0.0199847771955146
1782407811476014731|1406000.0|-0.0900759412245276
1782407811576018968|1411000.0|0.049997881589757
1782407811676096212|1413000.0|0.0199845631240604
1782407811776104128|1411000.0|-0.0199984169253162
1782407811876628029|1406000.0|-0.0497394147089457
1782407811976118360|1407000.0|0.0100512279932007
1782407812076383717|1409000.0|0.0199470690559652
1782407812176977457|1408000.0|-0.00994097644644687
1782407812276202669|1412000.0|0.0403123351351469
1782407812376242281|1416000.0|0.0399841614739569
1782407812476992150|1408000.0|-0.0794045697468847
1782407812576010705|1409000.0|0.0100991172816044
1782407812676020765|1410000.0|0.00999899410119342
1782407812776026201|1410000.0|0.0
1782407812876016389|1409000.0|-0.0100009812962848
1782407812976028657|1411000.0|0.0199975467009707
1782407813076120637|1412000.0|0.00999081045254575
1782407813176353690|1414000.0|0.0199534977748308
1782407813276187990|0.0|-14.1634688679141
1782407813376136978|1411000.0|14.1172014668123
1782407813476127950|1413000.0|0.0200018057630243
1782407813576140554|1413000.0|0.0
1782407813676147318|1412000.0|-0.0099993236457486
1782407813776140834|1416000.0|0.0400025937681799
1782407813876583343|1414000.0|-0.019911888103074
1782407813976226506|1413000.0|-0.0100358114886417
1782407814076025190|1413000.0|0.0
1782407814176034194|1409000.0|-0.0399963987242589
1782407814276127374|1410000.0|0.00999069067442957
1782407814376258651|1413000.0|0.0299606685331697
1782407814476730695|1413000.0|0.0
1782407814576803844|1412000.0|-0.00999269044686502
1782407814676577808|1410000.0|-0.0200453096160437
1782407814776840188|1413000.0|0.0299214919893184
1782407814877003689|1409000.0|-0.0399347063557613
1782407814976069988|1415000.0|0.060565500685556
1782407815076120401|1409000.0|-0.0599697674411399
1782407815176150700|1408000.0|-0.00999697101775133
1782407815276203209|1410000.0|0.0199895037114961
1782407815376152997|1413000.0|0.0300150711675346
1782407815476248273|1409000.0|-0.0399619258755029
1782407815576165565|1407000.0|-0.0200165552925514
1782407815677207530|1414000.0|0.0692781459663814
1782407815776596277|1414000.0|0.0
1782407815876964434|1414000.0|0.0
1782407815976041661|1414000.0|0.0
1782407816076195657|1413000.0|-0.00998462407830437
1782407816176123013|1412000.0|-0.0100072696809871
1782407816276223922|1411000.0|-0.00998991927236145
1782407816376113518|1411000.0|0.0
1782407816476143690|1408000.0|-0.029990951130225
1782407816576738630|1414000.0|0.0596451471614775
1782407816677401571|1410000.0|-0.0397365699855719
1782407816776774095|1415000.0|0.0503157190613373
1782407816876931227|1411000.0|-0.0399372458069187
1782407816976227782|1411000.0|0.0
1782407817076927619|1412000.0|0.00993050266804305
1782407817176240654|1412000.0|0.0
1782407817276185306|1411000.0|-0.0100055378650976
1782407817376030214|1412000.0|0.0100155332908915
1782407817476686003|1406000.0|-0.0596090901438366
1782407817576746063|1412000.0|0.0599639856302305
1782407817677314300|1412000.0|0.0
1782407817776212087|1412000.0|0.0
1782407817876405507|1410000.0|-0.0199613906781503
1782407817976073535|1418000.0|0.0802664621798276
1782407818076026523|1418000.0|0.0
1782407818176131143|1412000.0|-0.0599372936034321
1782407818276124420|1412000.0|0.0
1782407818376423904|1411000.0|-0.0099701410228591
1782407818477002188|1418000.0|0.0695975286275514
1782407818576193224|1420000.0|0.0201631123199479
1782407818676121940|1417000.0|-0.0300214004551004
1782407818776130832|1417000.0|0.0
1782407818876176444|1415000.0|-0.0199908817590121
1782407818976146408|1416000.0|0.0100030045024324
1782407819076914085|1415000.0|-0.00992381713830716
1782407819176011952|1414000.0|-0.0100910345527417
1782407819276292717|1416000.0|0.0199440042165614
1782407819376012249|1418000.0|0.0200562513670842
1782407819476014357|1416000.0|-0.0199995784088871
1782407819576007009|1415000.0|-0.0100007348539971
1782407819676009485|1421000.0|0.0599985144367825
1782407819775981001|1418000.0|-0.0300085476347083
1782407819876013445|1422000.0|0.0399870266090869
1782407819976022929|1412000.0|-0.0999905168993773
1782407820076089245|1421000.0|0.089940355154076
1782407820176028505|1418000.0|-0.0300182330747696
1782407820276639254|1417000.0|-0.00993929584998915
1782407820376030113|1425000.0|0.080490299414758
1782407820476715374|1419000.0|-0.0595916417200329
1782407820577024459|1417000.0|-0.0199383734783345
1782407820676118054|1418000.0|0.0100914695848909
1782407820776020450|1417000.0|-0.0100097699358482
1782407820876021582|1421000.0|0.0399995472051256
1782407820976229658|1421000.0|0.0
1782407821076014710|1413000.0|-0.0801723288173463
1782407821176383827|1416000.0|0.0298896721388911
1782407821276196335|1414000.0|-0.0200375688385668
1782407821376119771|1419000.0|0.0500383113326888
1782407821476764440|1412000.0|-0.069551622252342
1782407821576044723|1411000.0|-0.0100724934476667
1782407821677438529|1408000.0|-0.0295876061699469
1782407821776043643|1415000.0|0.0709902328189591
1782407821876953672|1418000.0|0.0297294533529467
1782407821976040355|1417000.0|-0.0100921735365791
1782407822076069631|1419000.0|0.0199941465136667
1782407822176443627|1419000.0|0.0
1782407822276142999|1418000.0|-0.0100301534497128
1782407822376195923|1417000.0|-0.00999471039946818
1782407822476276831|1416000.0|-0.00999191574081242
1782407822576785804|1417000.0|0.00994936044167917
1782407822676184040|1416000.0|-0.0100605407122114
1782407822776419493|1418000.0|0.0199530200157822
1782407822876995777|1416000.0|-0.0198854036007137
1782407822976120444|1421000.0|0.0504415313697851
1782407823076257049|1417000.0|-0.0399454325418762
1782407823176491093|1414000.0|-0.0299299507460759
1782407823276649713|1417000.0|0.029952489361375
1782407823376712397|1420000.0|0.0299812065804671
1782407823476962505|1419000.0|-0.0099750515979494
1782407823576040100|1415000.0|-0.0403723970086274
1782407823677123969|1415000.0|0.0
1782407823776643373|1419000.0|0.0401931667516819
1782407823876037001|1420000.0|0.0100610071301553
1782407823976118805|1421000.0|0.00999182628642465
1782407824076188545|1424000.0|0.0299790925808341
1782407824177008606|1420000.0|-0.0396746437199636
1782407824276711850|1422000.0|0.0200595278524739
1782407824376118181|1419000.0|-0.0301791643431644
1782407824477134050|1419000.0|0.0
1782407824577239391|1421000.0|0.0199789539700984
1782407824676749515|1420000.0|-0.0100492287598797
1782407824776504422|1417000.0|-0.0300737085545075
1782407824876608146|1418000.0|0.00998963834752042
1782407824976239150|1420000.0|0.0200740725246531
1782407825076973163|1415000.0|-0.0496356677461068
1782407825176478822|1416000.0|0.0100496796870618
1782407825276035330|1416000.0|0.0
1782407825377132031|1417000.0|0.00989151960557051
1782407825476653979|1418000.0|0.0100480348314726
1782407825576103591|1415000.0|-0.0301660302103542
1782407825677075140|1424000.0|0.0891340193265729
1782407825776104303|1416000.0|-0.0807842837165048
1782407825876785564|1423000.0|0.0695263441326981
1782407825976687928|1420000.0|-0.0300293194263151
1782407826076710900|1419000.0|-0.00999770332759159
1782407826177190848|1420000.0|0.00995223444980286
1782407826276024971|1415000.0|-0.0505898150176331
1782407826376135975|1418000.0|0.0299667357246762
1782407826476814916|1415000.0|-0.0297976912570028
1782407826576156304|1420000.0|0.0503314892278332
1782407826676966429|1421000.0|0.00991963852837203
1782407826776104296|1417000.0|-0.0403478521481605
1782407826877138581|1415000.0|-0.0197952605890169
1782407826976736944|1418000.0|0.0301209769883467
1782407827077070477|1421000.0|0.0299002727233775
1782407827176087528|1418000.0|-0.0302978120404737
1782407827276741268|1414000.0|-0.0397402024008248
1782407827377263537|1414000.0|0.0
1782407827476439148|1422000.0|0.0806649933318787
1782407827576990217|1414000.0|-0.0795615609019532
1782407827676122532|1415000.0|0.0100875279670408
1782407827776417681|1414000.0|-0.00997057195657589
1782407827876122253|1426000.0|0.120355564035719
1782407827977421466|1417000.0|-0.0888457050500481
1782407828076463350|1411000.0|-0.0605804308003672
1782407828176108114|1415000.0|0.0401426009699817
1782407828276790350|1415000.0|0.0
1782407828376753578|1413000.0|-0.0200073571053548
1782407828476226534|1415000.0|0.0201059672942664
1782407828577470900|1414000.0|-0.00987709281521897
1782407828676403679|1407000.0|-0.0707551134290891
1782407828776055834|1413000.0|0.0602094355109531
1782407828876042662|1421000.0|0.0800105389881955
1782407828976932195|1422000.0|0.00991183099241821
1782407829076002798|1421000.0|-0.010093811582029
1782407829176014027|1416000.0|-0.0499943861303814
1782407829276153719|1419000.0|0.0299581508599008
1782407829376002243|1416000.0|-0.0300455117393623
1782407829476060496|1417000.0|0.0099941780914364
1782407829575999004|1422000.0|0.0500307649179634
1782407829676578633|1421000.0|-0.0099423711336219
1782407829776000053|1424000.0|0.0301745841087363
1782407829876669825|1417000.0|-0.0695342788697286
1782407829976328669|1421000.0|0.0401369295433529
1782407830075982137|1415000.0|-0.0602086422120302
1782407830176116469|1413000.0|-0.0199731696417568
1782407830276124753|1421000.0|0.0799933733489518
1782407830376084445|1421000.0|0.0
1782407830476076297|1416000.0|-0.0500040743319766
1782407830576129925|1415000.0|-0.00999464007442089
1782407830676012385|1416000.0|0.0100117678319096
1782407830776017502|1420000.0|0.0399979533047294
1782407830876213339|1413000.0|-0.069863182040188
1782407830977772040|1411000.0|-0.0196930443212345
1782407831076993860|1416000.0|0.050392141567248
1782407831176096143|1421000.0|0.0504529244800546
1782407831276442155|1416000.0|-0.0498275905573607
1782407831376871272|1419000.0|0.0298718149637819
1782407831476967764|1417000.0|-0.0199807202034613
1782407831577066369|1417000.0|0.0
1782407831676446476|1419000.0|0.020124751928472
1782407831776817945|1417000.0|-0.0199259811570557
1782407831876661557|1412000.0|-0.0500783164775729
1782407831977036081|0.0|-14.0673145309262
1782407832076455853|1410000.0|14.1822896153896
1782407832176323033|1416000.0|0.0600797979876872
1782407832276523237|1415000.0|-0.0099800196015569
1782407832376319649|1411000.0|-0.0400816013305168
1782407832476571934|1416000.0|0.0498741749377583
1782407832576140250|1420000.0|0.0401734222360454
1782407832676448662|1413000.0|-0.0697847753785595
1782407832776471858|1414000.0|0.00999768093792964
1782407832876847838|1416000.0|0.0199250856629245
1782407832976466746|1413000.0|-0.0301147649600817
1782407833076182950|1407000.0|-0.0601707622163395
1782407833176135154|1408000.0|0.01000478188555
1782407833276504062|1414000.0|0.0597794687573965
1782407833376132266|1412000.0|-0.0200746366962512
1782407833476840327|1412000.0|0.0
1782407833576068419|1412000.0|0.0
1782407833676743920|1412000.0|0.0
1782407833776753772|1409000.0|-0.029997044691157
1782407833876513176|1407000.0|-0.0200482352520871
1782407833976126115|1410000.0|0.0301165694950532
1782407834076128095|1411000.0|0.00999980200392032
1782407834176135179|1408000.0|-0.0299978749505385
1782407834276788712|1408000.0|0.0
1782407834376090372|1410000.0|0.0201406502167235
1782407834476602801|1410000.0|0.0
1782407834576840205|1414000.0|0.0399052633086946
1782407834676450473|1406000.0|-0.0803130054825272
1782407834777066325|1411000.0|0.0496939587610906
1782407834876043729|1407000.0|-0.0404132644254844
1782407834976789582|1405000.0|-0.019851933756519
1782407835076044601|1406000.0|0.0100750572623436
1782407835176161286|1409000.0|0.0299650352985619
1782407835276191346|1408000.0|-0.00999699490333206
1782407835377249471|1411000.0|0.029685886216472
1782407835476420826|1415000.0|0.0403342275599643
1782407835576621670|1411000.0|-0.0399198234298306
1782407835676122930|1409000.0|-0.0201002479767593
1782407835776689871|1416000.0|0.0696053785706776
1782407835876035978|1409000.0|-0.0704607378324346
1782407835976741191|1413000.0|0.0397198901709289
1782407836076044419|1408000.0|-0.0503508304886121
1782407836176638448|1412000.0|0.039763791546713
1782407836276025243|1410000.0|-0.0201233976807482
1782407836376237256|1410000.0|0.0
1782407836476028964|1413000.0|0.0300626180283436
1782407836576387057|1411000.0|-0.0199286369461006
1782407836676034013|1407000.0|-0.0401417179266369
1782407836776076121|1411000.0|0.0399831638893495
1782407836876068165|1413000.0|0.0200015913266059
1782407836976120113|1416000.0|0.0299844236915807
1782407837076268830|1410000.0|-0.0599109023034214
1782407837176632394|1410000.0|0.0
1782407837276027893|1412000.0|0.0201216354877397
1782407837377218595|1409000.0|-0.0296469926653933
1782407837477152687|1415000.0|0.0600395708803758
1782407837576449851|1417000.0|0.0201415621497508
1782407837676588039|1415000.0|-0.019972400539143
1782407837776027091|1409000.0|-0.0603384674262582
1782407837876948512|1412000.0|0.0297260974951988
1782407837976107483|1412000.0|0.0
1782407838077116344|1414000.0|0.019800243069764
1782407838176594708|1415000.0|0.0100524371309524
1782407838276443856|1416000.0|0.0100151079907061
1782407838376483676|1412000.0|-0.039984078340005
1782407838476974249|1413000.0|0.00995118218700972
1782407838577083141|1411000.0|-0.0199782452891397
1782407838676034161|1415000.0|0.0404240400957969
1782407838776135485|1412000.0|-0.0299696335684831
1782407838876867466|1412000.0|0.0
1782407838976167509|1415000.0|0.0302114672800293
1782407839076701282|1413000.0|-0.0198938122017961
1782407839176478302|1413000.0|0.0
1782407839276598970|1411000.0|-0.0199758954864344
1782407839376101238|1408000.0|-0.0301500665291368
1782407839476155922|1413000.0|0.0499726729435276
1782407839576160542|1414000.0|0.00999953802134341
1782407839676115722|1412000.0|-0.0200089680194663
1782407839776848391|1415000.0|0.0297817979984229
1782407839876827267|1418000.0|0.030006338538953
1782407839976657247|1413000.0|-0.0500851547801572
1782407840076757179|1415000.0|0.0199800335528699
1782407840176192535|1416000.0|0.0100567850332833
1782407840276018307|1415000.0|-0.0100174532083759
1782407840376907296|1416000.0|0.00991188443765652
1782407840476014027|1414000.0|-0.0201802640428126
1782407840576103815|1411000.0|-0.0299730877639585
1782407840676318884|1409000.0|-0.0199570785108176
1782407840776759713|1415000.0|0.0597366634638191
1782407840876021644|1414000.0|-0.0100743556963445
1782407840976098952|1409000.0|-0.0499613758595505
1782407841076724437|1409000.0|0.0
1782407841176211073|1409000.0|0.0
1782407841276013245|1408000.0|-0.0100198220134929
1782407841376423978|1409000.0|0.00995909471151854
1782407841476926886|1413000.0|0.0397998434035361
1782407841576015970|1413000.0|0.0
1782407841676713039|1411000.0|-0.0198615512830865
1782407841777242491|1412000.0|0.00994733364308004
1782407841876013862|1411000.0|-0.0101243912064357
1782407841976015058|1413000.0|0.0199997608028608
1782407842076025934|1408000.0|-0.0499945625913726
1782407842176598027|1415000.0|0.069601812900523
1782407842276074439|1412000.0|-0.0301579031620079
1782407842376017379|1410000.0|-0.0200114185154049
1782407842476279407|1411000.0|0.00997386567923801
1782407842576132907|1413000.0|0.0200293429874767
1782407842677127432|1412000.0|-0.00990152684019257
1782407842776027572|1412000.0|0.0
1782407842877294177|1411000.0|-0.00987492372238607
1782407842976124620|1412000.0|0.0101183397508397
1782407843076030920|1411000.0|-0.0100093787879243
1782407843176124389|1407000.0|-0.0399626473131828
1782407843276761570|1415000.0|0.0794934826324279
1782407843376795566|1410000.0|-0.0499830077766762
1782407843477467099|1412000.0|0.0198665892968969
1782407843576832999|1409000.0|-0.030191443946062
1782407843676151858|1409000.0|0.0
1782407843776755487|1407000.0|-0.0198799985634713
1782407843877074124|1411000.0|0.0398729500282186
1782407843976096343|1413000.0|0.0201974871922432
1782407844076881188|1411000.0|-0.019844253369641
1782407844176872976|1412000.0|0.0100008212674425
1782407844276952204|1411000.0|-0.00999208347210672
1782407844377045129|1411000.0|0.0
1782407844477105173|1408000.0|-0.0299819976093554
1782407844576595057|1413000.0|0.0502563657627744
1782407844676559165|1406000.0|-0.0700251334208874
1782407844776790809|1412000.0|0.0598613348095937
1782407844876411173|1411000.0|-0.0100381082727222
1782407844976039105|1411000.0|0.0
1782407845076134541|1416000.0|0.0499523274967302
1782407845176258681|1411000.0|-0.0499380069581621
1782407845276759846|1416000.0|0.0497506670693817
1782407845377116099|1411000.0|-0.0498225058283115
1782407845476011647|1410000.0|-0.0101116786369392
1782407845576470012|1405000.0|-0.0497718631992468
1782407845676670840|1409000.0|0.0399198298042008
1782407845776876996|1410000.0|0.00997942681285968
1782407845876956641|1410000.0|0.0
1782407845976017884|1407000.0|-0.0302842959481136
1782407846076066360|1411000.0|0.0399806189951359
1782407846176543557|1408000.0|-0.0298575208064373
1782407846276154209|1409000.0|0.010039086984392
1782407846376034749|1413000.0|0.040047841151039
1782407846476747162|1412000.0|-0.0099292626421333
1782407846576022406|1409000.0|-0.0302190141179608
1782407846676478562|1405000.0|-0.0398183661337788
1782407846776804735|1409000.0|0.0398699549717699
1782407846876676267|1409000.0|0.0
1782407846976780231|1410000.0|0.009989614397288
1782407847076741411|1412000.0|0.0200077670151553
1782407847176458111|1414000.0|0.0200568209738188
1782407847276283595|1410000.0|-0.0400699284363099
1782407847376019943|1407000.0|-0.0300793046883971
1782407847476154964|1408000.0|0.0099865161060884
1782407847577022161|1411000.0|0.0297420775953554
1782407847676301420|1410000.0|-0.0100725973387855
1782407847777197673|1411000.0|0.00991117083406457
1782407847876137092|1411000.0|0.0
1782407847976021889|1414000.0|0.0300346007611148
1782407848076131581|1408000.0|-0.0599342569149049
1782407848176776314|1409000.0|0.00993593971777937
1782407848276676838|1408000.0|-0.010009957505328
1782407848376019345|1408000.0|0.0
1782407848476878526|1411000.0|0.0297444414108419
1782407848576133545|1415000.0|0.0403002290493743
1782407848676732566|1409000.0|-0.0596427275370801
1782407848776083330|1413000.0|0.0402613914473773
1782407848877047759|1418000.0|0.0495223916930189
1782407848976672699|1416000.0|-0.0200752943991735
1782407849076743671|1415000.0|-0.00999290783345244
1782407849176761908|1415000.0|0.0
1782407849277297361|1411000.0|-0.0397869595315794
1782407849376522540|1415000.0|0.0403123485420974
1782407849476164264|1414000.0|-0.0100359564232349
1782407849576018148|1415000.0|0.0100146329811267
1782407849676777793|1415000.0|0.0
1782407849776017741|1415000.0|0.0
1782407849876757146|1411000.0|-0.0397064088278068
1782407849976606662|1417000.0|0.0600904264773802
1782407850076833474|1415000.0|-0.0199547402545339
1782407850176820799|1417000.0|0.020002535321352
1782407850276755083|1418000.0|0.0100065759214325
1782407850377049207|1416000.0|-0.0199413477104601
1782407850476593556|0.0|-14.2248155141383
1782407850576013199|1417000.0|14.2527166387029
1782407850676023756|1414000.0|-0.0299968332343155
1782407850776010264|1414000.0|0.0
1782407850876023204|1413000.0|-0.00999870616742194
1782407850976015744|1413000.0|0.0
1782407851076011421|1409000.0|-0.0400017292747566
1782407851176019753|1405000.0|-0.0399966674776658
1782407851276744854|1413000.0|0.0794240950922452
1782407851377090995|1414000.0|0.00996550530029849
1782407851476024670|1415000.0|0.010107781804325
1782407851576818363|1409000.0|-0.0595275341285491
1782407851676834423|1408000.0|-0.00999839425788218
1782407851776763491|1412000.0|0.04002839293968
1782407851877037936|1411000.0|-0.00997263061391165
1782407851976018428|1410000.0|-0.0101030009024405
1782407852076028056|1410000.0|0.0
1782407852176651989|1412000.0|0.0198759871570514
1782407852276739185|1411000.0|-0.00999128799651855
1782407852376012940|1407000.0|-0.0402926231610762
1782407852476015481|1410000.0|0.0299992377193696
1782407852576016133|1408000.0|-0.0199998696008502
1782407852676978034|1412000.0|0.0396189053532183
1782407852776036590|1409000.0|-0.0302851174208516
1782407852876620378|1411000.0|0.0198839200607557
1782407852976043062|1410000.0|-0.0100580668290951
1782407853076477331|1410000.0|0.0
1782407853176220335|1414000.0|0.0401030632684775
1782407853276169531|1407000.0|-0.0700355808765085
1782407853376099976|1407000.0|0.0
1782407853476013652|1413000.0|0.0600518391496275
1782407853576449777|1411000.0|-0.0199131537581722
1782407853676559453|1414000.0|0.0299671332469401
1782407853776817498|1411000.0|-0.0299227857475178
1782407853876008613|1408000.0|-0.0302446443917885
1782407853976019793|1412000.0|0.0399955284999137
1782407854076128829|1411000.0|-0.00998910827590029
1782407854176539995|1414000.0|0.0298771552956571
1782407854276061030|1416000.0|0.0200962540230817
1782407854376718979|1415000.0|-0.00993463516726334
1782407854477268400|1416000.0|0.0099453581139965
1782407854576775324|1412000.0|-0.0401982077146712
1782407854676742297|1414000.0|0.0200066075822862
1782407854776584117|1415000.0|0.0100158430605532
1782407854876865201|1413000.0|-0.0199439407735162
1782407854976759021|1413000.0|0.0
1782407855076765034|1415000.0|0.019998797472308
1782407855176032774|1411000.0|-0.0402950646403353
1782407855276813283|1412000.0|0.0099225535763071
1782407855376034495|1410000.0|-0.0201569801425123
1782407855477120476|1411000.0|0.00989256858475756
1782407855576033992|1414000.0|0.0303295254411945
1782407855677112837|1411000.0|-0.0296798009514256
1782407855777452594|1413000.0|0.0199322786878984
1782407855876636093|1408000.0|-0.0504116113104661
1782407855977260778|1403000.0|-0.0496895965438302
1782407856076980471|1411000.0|0.0802248759430096
1782407856176967523|1413000.0|0.0200025899353448
1782407856276005694|1411000.0|-0.0201942339989296
1782407856376004154|1416000.0|0.0500007700118582
1782407856476005526|1410000.0|-0.0599991768112942
1782407856576109523|1417000.0|0.0699272777289802
1782407856675990607|1409000.0|-0.080095246062808
1782407856776106364|1412000.0|0.0299653130525697
1782407856876548089|1411000.0|-0.00995602176286797
1782407856976019269|1413000.0|0.0201063262746054
1782407857076011105|1411000.0|-0.0200016329333127
1782407857176712734|1412000.0|0.009930325953317
1782407857276969338|1411000.0|-0.00997440527708279
1782407857376008150|1410000.0|-0.0100970516488021
1782407857476020515|1409000.0|-0.00999876365287432
1782407857576074415|1406000.0|-0.0299838387109348
1782407857676727500|1408000.0|0.0198702305051057
1782407857776018727|1411000.0|0.0302141497355048
1782407857876118691|1409000.0|-0.0199800271656441
1782407857976021375|1408000.0|-0.0100097410796291
1782407858076063276|1411000.0|0.0299874349648754
1782407858176004664|1407000.0|-0.040023458549525
1782407858276360484|1407000.0|0.0
1782407858377775218|1411000.0|0.0394420006071307
1782407858476183165|1408000.0|-0.030485342814844
1782407858578040651|1405000.0|-0.0294529162049022
1782407858676205382|1413000.0|0.0814956646700331
1782407858777720964|1408000.0|-0.0492535224789432
1782407858876600879|1412000.0|0.0404531092082755
1782407858976551723|1408000.0|-0.0400196720700027
1782407859076437479|1407000.0|-0.0100114374666194
1782407859176033123|1409000.0|0.0200811995351925
1782407859277140673|1409000.0|0.0
1782407859376038876|1410000.0|0.0101114071809778
1782407859477352361|1408000.0|-0.0197407087516533
1782407859576838357|1409000.0|0.0100516659651274
1782407859676697537|1409000.0|0.0
1782407859776030541|1408000.0|-0.0100671474709453
1782407859876872107|1407000.0|-0.00991654572282227
1782407859976179254|1409000.0|0.0201395373889857
1782407860076452930|1408000.0|-0.00997270709413306
1782407860176131998|1407000.0|-0.0100321965289643
1782407860276837643|1408000.0|0.00992992994583372
1782407860376457079|1405000.0|-0.0301146053466916
1782407860476032387|1408000.0|0.0301279509976509
1782407860576530352|1405000.0|-0.0298513507213803
1782407860676609885|1409000.0|0.0399682120818849
1782407860776180105|1407000.0|-0.0200863270162504
1782407860876186069|1406000.0|-0.00999940363556717
1782407860976747762|1408000.0|0.0198882888735773
1782407861076162221|1410000.0|0.0201177979553256
1782407861176747962|1408000.0|-0.0198835339891765
1782407861276157687|1409000.0|0.0100593779934508
1782407861376979716|1408000.0|-0.00991846732225554
1782407861476228719|1413000.0|0.0503783398207033
1782407861576179499|1415000.0|0.0200098488476028
1782407861676921368|1406000.0|-0.089337234749933
1782407861776024260|1409000.0|0.0302715686642121
1782407861876992145|1405000.0|-0.0396165572845267
1782407861976790765|1406000.0|0.0100201786357366
1782407862076156425|1407000.0|0.0100638389560337
1782407862177104631|1408000.0|0.00990607004942713
1782407862276947715|1407000.0|-0.0100157162613286
1782407862376009566|1413000.0|0.0605682201516707
1782407862476016170|1410000.0|-0.0299980189308298
1782407862576008343|1406000.0|-0.0400031310450669
1782407862676017763|1407000.0|0.00999905808872804
1782407862776378464|1409000.0|0.0199281190752145
1782407862876671517|1410000.0|0.0099707803291221
1782407862976916777|1405000.0|-0.049877670026493
1782407863076016277|1406000.0|0.0100908682687602
1782407863176022481|1410000.0|0.0399975185539489
1782407863276537661|1410000.0|0.0
1782407863376636554|1413000.0|0.0299703614104903
1782407863476417846|1408000.0|-0.0501095936901679
1782407863576022866|1406000.0|-0.0200793092556982
1782407863676184479|1411000.0|0.0499193238830928
1782407863776794828|1410000.0|-0.00993933536598705
1782407863876182919|1407000.0|-0.0301847029137525
1782407863976111796|1406000.0|-0.0100071173620814
1782407864076418289|1408000.0|0.019938888701851
1782407864176602813|1401000.0|-0.0698710711047547
1782407864276734666|1405000.0|0.0399473282492835
1782407864376896134|1411000.0|0.0599032753793105
1782407864476018257|1405000.0|-0.0605313911607805
1782407864576730031|1403000.0|-0.019858651283414
1782407864676049786|1401000.0|-0.0201369808050775
1782407864776029686|1409000.0|0.0800160832327298
1782407864877409172|1407000.0|-0.0197278569749308
1782407864976631840|1409000.0|0.020156684357651
1782407865076144860|1408000.0|-0.0100489363100426
1782407865176163672|1411000.0|0.0299943574614743
1782407865277107078|1404000.0|-0.0693457876782957
1782407865376017041|1410000.0|0.0606612298500203
1782407865476866574|1406000.0|-0.039663049307328
1782407865576012426|1406000.0|0.0
1782407865676016103|1405000.0|-0.00999963231351983
1782407865776032291|1406000.0|0.00999838146200893
1782407865876457600|1408000.0|0.0199152984433436
1782407865976076956|1402000.0|-0.0602292590608596
1782407866076491864|1407000.0|0.0497934031867061
1782407866177098645|1406000.0|-0.00993968786259049
1782407866276782082|1405000.0|-0.0100317568303749
1782407866377243518|1408000.0|0.0298622050355721
1782407866476040442|1408000.0|0.0
1782407866576129542|1404000.0|-0.0399643917269713
1782407866676139922|1406000.0|0.0199979242154664
1782407866776144702|1407000.0|0.00999952202284731
1782407866876019786|1409000.0|0.0200250144470467
1782407866976130583|1410000.0|0.00998893256238885
1782407867076032675|1410000.0|0.0
1782407867176046271|1414000.0|0.0399945623393043
1782407867276030172|1412000.0|-0.0200032203184391
1782407867376127768|1410000.0|-0.0199804998313846
1782407867476148645|1411000.0|0.00999791273575816
1782407867576135537|1410000.0|-0.0100013109718422
1782407867676692894|1407000.0|-0.0298337196750308
1782407867776745178|1408000.0|0.00999477433218816
1782407867876199990|1406000.0|-0.0201096353186008
1782407867977166900|1412000.0|0.0594254097703891
1782407868076488975|1412000.0|0.0
1782407868176895435|1413000.0|0.0099595185409385
1782407868276882520|1410000.0|-0.0300038750004563
1782407868376998948|1407000.0|-0.0299651122191455
1782407868477110449|1407000.0|0.0
1782407868576755932|1408000.0|0.0100355778294536
1782407868676649161|1408000.0|0.0
1782407868776019109|1404000.0|-0.04025361872988
1782407868876130705|0.0|-14.024349387058
1782407868976027133|1406000.0|14.0745773212231
1782407869076762299|1409000.0|0.0297810597741011
1782407869176186182|1410000.0|0.0100579455340725
1782407869276929731|1413000.0|0.0297785816538983
1782407869376015599|1411000.0|-0.0201845130932294
1782407869476198172|1406000.0|-0.0499088798607718
1782407869575999720|1408000.0|0.0200397693230169
1782407869676175284|1416000.0|0.0798597949495947
1782407869776219809|1411000.0|-0.0499777474079666
1782407869876180718|1406000.0|-0.0500195531435193
1782407869976766219|1412000.0|0.0596507442956416
1782407870075986470|1407000.0|-0.0503929384335059
1782407870176504659|1403000.0|-0.0397937929422903
1782407870276662047|1404000.0|0.00998428593205725
1782407870376150971|1411000.0|0.0703595909832134
1782407870476203224|1409000.0|-0.0199895548579001
1782407870576299556|1404000.0|-0.0499518803546168
1782407870677177969|1407000.0|0.0297387707715029
1782407870776829309|1408000.0|0.0100349879891229
1782407870876032601|1412000.0|0.0403212425652165
1782407870976149397|1407000.0|-0.0499416701269585
1782407871076218722|1410000.0|0.0299792169078786
1782407871177139455|1409000.0|-0.00990876671496233
1782407871276153403|1408000.0|-0.0100995871813939
1782407871376886247|1406000.0|-0.019854497506295
1782407871476047043|1405000.0|-0.0100846306235783
1782407871576998256|1407000.0|0.0198115499612669
1782407871676043932|1406000.0|-0.0100963519093958
1782407871776737353|1407000.0|0.00993113542144923
1782407871876189269|1407000.0|0.0
1782407871976017217|1404000.0|-0.0300517045587274
1782407872076808302|1403000.0|-0.00992151240360196
1782407872176029913|1405000.0|0.0201568990852205
1782407872276018534|1406000.0|0.0100011380294964
1782407872376820595|1410000.0|0.0396817283329157
1782407872477081776|1406000.0|-0.0398957997512517
1782407872576010636|1410000.0|0.0404330950543653
1782407872677002041|1411000.0|0.00990183273517187
1782407872776739685|1407000.0|-0.0401052184469086
1782407872876788577|1410000.0|0.0299853395677785
1782407872976629197|1406000.0|-0.0400638537701388
1782407873076927450|1409000.0|0.0299107901709913
1782407873175995478|1412000.0|0.0302822218284188
1782407873276017314|1411000.0|-0.0099978168767068
1782407873376016255|1414000.0|0.0300003177033645
1782407873476019451|1415000.0|0.00999968041021409
1782407873576658728|1411000.0|-0.0397459135164494
1782407873676964980|1415000.0|0.0398778732157194
1782407873776156400|1416000.0|0.0100815171312196
1782407873876623693|1412000.0|-0.0398139521884003
1782407873976710521|1413000.0|0.00999132473256121
1782407874076723926|1418000.0|0.0499932983983497
1782407874176722514|1410000.0|-0.0800011296159502
1782407874276619247|1412000.0|0.0200206747501943
1782407874375999483|1418000.0|0.0603741774169262
1782407874476019943|1420000.0|0.0199959088370519
1782407874576017843|1418000.0|-0.0200004200088202
1782407874676533456|1419000.0|0.00994870319300545
1782407874776775549|1416000.0|-0.029927547502425
1782407874876544569|1417000.0|0.0100231514752776
1782407874976006485|1416000.0|-0.0100540995007577
1782407875076415090|1410000.0|-0.0597558346717395
1782407875176021038|1412000.0|0.0200791221825428
1782407875276743419|1415000.0|0.0297848399751392
1782407875377141176|1411000.0|-0.0398415275353213
1782407875477125876|1411000.0|0.0
1782407875576573423|1415000.0|0.0402222087991773
1782407875676129019|1411000.0|-0.0401785551060334
1782407875776769288|1408000.0|-0.0298091413090321
1782407875876084068|1410000.0|0.0201379895318703
1782407875977190034|1413000.0|0.029671839543079
1782407876076629262|1412000.0|-0.0100563934386136
1782407876176001641|1412000.0|0.0
1782407876276196534|1414000.0|0.0199610972187974
1782407876376019299|1418000.0|0.0400710198720703
1782407876476185567|1416000.0|-0.0199668015983185
1782407876576016748|1417000.0|0.0100169104480493
1782407876676200472|1417000.0|0.0
1782407876776014500|1418000.0|0.0100186318500241
1782407876876196961|1421000.0|0.0299453613941466
1782407876976056237|1419000.0|-0.0200281844623027
1782407877077086363|1417000.0|-0.019796075479506
1782407877176151286|1420000.0|0.0302831709665792
1782407877276665075|1424000.0|0.0397955349190945
1782407877376923760|1423000.0|-0.00997419824526923
1782407877476174523|1421000.0|-0.0201509785874392
1782407877576905880|1422000.0|0.009927395299559
1782407877676531061|1420000.0|-0.0200752458356889
1782407877776630786|1416000.0|-0.0399601497406711
1782407877876174110|1415000.0|-0.0100458771097497
1782407877976777066|1421000.0|0.059640394661962
1782407878076433702|1416000.0|-0.0501722735252673
1782407878176009186|1417000.0|0.0100426325821324
1782407878276597327|1417000.0|0.0
1782407878375995115|1417000.0|0.0
1782407878476023335|1416000.0|-0.00999717879614373
1782407878576178484|1413000.0|-0.0299535274017714
1782407878677079297|1413000.0|0.0
1782407878777280398|1414000.0|0.00997993026044694
1782407878876787978|1414000.0|0.0
1782407878976700966|1412000.0|-0.0200174175553633
1782407879075998210|1413000.0|0.0100707729612314
1782407879177076223|1418000.0|0.0494667420895977
1782407879276575995|1420000.0|0.0201005485721113
1782407879377037848|1412000.0|-0.0796322162204195
1782407879476148083|1414000.0|0.0201795505782021
1782407879576001824|1412000.0|-0.0200292946460564
1782407879675990732|1414000.0|0.0200022186460922
1782407879776011624|1413000.0|-0.0099979112363845
1782407879876017956|1415000.0|0.0199987336801834
1782407879976691953|1414000.0|-0.0099330515306748
1782407880076260045|1415000.0|0.0100433781537162
1782407880176208890|1414000.0|-0.0100051181181734
1782407880276065014|1413000.0|-0.0100144083301291
1782407880376062259|1415000.0|0.0200005510151805
1782407880476170448|1420000.0|0.0499459639610502
1782407880576692524|1418000.0|-0.0198961270955049
1782407880675992232|1413000.0|-0.0503526153369958
1782407880776054661|1415000.0|0.0199875219898969
1782407880876120801|1415000.0|0.0
1782407880976015421|1412000.0|-0.0300316473499774
1782407881076919514|1412000.0|0.0
1782407881177243975|1411000.0|-0.00996765883446909
1782407881276180450|1411000.0|0.0
1782407881377108751|1413000.0|0.0198160474335142
1782407881476036747|1413000.0|0.0
1782407881576130679|1415000.0|0.0199812312298811
1782407881677151109|1417000.0|0.0197979755184174
1782407881775993696|1414000.0|-0.0303512897735062
1782407881876015932|1413000.0|-0.00999777689432978
1782407881976389241|1414000.0|0.0099628079413024
1782407882076041589|1413000.0|-0.0100348864835578
1782407882176008658|1412000.0|-0.010003294184808
1782407882277091455|1412000.0|0.0
1782407882377094428|1412000.0|0.0
1782407882476785208|1412000.0|0.0
1782407882576603364|1412000.0|0.0
1782407882676704048|1416000.0|0.0399597669082861
1782407882776192317|1415000.0|-0.010051436315572
1782407882877090762|1419000.0|0.0396438220628673
1782407882976019365|1417000.0|-0.0202166000463991
1782407883076449794|1413000.0|-0.039828566300359
1782407883176118814|1412000.0|-0.0100332079115456
1782407883276129899|1411000.0|-0.00999889162286361
1782407883376414999|1413000.0|0.0199431421018676
1782407883476729508|1411000.0|-0.019937295411574
1782407883576818240|1409000.0|-0.0199822693327756
1782407883676653757|1412000.0|0.0300494261976928
1782407883776140985|1413000.0|0.0100515414903308
1782407883877236326|1415000.0|0.0197833053453967
1782407883977113794|1414000.0|-0.0100122682325107
1782407884076514462|1410000.0|-0.0402411782584801
1782407884176418394|1411000.0|0.0100096160379353
1782407884276675383|1413000.0|0.0199487339481141
1782407884376752883|1412000.0|-0.00999225600159876
1782407884476009199|1421000.0|0.090674330487946
1782407884576422171|1417000.0|-0.0398354905778508
1782407884676232488|1416000.0|-0.0100190043480174
1782407884776211044|1420000.0|0.0400085794397751
1782407884876926097|1415000.0|-0.049645011853392
1782407884976019372|1415000.0|0.0
1782407885076130121|1415000.0|0.0
1782407885176200133|1421000.0|0.0599580221895047
1782407885276626818|1422000.0|0.00995751278656664
1782407885376201902|1419000.0|-0.0301280187722463
1782407885476036458|1421000.0|0.0200331436341541
1782407885577338312|1416000.0|-0.0493574382162838
1782407885676802324|1412000.0|-0.0402155505249477
1782407885776689393|1414000.0|0.0200226117356592
1782407885876163453|1412000.0|-0.0201057441507866
1782407885976519353|1409000.0|-0.0298936086468259
1782407886076196246|1407000.0|-0.0200648308730891
1782407886176369874|1409000.0|0.0199653345888601
1782407886276195758|1413000.0|0.0400697678770368
1782407886376177899|1417000.0|0.0400071448760034
1782407886476204439|1419000.0|0.0199946934083694
1782407886576362884|1414000.0|-0.0499209028255181
1782407886676428800|1416000.0|0.0199868254841139
1782407886776562397|1410000.0|-0.0599199487460737
1782407886876657962|1409000.0|-0.00999045262394992
1782407886976167222|1405000.0|-0.0401972640536167
1782407887076194994|1409000.0|0.0399888942842794
1782407887176168718|1410000.0|0.0100026282906096
1782407887276387835|1408000.0|-0.0199562724145734
1782407887376204055|0.0|-14.1059238668826
1782407887476735380|1413000.0|14.0553205679921
1782407887576212864|1408000.0|-0.0502626302852613
1782407887676180220|1411000.0|0.0300097963979361
1782407887776211673|1416000.0|0.0499842784449007
1782407887876629638|1416000.0|0.0
1782407887976153122|1415000.0|-0.0100478797546919
1782407888076717951|1414000.0|-0.00994383433993608
1782407888176078603|1416000.0|0.0201286923922359
1782407888276556408|1416000.0|0.0
1782407888376424356|1415000.0|-0.010013222660788
1782407888476015361|1411000.0|-0.0401642698554955
1782407888576708766|1409000.0|-0.0198622739989774
1782407888676476186|1410000.0|0.0100233122195603
1782407888776163494|1413000.0|0.0300941018489535
1782407888876182243|1409000.0|-0.0399925018058364
1782407888976798784|1413000.0|0.0397548947742101
1782407889076003227|1411000.0|-0.0201603873729728
1782407889176259560|1416000.0|0.049872161193049
1782407889276437845|1418000.0|0.0199644064579464
1782407889376594962|1419000.0|0.00998431294702702
1782407889476587294|1417000.0|-0.0200015337176055
1782407889576126315|1416000.0|-0.010046311385763
1782407889676609575|1417000.0|0.00995190641704897
1782407889777101684|1417000.0|0.0
1782407889876574448|1418000.0|0.0100530030511668
1782407889976567452|1415000.0|-0.0300020989468423
1782407890076146200|1414000.0|-0.0100423034039351
1782407890176549542|1417000.0|0.0298794834936869
1782407890276546514|1419000.0|0.0200006056183381
1782407890376126238|1417000.0|-0.0200844099547816
1782407890476497995|1424000.0|0.0697407339397277
1782407890576133767|1419000.0|-0.0501827797349731
1782407890676819427|1415000.0|-0.0397276037123857
1782407890776021727|1416000.0|0.0100804114420734
1782407890876009612|1416000.0|0.0
1782407890976486457|1421000.0|0.0497627090102202
1782407891076124517|1414000.0|-0.0702542783350057
1782407891176056289|1421000.0|0.0700477922076675
1782407891276033197|1419000.0|-0.0200046194667273
1782407891376762970|1425000.0|0.0595653084614814
1782407891476737671|1422000.0|-0.0300075916206041
1782407891576806227|1422000.0|0.0
1782407891676628848|1429000.0|0.0701243859345268
1782407891776136396|1428000.0|-0.0100494889091228
1782407891876880905|1422000.0|-0.0595565957842923
1782407891976753365|1424000.0|0.0200255405744487
1782407892076513825|1421000.0|-0.0300720345515648
1782407892176840750|1419000.0|-0.0199348280633539
1782407892276212170|1421000.0|0.0201265112242534
1782407892376752871|1417000.0|-0.0397848827411697
1782407892476024787|1418000.0|0.0100733423942377
1782407892576660800|1414000.0|-0.0397472026241739
1782407892676786364|1418000.0|0.0399498373861844
1782407892776033416|1421000.0|0.0302275980953066
1782407892876720309|1419000.0|-0.0198635586063819
1782407892976227345|1417000.0|-0.0200990812348184
1782407893076120733|1416000.0|-0.0100106725782491
1782407893176593306|1417000.0|0.0099529649748295
1782407893276129350|1415000.0|-0.0200932237170286
1782407893376134323|1417000.0|0.019999005449459
1782407893476414720|1420000.0|0.0299161161079169
1782407893576031500|1416000.0|-0.0401538776900839
1782407893676502441|1414000.0|-0.0199062532916856
1782407893776028405|1414000.0|0.0
1782407893876982435|1412000.0|-0.0198109971439476
1782407893976390271|1409000.0|-0.0301787074411317
1782407894076105867|1411000.0|0.0200570430326666
1782407894176494119|1411000.0|0.0
1782407894276442276|1414000.0|0.0300155609672723
1782407894376685697|1415000.0|0.00997571700989734
1782407894476455501|1418000.0|0.0300692181373835
1782407894577204586|1415000.0|-0.0297769453687842
1782407894676123542|1410000.0|-0.050546429139426
1782407894776815507|1409000.0|-0.00993127902509401
1782407894876121902|1414000.0|0.0503492247402597
1782407894976718651|1414000.0|0.0
1782407895076139015|1413000.0|-0.0100583015366952
1782407895176788404|1416000.0|0.029806440255688
1782407895276150576|1414000.0|-0.0201283844721108
1782407895376612253|1414000.0|0.0
1782407895476783082|1419000.0|0.0499147311639
1782407895576755222|1414000.0|-0.0500139338819795
1782407895676472371|1412000.0|-0.0200567306632483
1782407895776119919|1417000.0|0.0501768493089263
1782407895876149755|1411000.0|-0.0599821037395283
1782407895976112920|1420000.0|0.0900331637158547
1782407896076971413|1418000.0|-0.0198297628738117
1782407896176232961|1420000.0|0.0201487891363532
1782407896277133566|1420000.0|0.0
1782407896376402954|1420000.0|0.0
1782407896476683318|1414000.0|-0.0598322519052683
1782407896576673234|1417000.0|0.0300030255050919
1782407896676692511|1417000.0|0.0
1782407896776484971|1417000.0|0.0
1782407896876559880|1418000.0|0.00999251470715802
1782407896977054533|1413000.0|-0.0497538908861151
1782407897076698145|1414000.0|0.0100357662666825
1782407897176209533|1412000.0|-0.0200982022278696
1782407897276274154|1414000.0|0.0199870841463538
1782407897377384663|1410000.0|-0.0395606751420864
1782407897476833379|1414000.0|0.040221735995063
1782407897576116623|1414000.0|0.0
1782407897676114011|1414000.0|0.0
1782407897777033417|1413000.0|-0.00990889700638944
1782407897876787061|1416000.0|0.0300740893234938
1782407897976810593|1413000.0|-0.0299929420608742
1782407898076629373|1416000.0|0.030054464700931
1782407898176919338|1418000.0|0.0199421746732088
1782407898276235798|1417000.0|-0.0100688244425949
1782407898376140066|1419000.0|0.0200191647467954
1782407898476492671|1418000.0|-0.00996486339343159
1782407898576460891|1417000.0|-0.0100031790102895
1782407898676678216|1414000.0|-0.0299349438832058
1782407898776653428|1409000.0|-0.0500123970729865
1782407898876742545|1411000.0|0.0199821924695369
1782407898976084397|1410000.0|-0.0100662508285028
1782407899076123737|1412000.0|0.019992135094054
1782407899176050773|1411000.0|-0.0100073017276325
1782407899276112818|1411000.0|0.0
1782407899376047998|1412000.0|0.0100064862043577
1782407899476826187|1406000.0|-0.0595366920118003
1782407899576141319|1412000.0|0.0604137544719771
1782407899676016611|1413000.0|0.0100124863715042
1782407899776711297|1418000.0|0.049655053296457
1782407899876760077|1414000.0|-0.039980497513313
1782407899976759722|1414000.0|0.0
1782407900076134790|1423000.0|0.0905659757636594
1782407900176905699|1419000.0|-0.0396939954168717
1782407900276051791|1418000.0|-0.0100861262388436
1782407900377192140|1418000.0|0.0
1782407900477002184|1419000.0|0.0100190317519547
1782407900576458916|1418000.0|-0.01005462355228
1782407900676520049|1416000.0|-0.0199877808699208
1782407900776094445|1413000.0|-0.0301282269389814
1782407900876724330|1412000.0|-0.00993740577165521
1782407900977044775|1413000.0|0.00996805785700014
1782407901076758867|1419000.0|0.0601720366665927
1782407901176579263|1419000.0|0.0
1782407901276886604|1415000.0|-0.0398774402762805
1782407901376715640|1409000.0|-0.0601027540724725
1782407901476136020|1412000.0|0.0301748997539539
1782407901576011712|1410000.0|-0.0200248925434229
1782407901676371918|1410000.0|0.0
1782407901776193946|1418000.0|0.0801426314440336
1782407901876143174|1416000.0|-0.0200101595582109
1782407901977007652|1416000.0|0.0
1782407902077045424|1415000.0|-0.00999622422618529
1782407902176681996|1417000.0|0.0200729507233549
1782407902276129448|1425000.0|0.0804444944451669
1782407902376079524|1419000.0|-0.0600299693619042
1782407902476020704|1418000.0|-0.0100058854618286
1782407902576269069|1411000.0|-0.0698265752264389
1782407902676135417|1417000.0|0.0600802985205787
1782407902776673654|1419000.0|0.0198929288962964
1782407902876541298|1416000.0|-0.0300397594239832
1782407902976907822|1417000.0|0.00996348144925294
1782407903077099403|1415000.0|-0.019961757066195
1782407903176010774|1413000.0|-0.0202201221131593
1782407903276153746|1411000.0|-0.0199714464236192
1782407903376129935|1413000.0|0.0200047633341975
1782407903476686748|1412000.0|-0.00994462702392925
1782407903576023752|1416000.0|0.0402669683897453
1782407903676128244|1418000.0|0.0199791234143619
1782407903776034561|1416000.0|-0.0200187541694686
1782407903876033293|1418000.0|0.0200002536032157
1782407903976055786|1413000.0|-0.0499887560291064
1782407904076134054|1415000.0|0.0199843586421779
1782407904176144130|1415000.0|0.0
1782407904276125215|1411000.0|-0.0400075674313796
1782407904376419692|1414000.0|0.0299119162862777
1782407904476019176|1417000.0|0.0301206379743895
1782407904577114053|1418000.0|0.00989169807289048
1782407904677071425|1415000.0|-0.030012793853764
1782407904776035469|1418000.0|0.030314040117439
1782407904876750490|1416000.0|-0.0198580110508044
1782407904976139110|1422000.0|0.0603690845088703
1782407905076845091|1415000.0|-0.0695092777061573
1782407905176899888|1414000.0|-0.00999452330106671
1782407905276109067|1415000.0|0.0100797124830556
1782407905376455752|1414000.0|-0.00996545127524641
1782407905476820629|1417000.0|0.0298909348536341
1782407905576055488|1421000.0|0.0403084162189418
1782407905676919773|1419000.0|-0.0198286241755444
1782407905777030505|1415000.0|-0.0399557561920534
1782407905877074790|1409000.0|-0.0599734407617587
1782407905976554658|0.0|-14.1636697788944
1782407906076814015|1413000.0|14.0934476569603
1782407906176878635|1417000.0|0.0399741686921911
1782407906276973192|1412000.0|-0.0499527661628993
1782407906376014339|1411000.0|-0.0100968136001091
1782407906476091904|1415000.0|0.0399689980466651
1782407906576671516|1413000.0|-0.0198847456281697
1782407906676658329|1411000.0|-0.0200026377478398
1782407906775992661|1418000.0|0.070469090183241
1782407906876130577|1412000.0|-0.0599173643677586
1782407906977125487|1416000.0|0.0396059563793859
1782407907076147451|1419000.0|0.0302963088068017
1782407907176454679|1416000.0|-0.0299081138998278
1782407907276143939|1420000.0|0.0401246834413256
1782407907376731360|1419000.0|-0.00994160094829353
1782407907476111532|1420000.0|0.0100623693828986
1782407907577344570|1417000.0|-0.0296345941924612
1782407907677123910|1414000.0|-0.0300663443955432
1782407907776640418|1412000.0|-0.0200971682004758
1782407907876999775|1414000.0|0.0199283859501013
1782407907977045323|1415000.0|0.00999544727367579
1782407908076780600|1412000.0|-0.0300796276928173
1782407908176149075|1411000.0|-0.0100635538585049
1782407908275974560|1419000.0|0.0801398560698202
1782407908376280204|1409000.0|-0.0996952873359748
1782407908475968969|1411000.0|0.0200624413393024
1782407908575965029|1412000.0|0.0100003940155242
1782407908676015842|1411000.0|-0.00999492128064966
1782407908775981406|1415000.0|0.0400137791449864
1782407908875965850|1419000.0|0.0400062233681071
1782407908975974503|1412000.0|-0.0699939434240755
1782407909076670324|1416000.0|0.0397235948848364
1782407909176149120|1411000.0|-0.0502619673844866
1782407909276067532|1415000.0|0.0400326618481487
1782407909376084585|1415000.0|0.0
1782407909476013237|1417000.0|0.0200142797883434
1782407909575979345|1416000.0|-0.0100033903490571
1782407909676033934|1416000.0|0.0
1782407909776405963|1414000.0|-0.0199258699851529
1782407909876096663|1416000.0|0.020062051926609
1782407909976006852|1412000.0|-0.0400359566930656
1782407910076138160|1418000.0|0.0599213185150842
1782407910176000765|1415000.0|-0.0300412752100749
1782407910276067609|1414000.0|-0.00999332006513566
1782407910375970294|1411000.0|-0.0300292229383024
1782407910476003810|1410000.0|-0.00999664952294589
1782407910575993039|1413000.0|0.0300032316480808
1782407910676000923|1417000.0|0.0399968466486102
1782407910776019656|1412000.0|-0.0499906352542978
1782407910876009460|1414000.0|0.020002039407938
1782407910975996145|1408000.0|-0.060007990063877
1782407911075981149|1405000.0|-0.0300044994747412
1782407911176206026|1410000.0|0.0498878137810037
1782407911276021974|1416000.0|0.0601106348256092
1782407911375998946|1412000.0|-0.0400092133216437
1782407911475985391|1413000.0|0.0100013556837629
1782407911575979067|1408000.0|-0.0500031621999775
1782407911676314488|1403000.0|-0.0498328501556793
1782407911776027940|1410000.0|0.0702011600200142
1782407911876105121|1410000.0|0.0
1782407911976020157|1413000.0|0.0300255108750599
1782407912076096169|1408000.0|-0.0499620228671782
1782407912176012886|1406000.0|-0.0200166704836789
1782407912276390771|1411000.0|0.0498117687974796
1782407912376495647|1415000.0|0.0399580935498087
1782407912476127868|1413000.0|-0.0200738273213843
1782407912575993816|1408000.0|-0.0500671159703005
1782407912677218726|1414000.0|0.0592739474898027
1782407912776139569|1410000.0|-0.0404363719383184
1782407912876511150|1411000.0|0.00996297946128795
1782407912976703259|1406000.0|-0.0499041296755217
1782407913076863847|1412000.0|0.0599038016829534
1782407913176842116|1409000.0|-0.030006520717017
1782407913276735312|1406000.0|-0.030032075457872
1782407913376358348|1409000.0|0.0301135171186712
1782407913476557465|1414000.0|0.0499006393439575
1782407913576135205|1410000.0|-0.0401696202384187
1782407913676708818|1410000.0|0.0
1782407913776943599|1408000.0|-0.0199531537860097
1782407913876139562|1407000.0|-0.0100810554155314
1782407913977356024|1413000.0|0.0592788947710897
1782407914076657012|1412000.0|-0.0100703932573158
1782407914177530769|1410000.0|-0.0198267622767337
1782407914277219021|1411000.0|0.0100312722907409
1782407914376739913|1411000.0|0.0
1782407914476342469|1411000.0|0.0
1782407914575993441|1409000.0|-0.0200700500944436
1782407914676409710|1411000.0|0.0199170913231202
1782407914776152554|1410000.0|-0.010025781899702
1782407914876928408|1407000.0|-0.0297690357454078
1782407914976332644|1409000.0|0.020119866923981
1782407915076553440|1411000.0|0.0199559380869416
1782407915176084236|1408000.0|-0.030141424770681
1782407915276686697|1407000.0|-0.0099401146856636
1782407915376000005|1410000.0|0.0302074320190805
1782407915477070595|1410000.0|0.0
1782407915576503951|1407000.0|-0.0301709619456071
1782407915676138923|1407000.0|0.0
1782407915776585576|1407000.0|0.0
1782407915876038084|1409000.0|0.0201101011952358
1782407915976143281|1411000.0|0.019978982709559
1782407916076727854|1408000.0|-0.0298256473186997
1782407916176816970|1406000.0|-0.0199821926691809
1782407916276667735|1405000.0|-0.0100149458043712
1782407916376707971|1409000.0|0.0399839120731382
1782407916476729407|1409000.0|0.0
1782407916577072748|1411000.0|0.0199315667593727
1782407916676642392|1411000.0|0.0
1782407916776705989|1414000.0|0.0299809330260234
1782407916876908833|1411000.0|-0.0299392699871872
1782407916976167901|1412000.0|0.0100746462781617
1782407917077048954|1412000.0|0.0
1782407917176355478|1410000.0|-0.0201396637344793
1782407917276827442|1408000.0|-0.0199060506073117
1782407917376162766|1409000.0|0.0100669123503337
1782407917477220524|1404000.0|-0.0494766567055644
1782407917575990647|1410000.0|0.0607471147930027
1782407917676135300|1414000.0|0.0399422223770649
1782407917776557841|1407000.0|-0.0697054658276372
1782407917876667198|1410000.0|0.0299672287376693
1782407917976186394|1408000.0|-0.0200966253786857
1782407918076634919|1411000.0|0.0298660433291579
1782407918177118291|1412000.0|0.0099518953245319
1782407918276106703|1406000.0|-0.0606131554065136
1782407918376796812|1407000.0|0.00993146208631078
1782407918476905449|1410000.0|0.029967444267571
1782407918576143509|1405000.0|-0.0503838950499435
1782407918677026306|1408000.0|0.029737478432522
1782407918776379070|1407000.0|-0.010065145243468
1782407918876518059|1410000.0|0.0299583611733887
1782407918976672696|1408000.0|-0.0199691203513623
1782407919076007060|1407000.0|-0.0100670096402892
1782407919176241537|1410000.0|0.0299298214525527
1782407919276730125|1410000.0|0.0
1782407919376826986|1409000.0|-0.00999032327297456
1782407919476879799|1409000.0|0.0
1782407919576041026|1412000.0|0.0302537603734976
1782407919676663567|1410000.0|-0.0198762621190415
1782407919777119612|1410000.0|0.0
1782407919875980808|1411000.0|0.0101151922135354
1782407919976631125|1412000.0|0.00993538847970047
1782407920076420530|1414000.0|0.0200422078877011
1782407920176194030|1414000.0|0.0
1782407920276046586|1415000.0|0.0100147661718344
1782407920376805927|1413000.0|-0.0198492763067992
1782407920476013427|1411000.0|-0.0201597661467127
1782407920576890368|1412000.0|0.00991306824024333
1782407920676004524|1414000.0|0.0201787522662252
1782407920776462553|1412000.0|-0.0199088118680887
1782407920876701318|1410000.0|-0.0199523607458651
1782407920976563026|1410000.0|0.0
1782407921076656462|1411000.0|0.00999066512213648
1782407921176757211|1414000.0|0.0299698057204347
1782407921276137767|1415000.0|0.0100623305025583
1782407921377074596|1414000.0|-0.00990718660282066
1782407921476538528|1414000.0|0.0
1782407921576044524|1413000.0|-0.0100496456515043
1782407921676045001|1409000.0|-0.0399998092009101
1782407921776989110|1412000.0|0.0297194163158149
1782407921877043842|1414000.0|0.0199890595879063
1782407921976013214|1415000.0|0.0101041360553445
1782407922076761867|1413000.0|-0.0198513820328695
1782407922177248504|1411000.0|-0.0199031439374372
1782407922276193395|1414000.0|0.0303199080789325
1782407922377027345|1418000.0|0.0396691788827077
1782407922476444556|1413000.0|-0.0502931026701202
1782407922576823785|1414000.0|0.00996222037130809
1782407922676655253|1412000.0|-0.0200337633019681
1782407922776941394|1405000.0|-0.0698002728014033
1782407922876025149|1406000.0|0.0100924717679503
1782407922976121242|1410000.0|0.0399615997000003
1782407923076122487|1408000.0|-0.0199997510031
1782407923176082419|1412000.0|0.0400160336243526
1782407923276658176|1416000.0|0.0397710155937479
1782407923376633052|1416000.0|0.0
1782407923477028986|1418000.0|0.0199211254909985
1782407923576758758|1415000.0|-0.0300812880631072
1782407923676615858|1411000.0|-0.0400572417985301
1782407923776872543|1412000.0|0.00997439721849969
1782407923876172923|1415000.0|0.0302113647500644
1782407923977025480|1414000.0|-0.00991546500898336
1782407924076056356|1414000.0|0.0
1782407924176802417|1414000.0|0.0
1782407924277075838|1412000.0|-0.0199454649103874
1782407924376935546|1416000.0|0.0400561956379844
1782407924476023366|0.0|-14.290353748826
1782407924577026595|1414000.0|13.9995524301505
1782407924676362911|1411000.0|-0.0302004354580655
1782407924776015915|1411000.0|0.0
1782407924876834776|1415000.0|0.0396751159487906
1782407924976759397|1413000.0|-0.0200150871725598
1782407925076694401|1416000.0|0.0300195114816826
1782407925176176526|1417000.0|0.0100520570906582
1782407925276612458|1421000.0|0.0398263840474941
1782407925376154438|1417000.0|-0.040184050990346
1782407925476410179|1419000.0|0.0199489822732446
1782407925576769648|1410000.0|-0.0896776366961447
1782407925676348716|1412000.0|0.0200845422654488
1782407925776485321|1415000.0|0.0299590744064071
1782407925876078148|1423000.0|0.0803270701413065
1782407925977004530|1417000.0|-0.0594492726391401
1782407926076014894|1413000.0|-0.0403998110743235
1782407926176737851|1411000.0|-0.0198564464305789
1782407926276512951|1419000.0|0.0801803255521668
1782407926376144995|1415000.0|-0.0401477259665575
1782407926476679872|1419000.0|0.0397871874851948
1782407926576980909|1417000.0|-0.0199399733025691
1782407926676711721|1420000.0|0.030080974373296
1782407926776758053|1416000.0|-0.0399814757826404
1782407926876622050|1418000.0|0.020027237644013
1782407926976098398|1414000.0|-0.0402105634195578
1782407927076084282|1412000.0|-0.0200028235985792
1782407927176340759|1414000.0|0.0199488358243428
1782407927276561091|1420000.0|0.0598680914367755
1782407927376073264|1415000.0|-0.0502451092089005
1782407927476708829|1415000.0|0.0
1782407927576455577|1414000.0|-0.0100253894994151
1782407927677211638|1410000.0|-0.039699844955233
1782407927776705266|1412000.0|0.0201017898352244
1782407927877006831|1407000.0|-0.049849670840131
1782407927976067867|1409000.0|0.0201895728205386
1782407928075996887|1408000.0|-0.010007103041739
1782407928176720436|1410000.0|0.0198563297248392
1782407928276747089|1412000.0|0.0199946708203862
1782407928376444877|1414000.0|0.0200606256178923
1782407928476031241|1404000.0|-0.100415354053894
1782407928576524198|1407000.0|0.0298528383436861
1782407928676760803|1414000.0|0.0698347674484785
1782407928776900736|1412000.0|-0.0199720525077643
1782407928876413692|1411000.0|-0.0100489427728385
1782407928976557880|1410000.0|-0.00998560196024556
1782407929076807493|1408000.0|-0.019950201703023
1782407929176459889|1407000.0|-0.0100348816500107
1782407929276408334|1403000.0|-0.0400206326371561
1782407929376678523|1410000.0|0.0698113773376851
1782407929477330136|1409000.0|-0.00993526055066798
1782407929576405620|1402000.0|-0.0706532001398045
1782407929676385744|1406000.0|0.0400079519805357
1782407929776461516|1403000.0|-0.0299772856111467
1782407929876384153|1403000.0|0.0
1782407929975987765|1401000.0|-0.0200795930974873
1782407930076516786|1406000.0|0.0497368814523718
1782407930176144830|1407000.0|0.010037334467793
1782407930276475947|1404000.0|-0.0299009927299025
1782407930376199191|1406000.0|0.0200555048129
1782407930476423716|1410000.0|0.0399103911941713
1782407930576040496|1410000.0|0.0
1782407930676818349|1408000.0|-0.019845630170351
1782407930776367081|1408000.0|0.0
1782407930875974005|1413000.0|0.0501973135923764
1782407930977155315|1413000.0|0.0
1782407931075983934|1413000.0|0.0
1782407931176129354|1411000.0|-0.0199709582325382
1782407931276448823|1409000.0|-0.0199363096708576
1782407931376168771|1412000.0|0.0300842515481456
1782407931475989583|1413000.0|0.0100179509659769
1782407931576128348|1409000.0|-0.0399445709161682
1782407931676379401|1411000.0|0.0199499151395447
1782407931777159862|1410000.0|-0.00992255830224869
1782407931876954802|1414000.0|0.0400821925440308
1782407931976945935|1415000.0|0.0100008867786307
1782407932076446507|1415000.0|0.0
1782407932176394647|1413000.0|-0.0200103773817102
1782407932276621268|1410000.0|-0.0299321674228646
1782407932376695712|1414000.0|0.0399702445511463
1782407932476728445|1418000.0|0.0399869110843947
1782407932576814665|1414000.0|-0.0399655417099377
1782407932675989380|1417000.0|0.0302496457892518
1782407932775989153|1416000.0|-0.0100000227000515
1782407932877076015|1415000.0|-0.00989248236828244
1782407932976712763|1416000.0|0.0100364576330813
1782407933077111176|1416000.0|0.0
1782407933176641012|1418000.0|0.0200944769968274
1782407933276035040|1415000.0|-0.0301828999223173
1782407933376198508|1420000.0|0.0499183993908837
1782407933476701897|1423000.0|0.0298497396938525
1782407933576164662|1415000.0|-0.080432109443167
1782407933676151554|1416000.0|0.0100013109718422
1782407933776808079|1417000.0|0.00993477571374533
1782407933876437403|1413000.0|-0.0401488220476132
1782407933976745368|1411000.0|-0.0199385961025129
1782407934077040197|1410000.0|-0.00997060376861503
1782407934177226226|1411000.0|0.00998143164252972
1782407934276488382|1414000.0|0.0302229985816548
1782407934376698026|1418000.0|0.0399163178346387
1782407934476081718|1414000.0|-0.0402480519640989
1782407934576972771|1415000.0|0.0099116816631897
1782407934676128527|1414000.0|-0.0100851432164967
1782407934776394620|1412000.0|-0.0199469226351524
1782407934876065896|1407000.0|-0.0501649040792856
1782407934976753349|1406000.0|-0.00993172406496368
1782407935076049009|1413000.0|0.0704965352967088
1782407935176661790|1408000.0|-0.0496954755678605
1782407935276052666|1407000.0|-0.0100612857059435
1782407935376574583|1410000.0|0.0298442378491449
1782407935476436435|1412000.0|0.0200276678225435
1782407935577090400|1415000.0|0.029805085174737
1782407935676977740|1416000.0|0.0100112787065908
1782407935776267144|1413000.0|-0.0302147044814571
1782407935876216532|1416000.0|0.030015191288615
1782407935976845521|1414000.0|-0.0198749885085301
1782407936077763599|1414000.0|0.0
1782407936176973211|1421000.0|0.0705576794313035
1782407936276201862|1419000.0|-0.0201554690086435
1782407936376452483|1415000.0|-0.0399000022154476
1782407936475976543|1412000.0|-0.0301434648063996
1782407936575991260|1410000.0|-0.0199970570331164
1782407936675969881|1411000.0|0.0100021383571594
1782407936775970677|1409000.0|-0.0199998408012672
1782407936876090066|1411000.0|0.0199761506734724
1782407936976016399|1410000.0|-0.0100073721308276
1782407937076022651|1410000.0|0.0
1782407937176018936|1410000.0|0.0
1782407937276012916|1409000.0|-0.0100006020362426
1782407937376023137|1408000.0|-0.00999897800445817
1782407937475983581|1407000.0|-0.0100039571652963
1782407937575988730|1409000.0|0.0199989702530217
1782407937676006694|1414000.0|0.0499910196132367
1782407937776030659|1407000.0|-0.0699832285192854
1782407937875989551|1409000.0|0.0200082249811252
1782407937976176428|1409000.0|0.0
1782407938075988136|1412000.0|0.03005659416228
1782407938177038310|1412000.0|0.0
1782407938276891458|1411000.0|-0.0100147067972259
1782407938377533215|1409000.0|-0.0198724670516235
1782407938476389067|1414000.0|0.0505786951287416
1782407938576395736|1411000.0|-0.0299979994334178
1782407938676456244|1411000.0|0.0
1782407938776378688|1413000.0|0.0200155232392034
1782407938876452973|1410000.0|-0.0299777310424951
1782407938977085818|1413000.0|0.029811340422702
1782407939076610758|1411000.0|-0.0200954655184921
1782407939176054177|1415000.0|0.0402238784649993
1782407939276697662|1413000.0|-0.0198721258509679
1782407939376137946|1414000.0|0.0100562866453599
1782407939476740951|1420000.0|0.0596403656133333
1782407939576742916|1415000.0|-0.0499990175193057
1782407939676872017|1415000.0|0.0
1782407939776104029|1412000.0|-0.0302321795107813
1782407939876344490|1412000.0|0.0
1782407939976082806|1411000.0|-0.0100262370581833
1782407940076583027|1410000.0|-0.0099502268756205
1782407940176705616|1407000.0|-0.0299632683289882
1782407940276748908|1414000.0|0.0699697087137037
1782407940376054856|1412000.0|-0.0201397805497008
1782407940476757685|1408000.0|-0.0397208304843154
1782407940576679394|1408000.0|0.0
1782407940676060062|1413000.0|0.050311595812578
1782407940776440555|1412000.0|-0.00996209492615263
1782407940876877095|1404000.0|-0.0796522859110838
1782407940975966579|1406000.0|0.0201837765145694
1782407941077171089|1408000.0|0.0197619651535292
1782407941176332909|1408000.0|0.0
1782407941276566362|1409000.0|0.00997670907336695
1782407941376835990|1408000.0|-0.00997310970376792
1782407941476705155|1412000.0|0.0400524025608905
1782407941577139536|1408000.0|-0.0398269990831128
1782407941676027531|1408000.0|0.0
1782407941776265800|1407000.0|-0.00997622973716755
1782407941876393141|1407000.0|0.0
1782407941976982226|1414000.0|0.0695900554220172
1782407942076629486|1411000.0|-0.0301061965978794
1782407942176126858|1415000.0|0.0402020668445394
1782407942276576647|1415000.0|0.0
1782407942376584675|1417000.0|0.0199983945288872
1782407942477037617|1410000.0|-0.0696843702198389
1782407942576076060|1412000.0|0.0201941785373181
1782407942676149257|1408000.0|-0.0399707426155277
1782407942776021270|1415000.0|0.0700897057116492
1782407942876648578|1408000.0|-0.0695636218351384
1782407942976088959|0.0|-14.1592377848995
1782407943076404603|1411000.0|14.0656027687965
1782407943176724328|1413000.0|0.0199362587965627
1782407943276638693|1415000.0|0.020017141679277
1782407943376502337|1406000.0|-0.0901228879651137
1782407943476175086|1409000.0|0.0300984976344939
1782407943576867771|1407000.0|-0.0198624160235672
1782407943677005400|1407000.0|0.0
1782407943777212453|1409000.0|0.0199586749647253
1782407943876147744|1409000.0|0.0
1782407943976618429|1409000.0|0.0
1782407944076826474|1410000.0|0.00997923869286144
1782407944176221350|1408000.0|-0.0201217616087171
1782407944276176770|1407000.0|-0.0100044599882628
1782407944376075583|1406000.0|-0.0100101289491798
1782407944476814412|1408000.0|0.0198533179296734
1782407944575989256|1410000.0|0.0201664042950247
1782407944676342117|1406000.0|-0.0398593518923192
1782407944776692850|1406000.0|0.0
1782407944877222911|1406000.0|0.0
1782407944976053146|1408000.0|0.0202367220921816
1782407945076054311|1411000.0|0.0299996505040716
1782407945176716324|1410000.0|-0.00993423407894694
1782407945275983600|1408000.0|-0.0201476264947574
1782407945376357421|1405000.0|-0.0298882713651003
1782407945476647306|1413000.0|0.079768762323339
1782407945575989894|1413000.0|0.0
1782407945676829491|1415000.0|0.0198334787077739
1782407945776377327|1417000.0|0.0200908435618832
1782407945876842860|1413000.0|-0.0398146496669659
1782407945976259624|1413000.0|0.0
1782407946076609349|1409000.0|-0.0398605975253046
1782407946176060193|1408000.0|-0.0100552188375596
1782407946276392430|1410000.0|0.0199337726318212
1782407946376320874|1411000.0|0.0100071607239276
1782407946477165672|1410000.0|-0.00991622790498326
1782407946576537876|1410000.0|0.0
1782407946676194416|1410000.0|0.0
1782407946776389133|1417000.0|0.0698639629871902
1782407946876163897|1410000.0|-0.0701580211204509
1782407946976251845|1409000.0|-0.00999121292805404
1782407947076348274|1410000.0|0.00999036638959418
1782407947176090734|1406000.0|-0.0401032819924433
1782407947276870364|1408000.0|0.019845280241652
1782407947375990727|1410000.0|0.020177488655888
1782407947476744932|1407000.0|-0.0297754322015642
1782407947577166097|1411000.0|0.0398322405441124
1782407947676783725|1408000.0|-0.0301151519086562
1782407947776030857|1407000.0|-0.0100758579099293
1782407947876909703|1407000.0|0.0
1782407947976035634|1411000.0|0.0403527105334325
1782407948076395760|1407000.0|-0.039856466501447
1782407948177203997|1410000.0|0.0297594729287846
1782407948276493161|1408000.0|-0.020143185010602
1782407948376568101|1413000.0|0.0499625580589906
1782407948477135170|1411000.0|-0.0198872257080496
1782407948576027710|1415000.0|0.0404479448095883
1782407948676747563|1413000.0|-0.0198570583696146
1782407948776000359|1402000.0|-0.110828112086636
1782407948876824612|1408000.0|0.0595094912332254
1782407948976833105|1411000.0|0.0299974523163748
1782407949077167710|1409000.0|-0.0199333021742598
1782407949176539322|1409000.0|0.0
1782407949276060534|1412000.0|0.0301443274223791
1782407949376635795|1416000.0|0.0397712117296917
1782407949476905999|1409000.0|-0.0698113668941972
1782407949576026251|1411000.0|0.0201775112516865
1782407949676723512|1410000.0|-0.00993075670648082
1782407949776503013|1406000.0|-0.0400883945090084
1782407949876637809|1410000.0|0.0399461541820088
1782407949976025245|1408000.0|-0.0201232678947468
1782407950077169211|1409000.0|0.00988689725692584
1782407950176031527|1409000.0|0.0
1782407950276096771|1414000.0|0.0499673992700203
1782407950376000191|1410000.0|-0.0400386693468552
1782407950476806717|1410000.0|0.0
1782407950576193097|1408000.0|-0.0201234817084594
1782407950676992310|1405000.0|-0.0297621371309714
1782407950776963267|1409000.0|0.0400116205749636
1782407950876829007|1405000.0|-0.040053776199926
1782407950976408252|1406000.0|0.0100422532828
1782407951076960217|1409000.0|0.0298353194788386
1782407951176825749|1410000.0|0.0100134649059898
1782407951277053954|1406000.0|-0.0399089258357964
1782407951376036302|1412000.0|0.0606168687774511
1782407951476803579|1409000.0|-0.0297715695939665
1782407951575996311|1413000.0|0.0403255351410222
1782407951676759588|1406000.0|-0.0694697533507172
1782407951777209713|1408000.0|0.0199103784091857
1782407951876026716|1408000.0|0.0
1782407951976054233|1411000.0|0.029991747170931
1782407952077027238|1408000.0|-0.0297109113470477
1782407952176711731|1411000.0|0.0300949516791945
1782407952276722319|1405000.0|-0.0599936478725633
1782407952376499308|1407000.0|0.0200447018901322
1782407952476132296|1409000.0|0.0200736727879726
1782407952577004438|1409000.0|0.0
1782407952676681042|1411000.0|0.0200648890485876
1782407952776935455|1409000.0|-0.0199492465234423
1782407952876002378|1411000.0|0.0201883730657507
1782407952977178136|1406000.0|-0.049418952709996
1782407953076836148|1406000.0|0.0
1782407953176715873|1411000.0|0.0500602099174782
1782407953276702621|1412000.0|0.0100013253756388
1782407953376002281|1416000.0|0.0402821117413695
1782407953476474086|1408000.0|-0.0796243284372168
1782407953575995330|1414000.0|0.0602886354595809
1782407953676811615|1410000.0|-0.0396761297046405
1782407953776692220|1412000.0|0.0200239075444127
1782407953876983657|1412000.0|0.0
1782407953975994740|1415000.0|0.0302996382738284
1782407954076783250|1410000.0|-0.0496088294191471
1782407954176674830|1412000.0|0.0200217075353098
1782407954276672826|1413000.0|0.0100002004040161
1782407954377062247|1417000.0|0.0398448358418164
1782407954476729219|1418000.0|0.0100334140782365
1782407954576748576|1414000.0|-0.0399922586984837
1782407954676437772|1417000.0|0.0300935319008892
1782407954776046744|1411000.0|-0.0602355378188222
1782407954876015940|1412000.0|0.0100030813491788
1782407954976738498|1415000.0|0.0297847876341663
1782407955076027214|1417000.0|0.0201432758985422
1782407955176574443|1416000.0|-0.00994557492976758
1782407955276818055|1413000.0|-0.0299270940077459
1782407955376815508|1416000.0|0.0300007641194621
1782407955476174752|1418000.0|0.0201289776319152
1782407955576717229|1419000.0|0.00994604499350061
1782407955676532441|1420000.0|0.0100185130098206
1782407955777041926|1417000.0|-0.0298479292775204
1782407955876027250|1417000.0|0.0
1782407955976969135|1415000.0|-0.0198133807388281
1782407956076688572|1417000.0|0.0200562704741303
1782407956176738728|1418000.0|0.00999498691436323
1782407956276819221|1417000.0|-0.009991957173912
1782407956376844338|1411000.0|-0.0599849335842316
1782407956476179070|1405000.0|-0.0604018340735041
1782407956576818571|1411000.0|0.0596187375770077
1782407956676282439|1414000.0|0.0301617065606176
1782407956775976340|1417000.0|0.0300921116528483
1782407956876833857|1415000.0|-0.0198299547667825
1782407956976000189|1413000.0|-0.0201681352901104
1782407957077100331|1416000.0|0.0296735488264695
1782407957176699303|1417000.0|0.0100402642710007
1782407957276419155|1412000.0|-0.0501404675169394
1782407957376394607|1412000.0|0.0
1782407957477127453|1413000.0|0.00992724855604695
1782407957576977273|1414000.0|0.010015040587955
1782407957677271334|1408000.0|-0.0598240807100233
1782407957776358146|1413000.0|0.0504608019884624
1782407957876821822|1414000.0|0.00995384640315172
1782407957976628699|1415000.0|0.0100193496686606
1782407958076090983|1412000.0|-0.0301621869049378
1782407958177066836|1413000.0|0.00990335778594512
1782407958276399152|1411000.0|-0.020134434396959
1782407958376846893|1413000.0|0.0199108509568174
1782407958477074378|1409000.0|-0.0399092125278809
1782407958576451062|1409000.0|0.0
1782407958677087363|1411000.0|0.0198735444380055
1782407958776476415|1413000.0|0.0201229407037709
1782407958876912972|1417000.0|0.039826136214526
1782407958976630344|1422000.0|0.0501417145249275
1782407959076174292|1417000.0|-0.050229070681424
1782407959176363073|1413000.0|-0.0399246298844578
1782407959277219455|1413000.0|0.0
1782407959376824571|1410000.0|-0.0301189348547117
1782407959476752696|1412000.0|0.0200143853394627
1782407959575999492|1412000.0|0.0
1782407959676976209|1409000.0|-0.0297098191457344
1782407959775991245|1417000.0|0.0807958096384472
1782407959876819178|1415000.0|-0.0198357730887928
1782407959976539559|1407000.0|-0.0802243224481864
1782407960076700803|1409000.0|0.0199678031155444
1782407960176578032|1411000.0|0.0200245843824922
1782407960277056925|1411000.0|0.0
1782407960376377097|1414000.0|0.0302053443886505
1782407960476816982|1408000.0|-0.0597372249082125
1782407960577296387|1405000.0|-0.0298568646977955
1782407960676894591|1410000.0|0.0502017084565099
1782407960776046411|1405000.0|-0.0504277178169801
1782407960876302568|1397000.0|-0.0797955979900566
1782407960976533589|1408000.0|0.10974646262458
1782407961076814482|1413000.0|0.049859946899356
1782407961175997006|1413000.0|0.0
1782407961276949835|1411000.0|-0.0198112328283539
1782407961377107240|1411000.0|0.0
1782407961476741396|0.0|-14.1618101326617
1782407961575980479|1412000.0|14.2282652893921
1782407961676794669|1415000.0|0.0297577156549093
1782407961776174616|1414000.0|-0.0100623921644877
1782407961876810358|1417000.0|0.0298104822439725
1782407961976392146|1419000.0|0.0200839936716139
1782407962076821887|1413000.0|-0.0597432587225332
1782407962177090588|1412000.0|-0.00997320190674456
1782407962276905640|1410000.0|-0.0200370581382856
1782407962377034869|1417000.0|0.0699096564500661
1782407962476752369|1414000.0|-0.0300849900970241
1782407962575976077|1418000.0|0.0403129461761296
1782407962675975802|1409000.0|-0.0900002475006806
1782407962776551687|1410000.0|0.00994274124458363
1782407962875986116|1412000.0|0.0201137575798821
1782407962977039985|1407000.0|-0.0494785607862278
1782407963075979485|1408000.0|0.0101071867151138
1782407963175985930|1411000.0|0.029998066624606
1782407963276603095|1409000.0|-0.0198773241126402
1782407963376515123|1414000.0|0.050044024729435
1782407963475977487|1407000.0|-0.0703783795044324
1782407963575991276|1410000.0|0.0299958638703309
1782407963675970073|1405000.0|-0.0500106037483128
1782407963776131622|1414000.0|0.0898548404038759
1782407963876048290|1408000.0|-0.0600500409000829
1782407963976033503|1415000.0|0.0700103524308139
1782407964076008459|1415000.0|0.0
1782407964176144472|1409000.0|-0.0599185030464514
1782407964275973124|1411000.0|0.0200343284210629
1782407964375992273|1413000.0|0.019996170933228
1782407964475979182|1413000.0|0.0
1782407964576440651|1408000.0|-0.0497703253771852
1782407964676055623|1407000.0|-0.0100386516195578
1782407964776197652|1408000.0|0.00998581724362705
1782407964876413617|1407000.0|-0.00997845004037031
1782407964976346573|1407000.0|0.0
1782407965076836314|1405000.0|-0.0199025291546925
1782407965176916774|1408000.0|0.0299758814058209
1782407965276335075|1409000.0|0.0100585102535599
1782407965376320911|1409000.0|0.0
1782407965477017021|1412000.0|0.029792610657949
1782407965576033993|1414000.0|0.0201985574755811
1782407965677517318|1411000.0|-0.0295615067795621
1782407965776127650|1412000.0|0.0101409251923014
1782407965876595167|1415000.0|0.0298603975651155
1782407965976866812|1405000.0|-0.0997290909109948
1782407966076805705|1411000.0|0.0600366866180917
1782407966176020068|1413000.0|0.0201583716260921
1782407966277161522|1411000.0|-0.0197742856257534
1782407966375989309|1407000.0|-0.0404744467262026
1782407966476343290|1411000.0|0.0398589070422627
1782407966576978968|1411000.0|0.0
1782407966676183267|1411000.0|0.0
1782407966776225424|1410000.0|-0.00999578607646374
1782407966876325436|1413000.0|0.0299700263772196
1782407966976146457|1418000.0|0.0500896499545922
1782407967076452117|1411000.0|-0.0697866900033358
1782407967176393442|1417000.0|0.0600352256686611
1782407967276717279|1414000.0|-0.0299031624956689
1782407967376937964|1411000.0|-0.0299339402838845
1782407967475990551|1410000.0|-0.0100956474766277
1782407967576691829|1413000.0|0.0297910816980893
1782407967676434673|1413000.0|0.0
1782407967777006846|1412000.0|-0.00994310821940777
1782407967877155963|1406000.0|-0.0599106630166295
1782407967976075478|1411000.0|0.0505461434985806
1782407968076932691|1412000.0|0.0099150072687414
1782407968176009087|1413000.0|0.0100932213965474
1782407968276612540|1410000.0|-0.0298200500135915
1782407968376058584|1415000.0|0.0502785208831434
1782407968476435269|1411000.0|-0.0398498914364426
1782407968576449794|1408000.0|-0.029995643132835
1782407968676878479|1411000.0|0.029871943459182
1782407968776066235|1416000.0|0.0504094477144941
1782407968876668552|1413000.0|-0.0298203867411921
1782407968975990853|1410000.0|-0.0302046969290411
1782407969076800066|1407000.0|-0.0297591848078409
1782407969176157278|1413000.0|0.0603881678966596
1782407969276936699|1410000.0|-0.0297679820962655
1782407969376735512|1412000.0|0.020040318515612
1782407969476403764|1409000.0|-0.0300998556691854
1782407969576044768|1411000.0|0.0200720578849246
1782407969676003565|1408000.0|-0.030012365995161
1782407969777037403|1413000.0|0.0494883704210069
1782407969875999351|1410000.0|-0.0303146821645023
1782407969976267188|1413000.0|0.0299198635351035
1782407970076006192|1411000.0|-0.0200523357943298
1782407970176796573|1415000.0|0.03968632681327
1782407970276506106|1414000.0|-0.0100291313168621
1782407970376619127|1414000.0|0.0
1782407970477156100|1417000.0|0.0298397684998931
1782407970576719536|1414000.0|-0.0301315434714407
1782407970676026204|1415000.0|0.0100698172654428
1782407970776571561|1410000.0|-0.0497288005054276
1782407970876703318|1416000.0|0.0599210498223855
1782407970977233923|1412000.0|-0.0397888782227064
1782407971076008447|1412000.0|0.0
1782407971175989915|1416000.0|0.0400074141739947
1782407971276649992|1414000.0|-0.0198688502890774
1782407971376906773|1416000.0|0.0199487753352065
1782407971476979121|1415000.0|-0.00999277043044898
1782407971575977373|1411000.0|-0.0404047538132289
1782407971676160666|1415000.0|0.0399268169394272
1782407971776763143|1414000.0|-0.00994011310476978
1782407971876395395|1413000.0|-0.0100369105377644
1782407971976002623|1416000.0|0.0301182962344861
1782407972077069021|1413000.0|-0.0296834562165756
1782407972175986409|1411000.0|-0.0202188921527123
1782407972277407350|1416000.0|0.0492994834271948
1782407972376821682|1409000.0|-0.0704123827940623
1782407972476453390|1413000.0|0.0401478613615657
1782407972577003468|1412000.0|-0.00994529313045386
1782407972676289687|1410000.0|-0.02014378249211
1782407972776834629|1409000.0|-0.00994580115228472
1782407972875994049|1413000.0|0.0403390822576413
1782407972976673694|1411000.0|-0.0198649885982415
1782407973075996538|1409000.0|-0.0201363545329008
1782407973176409431|1407000.0|-0.0199177609592426
1782407973276486564|1409000.0|0.0199845852898284
1782407973376603712|1409000.0|0.0
1782407973476314525|1409000.0|0.0
1782407973576949593|1409000.0|0.0
1782407973677042310|1414000.0|0.0499536844423955
1782407973776042450|1410000.0|-0.0404039832670944
1782407973876541631|1408000.0|-0.019900659687963
1782407973976613324|1410000.0|0.0199856716724079
1782407974076940841|1407000.0|-0.0299020656516397
1782407974176619077|1406000.0|-0.010032280266276
1782407974275997857|1409000.0|0.0301875309799537
1782407974376047070|1404000.0|-0.0499754056036403
1782407974476037770|1410000.0|0.0600055805189883
1782407974576881160|1410000.0|0.0
1782407974676684820|1408000.0|-0.0200393452504648
1782407974777199538|1412000.0|0.0397951671117458
1782407974876756861|1410000.0|-0.0200889290685327
1782407974976842139|1410000.0|0.0
1782407975076658407|1410000.0|0.0
1782407975176694483|1410000.0|0.0
1782407975276659408|1406000.0|-0.0400140349227492
1782407975376503884|1407000.0|0.0100155766253909
1782407975476018521|1414000.0|0.0703414111835629
1782407975576867430|1411000.0|-0.02974747104106
1782407975676018147|1410000.0|-0.0100856557598066
1782407975776454656|1411000.0|0.00995653881199714
1782407975875991164|1409000.0|-0.0200931300503329
1782407975975983513|1414000.0|0.0500038257927114
1782407976076784710|1410000.0|-0.0396820684579767
1782407976176694611|1411000.0|0.0100090180251505
1782407976276945424|1412000.0|0.00997498144977637
1782407976376663228|1416000.0|0.0401131978397759
1782407976476501865|1412000.0|-0.0400646495204056
1782407976576767686|1412000.0|0.0
1782407976675995473|1409000.0|-0.0302334667606766
1782407976776058590|1415000.0|0.0599621536874571
1782407976876692683|1417000.0|0.0198739804809489
1782407976975981495|1413000.0|-0.0402865128449719
1782407977076931860|1420000.0|0.0693410073356347
1782407977176756577|1416000.0|-0.0400702363123153
1782407977276726237|1412000.0|-0.0400121396831799
1782407977376837338|1413000.0|0.00998890222973374
1782407977477243847|1413000.0|0.0
1782407977576114659|1414000.0|0.0101142084278624
1782407977676021840|1411000.0|-0.0300278715701127
1782407977776096444|1416000.0|0.0499627258080382
1782407977876959289|1415000.0|-0.00991445363255419
1782407977977234647|1415000.0|0.0
1782407978076478578|1414000.0|-0.0100761828952543
1782407978176015727|1416000.0|0.0200930006544592
1782407978276119323|1417000.0|0.00998965112102466
1782407978375981768|1410000.0|-0.0700964211320882
1782407978476993990|1414000.0|0.0395991685045796
1782407978576367618|1416000.0|0.0201260640297846
1782407978676554639|1414000.0|-0.019962665623125
1782407978777018028|1413000.0|-0.00995387483892267
1782407978875975720|1412000.0|-0.0101053286489341
1782407978976676485|1413000.0|0.00993041115427475
1782407979076398801|1416000.0|0.0300835371693533
1782407979176601726|1412000.0|-0.0399189943806531
1782407979275993658|1414000.0|0.0201223576175177
1782407979376207799|1410000.0|-0.0399145266335217
1782407979476002116|1411000.0|0.010020610692691
1782407979577183617|1410000.0|-0.00988322954410411
1782407979676487101|1410000.0|0.0
1782407979776776651|1406000.0|-0.0398845143885878
1782407979876786167|1413000.0|0.0699933394338195
1782407979977095780|0.0|-14.0863867154985
1782407980076713696|1414000.0|14.1942338966416
1782407980176151372|1412000.0|-0.0201131007929027
1782407980276482249|1415000.0|0.0299010642556229
1782407980376809815|1411000.0|-0.0398694013966211
1782407980476881315|1408000.0|-0.0299785653257921
1782407980576997761|1406000.0|-0.0199767378877992
1782407980676557789|1408000.0|0.0200883832616037
1782407980776403226|1405000.0|-0.0300464406801084
1782407980876605799|1409000.0|0.0399191346114436
1782407980976864740|1407000.0|-0.0199483455545376
1782407981076027520|1410000.0|0.0302532865657861
1782407981177013293|1410000.0|0.0
1782407981276551001|1406000.0|-0.0401857756258563
1782407981376596390|1409000.0|0.02998638947768
1782407981476042930|1413000.0|0.0402226160910173
1782407981576676015|1406000.0|-0.0695596284263769
1782407981676209548|1409000.0|0.0301405959336337
1782407981776080088|1412000.0|0.0300388883448512
1782407981876767381|1415000.0|0.0297952195417549
1782407981976018737|1411000.0|-0.0403017163815878
1782407982076904975|1409000.0|-0.0198243094365358
1782407982176261979|1405000.0|-0.0402588628779507
1782407982276666280|1415000.0|0.0995973270109216
1782407982375993284|1414000.0|-0.0100677555924268
1782407982476767937|1418000.0|0.0396925206976401
1782407982576817294|1413000.0|-0.0499753336745582
1782407982676651002|1415000.0|0.0200333137981813
1782407982776795159|1409000.0|-0.059913630307957
1782407982876021075|1411000.0|0.020156024561164
1782407982976760353|1412000.0|0.00992661472122125
1782407983077026366|1412000.0|0.0
1782407983176020745|1406000.0|-0.0606095018788895
1782407983276631926|1406000.0|0.0
1782407983376271507|1410000.0|0.0401446890869603
1782407983476779632|1408000.0|-0.0198988887714302
1782407983577101517|1409000.0|0.00996791477751838
1782407983677118410|1410000.0|0.00999831098532525
1782407983776510262|1408000.0|-0.0201223738139018
1782407983877032403|1411000.0|0.029844171345296
1782407983976499087|1409000.0|-0.0201072351019564
1782407984076688956|1410000.0|0.00998104908191865
1782407984176782201|1407000.0|-0.0299720525595908
1782407984276945126|1408000.0|0.00998373400137825
1782407984376656210|1412000.0|0.0401159012572765
1782407984476382911|1412000.0|0.0
1782407984576817643|1410000.0|-0.0199134299477197
1782407984676818552|1405000.0|-0.0499995455041314
1782407984776928325|1410000.0|0.0499451736844913
1782407984876967970|1411000.0|0.00999603707110316
1782407984976720734|1415000.0|0.0400991395085554
1782407985076726187|1414000.0|-0.00999945472973359
1782407985176001831|1417000.0|0.0302188923599428
1782407985276080851|1416000.0|-0.00999210423923016
1782407985376964113|1416000.0|0.0
1782407985476325197|1413000.0|-0.0301929073157052
1782407985576014810|1411000.0|-0.0200622706800958
1782407985675984935|1409000.0|-0.0200059767855647
1782407985776162660|1413000.0|0.0399290361205547
1782407985877021441|1409000.0|-0.0396594125007321
1782407985975997517|1415000.0|0.0606207099986465
1782407986076832570|1413000.0|-0.0198343724775947
1782407986176554247|1413000.0|0.0
1782407986277027076|1411000.0|-0.0199058792302942
1782407986375998560|1413000.0|0.0202078408766711
1782407986476996573|1415000.0|0.0198023697753341
1782407986576303785|1414000.0|-0.0100697621034815
1782407986676621910|1416000.0|0.0199365767651658
1782407986776020418|1413000.0|-0.0301815395458451
1782407986876598384|1415000.0|0.0198850710502537
1782407986977010669|1413000.0|-0.0199178815620021
1782407987076194041|1417000.0|0.0403293406882759
1782407987177095447|1412000.0|-0.0495533233699439
1782407987276669267|1413000.0|0.0100428004067736
1782407987376027999|1412000.0|-0.0100645406787196
1782407987476587436|1415000.0|0.0298331025858866
1782407987576588329|1409000.0|-0.0599994642047846
1782407987676721717|1407000.0|-0.0199733579373146
1782407987776508754|1412000.0|0.0501067087501556
1782407987876823039|1410000.0|-0.0199373399311972
1782407987976666315|1411000.0|0.0100156970009678
1782407988077149865|1412000.0|0.00995187769540387
1782407988176420997|1411000.0|-0.0100734219490919
1782407988276582369|1412000.0|0.00998388879896733
1782407988375988429|1409000.0|-0.0301792466173591
1782407988477114603|1411000.0|0.0197772734880685
1782407988576657111|1407000.0|-0.0401838378434266
1782407988676408660|1413000.0|0.0601494418898698
1782407988776046816|1409000.0|-0.0401452632262685
1782407988922400712|1409000.0|0.0
1782407988976330666|1412000.0|0.0556277129403819
1782407989076970567|1415000.0|0.0298092503091791
1782407989176667203|1407000.0|-0.0802434296780084
1782407989276512640|1407000.0|0.0
1782407989376008188|1409000.0|0.0201014019240338
1782407989476818841|1411000.0|0.019839173147703
1782407989576915750|1410000.0|-0.00999031848226203
1782407989676752451|1410000.0|0.0
1782407989776503087|1411000.0|0.0100249987378527
1782407989875982908|1410000.0|-0.0100522899010846
1782407989975970393|1406000.0|-0.0400050066265793
1782407990075989237|1408000.0|0.0199962319100589
1782407990175973585|1412000.0|0.0400062617800938
1782407990276790175|1411000.0|-0.0099190024181536
1782407990376496780|1407000.0|-0.0401177033357018
1782407990476487481|1411000.0|0.0400037199459178
1782407990576008197|1404000.0|-0.0703371145360329
1782407990676655106|1412000.0|0.0794857992111809
1782407990776646926|1410000.0|-0.0200016361338357
1782407990877171548|1412000.0|0.019895623183741
1782407990975977047|1416000.0|0.040483576728862
1782407991076589125|1416000.0|0.0
1782407991176111681|1413000.0|-0.0301439203390234
1782407991276671551|1418000.0|0.0497216235462516
1782407991376006443|1420000.0|0.020133912261162
1782407991476029367|1415000.0|-0.0499885406269467
1782407991576902133|1414000.0|-0.00991347852997309
1782407991675982737|1418000.0|0.0403711709306899
1782407991775995501|1417000.0|-0.0099987237628989
1782407991875990346|1411000.0|-0.0600030931594524
1782407991975987910|1412000.0|0.0100002436059342
1782407992075987331|1414000.0|0.0200001158006705
1782407992175969184|1406000.0|-0.080014520234987
1782407992276004781|1411000.0|0.0499822078334775
1782407992375984458|1408000.0|-0.0300060981393249
1782407992476007030|1409000.0|0.00999774330938021
1782407992576012771|1407000.0|-0.0199988518659144
1782407992676006687|1407000.0|0.0
1782407992775994732|1404000.0|-0.0300035869288173
1782407992876032009|1412000.0|0.0799701895124554
1782407992976933206|1407000.0|-0.0495534260113882
1782407993077169331|1414000.0|0.0698351018657196
1782407993176973775|1411000.0|-0.0300587817512415
1782407993275995707|1409000.0|-0.020197545731586
1782407993377028185|1411000.0|0.0197956146339398
1782407993476001541|1408000.0|-0.0303111879928574
1782407993576060146|1410000.0|0.0199882858650688
1782407993675997742|1413000.0|0.0300187328900727
1782407993776635036|1411000.0|-0.0198733483434084
1782407993877498105|1408000.0|-0.0297432948426346
1782407993976251301|1410000.0|0.0202525090934778
1782407994076034465|1413000.0|0.0300651921600722
1782407994176940687|1416000.0|0.0297305749887257
1782407994276044507|1416000.0|0.0
1782407994376940264|1416000.0|0.0
1782407994476641012|1411000.0|-0.0501500751027465
1782407994576682433|1418000.0|0.0699710173049221
1782407994676581726|1423000.0|0.0500504042606187
1782407994775998842|1420000.0|-0.0301758904372161
1782407994876685895|1415000.0|-0.049658817603888
1782407994976448740|1415000.0|0.0
1782407995076280224|1413000.0|-0.0200337600911552
1782407995175998700|1410000.0|-0.0300846956385495
1782407995277008762|1410000.0|0.0
1782407995375993414|1413000.0|0.0303077289194288
1782407995477164900|1410000.0|-0.0296526236651303
1782407995576024527|1414000.0|0.0404614110065376
1782407995676014284|1416000.0|0.0200020488098596
1782407995776541241|1413000.0|-0.02984274158423
1782407995876913590|1411000.0|-0.0199258064589083
1782407995976008658|1415000.0|0.0403652783204105
1782407996076002895|1412000.0|-0.0300017289996422
1782407996175978332|1416000.0|0.0400098276139568
1782407996276344281|1419000.0|0.0298906155911503
1782407996375994038|1416000.0|-0.0301054422039383
1782407996476137586|1421000.0|0.0499283288824558
1782407996576950304|1417000.0|-0.0396775335429405
1782407996676665212|1418000.0|0.0100285907098265
1782407996776052136|1415000.0|-0.030185057342151
1782407996876015637|1414000.0|-0.0100036512326634
1782407996976703650|1412000.0|-0.0198633376547018
1782407997076543550|1418000.0|0.0600962140386759
1782407997176481659|1411000.0|-0.0700433505300766
1782407997276275384|1412000.0|0.0100206701373258
1782407997376770949|1417000.0|0.049753439368195
1782407997476457601|1413000.0|-0.0401257331824124
1782407997576893630|1416000.0|0.0298697591877114
1782407997676155835|1412000.0|-0.0402973115497485
1782407997776007943|1420000.0|0.0801184888355086
1782407997876524501|1419000.0|-0.00994860966090781
1782407997976588513|1423000.0|0.0399744115796596
1782407998076384638|1418000.0|-0.0501021457496471
1782407998176827163|1413000.0|-0.0497797123280204
1782407998276603127|1414000.0|0.0100224539048302
1782407998376001123|0.0|-14.2256389152956
1782407998476018720|1415000.0|14.1475104625839
1782407998576020860|1418000.0|0.0299993580137385
1782407998676523961|1411000.0|-0.0696495922051201
1782407998776249557|1415000.0|0.040110063618973
1782407998876455938|1413000.0|-0.0199588088107882
1782407998976538095|1415000.0|0.0199835820884636
1782407999076687132|1416000.0|0.00998511847897249
1782407999176556376|1416000.0|0.0
1782407999276817413|1413000.0|-0.0299218927887211
1782407999375997345|1415000.0|0.0201653697443551
1782407999476071774|1417000.0|0.019985125271112
1782407999576147338|1413000.0|-0.0399697972224268
1782407999676627000|1417000.0|0.0398090511092683
1782407999776647589|1417000.0|0.0
1782407999876389521|1416000.0|-0.0100258735714083
1782407999976064093|1417000.0|0.0100326490491477
1782408000076135130|1413000.0|-0.0399716053706928
1782408000176647592|1419000.0|0.0596940904700951
1782408000276975893|1415000.0|-0.0398691093154264
1782408000376038897|1413000.0|-0.0201891717315578
1782408000477211470|1418000.0|0.0494205084613198
1782408000576066186|1407000.0|-0.111274407990814
1782408000676644391|1411000.0|0.0397700475962958
1782408000776004691|1413000.0|0.0201287637013978
1782408000876996241|1417000.0|0.03960727407392
1782408000976006541|1414000.0|-0.0302998778914921
1782408001076917946|1410000.0|-0.0396387306271278
1782408001176331239|1413000.0|0.030177050869847
1782408001276616180|1411000.0|-0.0199431737213666
1782408001376048864|1416000.0|0.0502852764187679
1782408001476286461|1416000.0|0.0
1782408001575996937|1416000.0|0.0
1782408001676760534|1415000.0|-0.00992421896173476
1782408001776037794|1410000.0|-0.0503640007792318
1782408001876770400|1413000.0|0.0297818166244999
1782408001977268845|1411000.0|-0.0199008054303726
1782408002077158266|1411000.0|0.0
1782408002176546917|1413000.0|0.0201230218931133
1782408002276061282|1408000.0|-0.0502440024613532
1782408002376946864|1408000.0|0.0
1782408002476000844|1410000.0|0.0201910110022838
1782408002576053640|1411000.0|0.00999472318594675
1782408002676062405|1408000.0|-0.0299973707304555
1782408002776804002|1409000.0|0.00992638621760185
1782408002876001726|1409000.0|0.0
1782408002977124988|1406000.0|-0.029666764507656
1782408003076365752|1406000.0|0.0
1782408003176120613|1403000.0|-0.0300737224224091
1782408003276549714|1407000.0|0.0398290929638014
1782408003376919022|1409000.0|0.0199264101731179
1782408003476676347|1410000.0|0.0100243265344174
1782408003576667112|1407000.0|-0.0300027707558793
1782408003676259844|1411000.0|0.0401635733820416
1782408003776563153|1413000.0|0.0199395216363201
1782408003876015470|1412000.0|-0.0100550699085271
1782408003976046282|1414000.0|0.0199938394981738
1782408004076020727|1408000.0|-0.0600153369193497
1782408004176677572|1407000.0|-0.00993474412991983
1782408004276038544|1404000.0|-0.0301929413492453
1782408004376766574|1405000.0|0.00992772319681026
1782408004476033498|1408000.0|0.0302215469072055
1782408004576943496|1409000.0|0.00990982082865565
1782408004675999988|1410000.0|0.0100952494865253
1782408004776049201|1408000.0|-0.0199901622414561
1782408004876445326|1413000.0|0.0498027189794427
1782408004976622794|1413000.0|0.0
1782408005076295223|1409000.0|-0.0401314590216317
1782408005176487796|1410000.0|0.00998077971308312
1782408005277057873|1412000.0|0.0198866308912143
1782408005376551837|1412000.0|0.0
1782408005476022745|1415000.0|0.0301595718820622
1782408005576638039|1411000.0|-0.0397553874861211
1782408005677116580|1411000.0|0.0
1782408005776390144|1411000.0|0.0
1782408005876839565|1411000.0|0.0
1782408005975993561|1407000.0|-0.040341288917897
1782408006076013382|1406000.0|-0.00999801829279419
1782408006176952644|1410000.0|0.0396277912156719
1782408006276675600|1405000.0|-0.0501389068330465
1782408006376357708|1409000.0|0.0401275623103797
1782408006477089386|1407000.0|-0.0198547273281797
1782408006576647606|1405000.0|-0.0200887480712291
1782408006677097556|1405000.0|0.0
1782408006776024367|1406000.0|0.0101084831290074
1782408006876726381|1406000.0|0.0
1782408006976540073|1406000.0|0.0
1782408007076911750|1407000.0|0.00996296993224493
1782408007176827731|1408000.0|0.0100084089651284
1782408007277161184|1407000.0|-0.00996676552136604
1782408007376003148|1405000.0|-0.0202343207182731
1782408007476714809|1403000.0|-0.0198586735651197
1782408007576459478|1407000.0|0.0401023938432238
1782408007676833939|1408000.0|0.00996269359792627
1782408007777148144|1405000.0|-0.0299060337466663
1782408007875991244|1405000.0|0.0
1782408007976188377|1401000.0|-0.0399213019398469
1782408008076543478|1403000.0|0.0199292311010678
1782408008176813795|1406000.0|0.0299191235228667
1782408008275988399|1408000.0|0.0201664530972062
1782408008376470796|1406000.0|-0.0199039837793678
1782408008477204794|1407000.0|0.00992713502744128
1782408008576515766|1407000.0|0.0
1782408008676636435|1402000.0|-0.0499397382172906
1782408008776631151|1409000.0|0.0700036989954549
1782408008876458860|1406000.0|-0.0300517765062604
1782408008977114441|1408000.0|0.0198697377744012
1782408009076769813|1409000.0|0.0100345819791832
1782408009176374098|1412000.0|0.0301191861374237
1782408009276678671|1414000.0|0.019939270366068
1782408009375982859|1412000.0|-0.0201401374934962
1782408009477023305|1409000.0|-0.0296910803422226
1782408009575985045|1415000.0|0.0606294917611594
1782408009676541842|1416000.0|0.00994462860625921
1782408009776556079|1407000.0|-0.0899871885239698
1782408009876895627|1411000.0|0.039864640410778
1782408009977054088|1408000.0|-0.0299525369104863
1782408010076569716|1413000.0|0.050243364790905
1782408010176535841|1408000.0|-0.0500169432395224
1782408010276824110|1406000.0|-0.0199425119203124
1782408010376443723|1410000.0|0.0401527357870784
1782408010475984711|1406000.0|-0.0401844514543095
1782408010576059060|1406000.0|0.0
1782408010676756385|1408000.0|0.0198615007896188
1782408010776798670|1412000.0|0.0399830931490619
1782408010876001434|1416000.0|0.0403214571723022
1782408010976646727|1414000.0|-0.0198717688665281
1782408011075993268|1413000.0|-0.0100657757173448
1782408011176071857|1410000.0|-0.0299764418141427
1782408011276726510|1412000.0|0.0198699209662965
1782408011377077275|1408000.0|-0.0398601844241048
1782408011476919368|1413000.0|0.0500790783702822
1782408011576331988|1418000.0|0.0502954252689447
1782408011676472160|1415000.0|-0.0299580072620606
1782408011776436717|1412000.0|-0.0300106366699549
1782408011875992009|1416000.0|0.0401786777944461
1782408011976908711|1420000.0|0.0396366500363835
1782408012076013315|1416000.0|-0.0403613943101977
1782408012176022256|1411000.0|-0.0499955298996717
1782408012276500045|1412000.0|0.00995244829680717
1782408012376613770|1413000.0|0.00998864041868385
1782408012477264263|1415000.0|0.0198707422128573
1782408012575983539|1413000.0|-0.0202594678672481
1782408012677013360|1412000.0|-0.00989806762104429
1782408012775982476|1416000.0|0.0404166487654593
1782408012876764137|1415000.0|-0.00992244015505956
1782408012976638470|1413000.0|-0.0200251650241309
1782408013076920547|1416000.0|0.0299156149308714
1782408013176607808|1415000.0|-0.0100313720125182
1782408013276131580|1414000.0|-0.0100478506783284
1782408013376759242|1412000.0|-0.0198752506045505
1782408013476805878|1412000.0|0.0
1782408013576835619|1409000.0|-0.0299910803527923
1782408013676626735|1412000.0|0.0300627963715728
1782408013776631020|1411000.0|-0.00999957151836044
1782408013875999560|1409000.0|-0.0201270945512533
1782408013975989445|1412000.0|0.0300030348069707
1782408014076632690|1411000.0|-0.0099360866196236
1782408014176963919|1406000.0|-0.0498349322522502
1782408014276353123|1402000.0|-0.040245819857859
1782408014375984429|1407000.0|0.0501850291915274
1782408014476533273|1405000.0|-0.0198908303709588
1782408014577007444|1407000.0|0.0199056133541027
1782408014676898014|1412000.0|0.0500547749402171
1782408014775980167|1408000.0|-0.040370539788331
1782408014876670514|1408000.0|0.0
1782408014976545325|1406000.0|-0.0200250691838606
1782408015076769682|1407000.0|0.00997761452338377
1782408015176645946|1406000.0|-0.0100123889295659
1782408015276937574|1416000.0|0.0997092199959103
1782408015376337691|1419000.0|0.0301810509941351
1782408015476493205|1413000.0|-0.0599068364823129
1782408015576590815|1410000.0|-0.0299707455552635
1782408015676087189|1406000.0|-0.0402024700920257
1782408015776880034|1412000.0|0.0595280349512904
1782408015875994790|1414000.0|0.0201786301123518
1782408015976516194|1411000.0|-0.0298443901559513
1782408016076561467|1411000.0|0.0
1782408016177071286|1412000.0|0.00994927669703594
1782408016275984167|1410000.0|-0.0202198134336012
1782408016376986038|1408000.0|-0.0198016133780334
1782408016477100078|1408000.0|0.0
1782408016576511555|1410000.0|0.0201184014195866
1782408016676648668|1408000.0|-0.0199726149484657
1782408016777076326|1403000.0|-0.0497870815627305
1782408016876924414|1407000.0|0.0400608572494648
1782408016977095863|1402000.0|-0.0499144222222442
1782408017077001645|0.0|-14.0332218209352
1782408017175983918|1402000.0|14.1641524033298
1782408017275976229|1403000.0|0.0100007689591253
1782408017375975036|1405000.0|0.0200002386028465
1782408017475978019|1405000.0|0.0
1782408017575987978|1404000.0|-0.0099990041991718
1782408017676024882|1406000.0|0.0199926219228056
1782408017775991913|1408000.0|0.0200065959746269
1782408017876754164|1405000.0|-0.0297730545936295
1782408017976121895|1412000.0|0.0704454044542891
1782408018076039613|1409000.0|-0.0300247049277086
1782408018176263972|1410000.0|0.00997761432427819
1782408018275982825|1407000.0|-0.0300845818994729
1782408018375978079|1402000.0|-0.0500023731126279
1782408018476811386|1404000.0|0.0198347159237771
1782408018575988827|1405000.0|0.0100829381149288
1782408018676697350|1408000.0|0.0297889385191361
1782408018775991031|1405000.0|-0.0302134030059778
1782408018875995294|1408000.0|0.0299987211545172
1782408018977207067|1413000.0|0.049401367566202
1782408019077017135|1409000.0|-0.0400761173712456
1782408019175987390|1408000.0|-0.0101040459075305
1782408019276316645|1410000.0|0.0199343651061697
1782408019376545004|1406000.0|-0.0399088645160797
1782408019476631889|1404000.0|-0.0199826380848999
1782408019576475445|1405000.0|0.0100156689130744
1782408019677379121|1403000.0|-0.0198208834334242
1782408019777174437|1406000.0|0.0300615311444076
1782408019876599958|1406000.0|0.0
1782408019976604843|1405000.0|-0.00999951152386206
1782408020076646400|1405000.0|0.0
1782408020176002608|1411000.0|0.0603887781224501
1782408020276529448|1406000.0|-0.0497379605287503
1782408020375993496|1402000.0|-0.0402155359693384
1782408020475986684|1405000.0|0.0300020437392195
1782408020575980273|1406000.0|0.0100006411411036
1782408020676006149|1411000.0|0.0499870653469708
1782408020775988745|1408000.0|-0.0300052221088558
1782408020875993805|1405000.0|-0.0299984820768069
1782408020975998209|1408000.0|0.0299986788581831
1782408021076019108|1407000.0|-0.00999791053667694
1782408021176234521|1406000.0|-0.00997850500301785
1782408021276285709|1404000.0|-0.0199897676377416
1782408021376014590|1406000.0|0.0200543712106827
1782408021476692662|1407000.0|0.00993264948498418
1782408021576665001|1407000.0|0.0
1782408021676945166|1407000.0|0.0
1782408021776460734|1405000.0|-0.0200973580334687
1782408021875985789|1405000.0|0.0
1782408021975990609|1406000.0|0.00999951802323128
1782408022075981379|1403000.0|-0.0300027692556023
1782408022176715402|1404000.0|0.00992713256374165
1782408022276010728|1405000.0|0.0100709674894466
1782408022376002282|1403000.0|-0.0200016893426819
1782408022476543824|1405000.0|0.0198922749762481
1782408022576813124|1408000.0|0.0299194269831344
1782408022676650549|1407000.0|-0.0100162839736702
1782408022776625015|1409000.0|0.0200051081043034
1782408022876307335|1411000.0|0.0200637384844173
1782408022976622203|1409000.0|-0.0199372240613425
1782408023076593677|1409000.0|0.0
1782408023176657150|1411000.0|0.0199873134525323
1782408023276769584|1408000.0|-0.0299663076816212
1782408023376660529|1407000.0|-0.0100109174059771
1782408023476002270|1411000.0|0.0402650483043175
1782408023576743108|1410000.0|-0.0099264610048211
1782408023676002113|1410000.0|0.0
1782408023776943976|1407000.0|-0.0297200775856495
1782408023876016259|1407000.0|0.0
1782408023977167852|1413000.0|0.0593169106096035
1782408024076737370|1409000.0|-0.0401729372637919
1782408024176006278|1410000.0|0.0100736476319453
1782408024276409529|1415000.0|0.0497991842913533
1782408024376671658|1415000.0|0.0
1782408024476722187|1411000.0|-0.0399797986075616
1782408024576380361|1411000.0|0.0
1782408024676612363|1414000.0|0.0299305605010264
1782408024776005272|1408000.0|-0.0603664794638418
1782408024876642956|1404000.0|-0.0397465426569236
1782408024976995231|1412000.0|0.0797191692963612
1782408025076507611|1407000.0|-0.0502450046918785
1782408025176779244|1411000.0|0.0398916411384265
1782408025276630442|1406000.0|-0.0500745118751605
1782408025376900684|1409000.0|0.0299191459017322
1782408025476954651|1409000.0|0.0
1782408025576036661|1413000.0|0.0403705980530673
1782408025676760953|1414000.0|0.0099280916265959
1782408025777048778|1411000.0|-0.0299139003164143
1782408025876368197|1413000.0|0.0201370489289713
1782408025976976792|1413000.0|0.0
1782408026076689413|1414000.0|0.0100288207247105
1782408026176156848|1420000.0|0.06032124986434
1782408026276235087|1422000.0|0.0199843644331112
1782408026376253774|1418000.0|-0.0399925265965549
1782408026476959953|1420000.0|0.0198597545836785
1782408026576489676|1415000.0|-0.050236249527189
1782408026676024616|1416000.0|0.0100467232913387
1782408026776930972|1413000.0|-0.0297305355075948
1782408026876866746|1412000.0|-0.0100064267276301
1782408026976650471|1412000.0|0.0
1782408027076004193|1410000.0|-0.0201300963843106
1782408027176359872|1409000.0|-0.00996455815918499
1782408027276209437|1410000.0|0.010015066164785
1782408027376279147|1413000.0|0.0299791015682967
1782408027476617819|1414000.0|0.00996624711158226
1782408027576656136|1407000.0|-0.069973188373411
1782408027676433460|1407000.0|0.0
1782408027776899973|1412000.0|0.0497678266190049
1782408027876907763|1410000.0|-0.0199984421213587
1782408027976917921|1417000.0|0.0699928901222214
1782408028076938574|1410000.0|-0.0699855458852083
1782408028176628232|1411000.0|0.0100311308119845
1782408028276645477|1414000.0|0.0299948273920162
1782408028376788083|1413000.0|-0.00998575970751151
1782408028476001578|1409000.0|-0.0403170959757037
1782408028576652043|1411000.0|0.0198707477407084
1782408028676250293|1413000.0|0.0200806741082298
1782408028775995233|1413000.0|0.0
1782408028876781266|1410000.0|-0.0297660291877943
1782408028977189089|1410000.0|0.0
1782408029076640666|1414000.0|0.0402205789054506
1782408029176196722|1416000.0|0.0200891847302589
1782408029276589361|1420000.0|0.0398435586497532
1782408029376184618|1419000.0|-0.010040638782628
1782408029476584744|1414000.0|-0.0498007343138195
1782408029576645044|1415000.0|0.00999397363389876
1782408029676956705|1414000.0|-0.0099689307307951
1782408029776669323|1417000.0|0.0300864630793266
1782408029876711367|1411000.0|-0.0599747842017302
1782408029976982533|1411000.0|0.0
1782408030075981961|1414000.0|0.030303205388217
1782408030176018436|1416000.0|0.0199927076598811
1782408030276359954|1412000.0|-0.0398638577502884
1782408030375976618|1420000.0|0.0803078488956426
1782408030476759834|1419000.0|-0.00992228706017875
1782408030576609604|1419000.0|0.0
1782408030676640559|1416000.0|-0.0299907163737465
1782408030775980389|1418000.0|0.0201329114414631
1782408030876491411|1411000.0|-0.0696441033103812
1782408030975979723|1411000.0|0.0
1782408031076662505|1411000.0|0.0
1782408031176748675|1415000.0|0.0399655616755042
1782408031276249242|1417000.0|0.0201003879706535
1782408031375995394|1413000.0|-0.0401017976112001
1782408031476724545|1412000.0|-0.00992761271262973
1782408031576768603|1413000.0|0.00999559614025253
1782408031676596772|1415000.0|0.0200344253534291
1782408031777212530|1414000.0|-0.00993880103750746
1782408031876371862|1413000.0|-0.0100847795142468
1782408031976733747|1414000.0|0.00996394198853479
1782408032076773836|1406000.0|-0.0799679416518712
1782408032176718325|1411000.0|0.0500277709159131
1782408032276940223|1412000.0|0.00997785932970457
1782408032377262729|1412000.0|0.0
1782408032475994778|1413000.0|0.0101284234463725
1782408032576617831|1414000.0|0.00993808049135619
1782408032676424415|1412000.0|-0.0200387581644914
1782408032776094406|1413000.0|0.0100331101665295
1782408032876919764|1412000.0|-0.00991813983938445
1782408032976413738|1417000.0|0.0502542998232235
1782408033076779428|1413000.0|-0.0398542569676948
1782408033176016407|1410000.0|-0.0302306663325573
1782408033276864148|1412000.0|0.0198318770472013
1782408033375995735|1412000.0|0.0
1782408033476643731|1403000.0|-0.0894205583586582
1782408033576003079|1406000.0|0.0301934348441981
1782408033676526594|1404000.0|-0.0198958422812812
1782408033776823564|1407000.0|0.029911172790165
1782408033876915044|1407000.0|0.0
1782408033976009014|1406000.0|-0.0100914313958761
1782408034077251669|1402000.0|-0.0395090389520109
1782408034175998740|1406000.0|0.0405075305980468
1782408034276581407|1408000.0|0.0198841416682658
1782408034376140915|1410000.0|0.0200884881833687
1782408034476979664|1416000.0|0.0595009364901978
1782408034575990065|1413000.0|-0.0302998469827428
1782408034676777709|1413000.0|0.0
1782408034776754116|1408000.0|-0.050011799283805
1782408034876566681|1410000.0|0.0200375573957046
1782408034976945475|1409000.0|-0.00996226354343329
1782408035076735367|1406000.0|-0.0300631651149597
1782408035175982345|1403000.0|-0.0302276206334464
1782408035276050287|1406000.0|0.0299796312389436
1782408035376814090|1410000.0|0.0396967946912444
1782408035476625279|1408000.0|-0.0200378336340628
1782408035576143186|0.0|-14.1482075180701
1782408035676325865|1405000.0|14.0243804021252
1782408035776951891|1402000.0|-0.0298133606111008
1782408035876302501|1401000.0|-0.0100653634637976
1782408035976881934|1406000.0|0.0497119525420272
1782408036076133775|1408000.0|0.0201507597224317
1782408036176645271|1413000.0|0.0497455534837527
1782408036276039496|1407000.0|-0.0603656801992269
1782408036376065886|1406000.0|-0.00999736169624836
1782408036476197556|1409000.0|0.0299605509425739
1782408036576099160|1411000.0|0.0200196985826174
1782408036676366927|1407000.0|-0.0398931792307691
1782408036775982258|1409000.0|0.0200772308832664
1782408036876067767|1406000.0|-0.0299743692166266
1782408036976824161|1407000.0|0.00992492843679975
1782408037076104464|1405000.0|-0.0201449828371293
1782408037176637304|1405000.0|0.0
1782408037276307850|1404000.0|-0.0100330542987093
1782408037376777521|1407000.0|0.0298597573789209
1782408037476693157|1406000.0|-0.010008443523294
1782408037576198310|1408000.0|0.0200994615826579
1782408037675984793|1406000.0|-0.0200427947741179
1782408037776629378|1405000.0|-0.00993595432878977
1782408037876796343|1405000.0|0.0
1782408037976725307|1404000.0|-0.0100071086497004
1782408038076623598|1410000.0|0.0600610875315174
1782408038176650785|1406000.0|-0.0399891281557283
1782408038276005264|1408000.0|0.0201299430094138
1782408038376480118|1411000.0|0.0298582170619526
1782408038476757083|1410000.0|-0.00997237999773926
1782408038575989338|1406000.0|-0.0403094739709382
1782408038677213044|1407000.0|0.00987910875343766
1782408038776533219|1410000.0|0.0302053434762877
1782408038876798409|1403000.0|-0.0698148579781278
1782408038976520442|1404000.0|0.0100278741810248
1782408039076607422|1406000.0|0.0199826191178913
1782408039176326014|1407000.0|0.0100282202139396
1782408039277256038|1407000.0|0.0
1782408039376017088|1407000.0|0.0
1782408039476525142|1408000.0|0.00994945141411254
1782408039576760153|1404000.0|-0.0399062160027099
1782408039676828940|1407000.0|0.0299793780851965
1782408039776597021|1406000.0|-0.0100232458114535
1782408039876374142|1404000.0|-0.0200446753720224
1782408039975992654|1407000.0|0.0301148846712346
1782408040076659172|1407000.0|0.0
1782408040176809335|1403000.0|-0.0399400248604688
1782408040276890168|1403000.0|0.0
1782408040376324198|1409000.0|0.0603415148717195
1782408040476701130|1407000.0|-0.0199248966884144
1782408040576741276|1405000.0|-0.0199919740221091
1782408040676789053|1407000.0|0.0199904491631033
1782408040776970096|1404000.0|-0.0299457852520062
1782408040876959953|1403000.0|-0.0100010144028909
1782408040975991661|1406000.0|0.0302933278703019
1782408041076294448|1406000.0|0.0
1782408041176014270|1407000.0|0.0100280965202686
1782408041276590402|1407000.0|0.0
1782408041377197158|1402000.0|-0.0496984516626299
1782408041476724836|1408000.0|0.060284738080597
1782408041575991024|1410000.0|0.020147847321386
1782408041676734389|1404000.0|-0.05955727208437
1782408041776053778|1407000.0|0.0302055825172263
1782408041876603958|1407000.0|0.0
1782408041976314740|1409000.0|0.0200580113793511
1782408042076438597|1407000.0|-0.0199752592431592
1782408042176531749|1405000.0|-0.0199813869384391
1782408042276785703|1407000.0|0.0199493378585347
1782408042376514724|1410000.0|0.0300815145874138
1782408042475993937|1412000.0|0.0201047026779353
1782408042576687349|1410000.0|-0.0198622726181927
1782408042676475171|1411000.0|0.0100212629152283
1782408042776732677|1409000.0|-0.0199486310780561
1782408042876492099|1406000.0|-0.0300723474520532
1782408042975991647|1406000.0|0.0
1782408043075975422|1407000.0|0.0100016227632933
1782408043176461920|1407000.0|0.0
1782408043275986972|1409000.0|0.0200954429041645
1782408043375988954|1411000.0|0.0199996036078565
1782408043475990841|1409000.0|-0.0199996226071214
1782408043577092655|1406000.0|-0.0296730580917173
1782408043675991366|1408000.0|0.0202227104860851
1782408043776277031|1408000.0|0.0
1782408043876583160|1406000.0|-0.0199389610579031
1782408043975997154|1408000.0|0.020117892054513
1782408044076625908|1409000.0|0.00993751746146037
1782408044176022990|1407000.0|-0.0201213150301535
1782408044276339630|1411000.0|0.0398737437777023
1782408044376487533|1408000.0|-0.0299556946289729
1782408044476601051|1410000.0|0.0199773221434492
1782408044576579209|1406000.0|-0.0400087387087088
1782408044677076298|1410000.0|0.0398021479010203
1782408044775989377|1403000.0|-0.0707692053545315
1782408044876224736|1410000.0|0.069835635546534
1782408044975992637|1411000.0|0.0100232638952683
1782408045076222619|1404000.0|-0.069839381992506
1782408045176325865|1407000.0|0.0299690581462263
1782408045276032164|1405000.0|-0.0200589132287419
1782408045376684757|1404000.0|-0.00993516381639567
1782408045476003005|1405000.0|0.0100686431762268
1782408045575978986|1411000.0|0.0600144148623058
1782408045675971559|1407000.0|-0.0400029710206577
1782408045776009876|1412000.0|0.0499808488381507
1782408045875984497|1410000.0|-0.0200050770885143
1782408045976001406|1409000.0|-0.00999830938586594
1782408046076029210|1407000.0|-0.0199944407456951
1782408046175981974|1405000.0|-0.0200094516645883
1782408046276007810|1409000.0|0.0399896682693059
1782408046375983182|1412000.0|0.0300073902200634
1782408046475986538|1411000.0|-0.00999966441126236
1782408046576575177|1410000.0|-0.00994148056819816
1782408046676013938|1412000.0|0.0201128813340705
1782408046776592817|1405000.0|-0.0695971169056279
1782408046877334434|1410000.0|0.0496319212346969
1782408046975985078|1406000.0|-0.0405471250648906
1782408047076084753|1410000.0|0.0399601697008507
1782408047176978978|1410000.0|0.0
1782408047275988231|1406000.0|-0.0404002644076105
1782408047376423380|1411000.0|0.0497833681712365
1782408047476527968|1409000.0|-0.0199791042544424
1782408047576874189|1408000.0|-0.00996549735540116
1782408047676103380|1414000.0|0.0604660779709471
1782408047776019710|1419000.0|0.0500418700326563
1782408047876294267|1417000.0|-0.0199452389502952
1782408047976537383|1415000.0|-0.0199514947240866
1782408048077002372|1414000.0|-0.00995371631404847
1782408048176161305|1413000.0|-0.0100848200938185
1782408048276150899|1413000.0|0.0
1782408048376333279|1412000.0|-0.00998179520191076
1782408048476701883|1409000.0|-0.0298898249097895
1782408048576715973|1415000.0|0.0599915471910008
1782408048676744176|1415000.0|0.0
1782408048776927659|1413000.0|-0.019963370608706
1782408048876554067|1417000.0|0.0401499971774552
1782408048976002714|1410000.0|-0.0703880868283708
1782408049076700552|1409000.0|-0.00993069980310799
1782408049176003197|1407000.0|-0.020140450438153
1782408049276236584|1404000.0|-0.0299301469279892
1782408049376101824|1409000.0|0.0500674709238169
1782408049477329585|1412000.0|0.0296361390429252
1782408049576627078|1414000.0|0.0201414954151964
1782408049676745936|1416000.0|0.0199762566209055
1782408049776064101|1417000.0|0.0100686515905726
1782408049875996574|1410000.0|-0.0700473008408388
1782408049976623851|1409000.0|-0.00993766332363341
1782408050077368872|1412000.0|0.0297781465547563
1782408050176554795|1409000.0|-0.0302462275821136
1782408050276601508|1411000.0|0.019990661762171
1782408050376377611|1413000.0|0.0200448798847155
1782408050476322515|1416000.0|0.0300165379117278
1782408050576692750|1415000.0|-0.00996311306833146
1782408050676512980|1411000.0|-0.040072037501817
1782408050776384156|1412000.0|0.0100128990170297
1782408050876900263|1415000.0|0.0298459628962749
1782408050976870751|1413000.0|-0.0200059041424305
1782408051076051490|1415000.0|0.020165205665588
1782408051176093434|1416000.0|0.00999580735856152
1782408051276309618|1411000.0|-0.0498921411735254
1782408051376050184|1412000.0|0.0100260108810692
1782408051476954389|1411000.0|-0.00991038976026817
1782408051575998214|1414000.0|0.0302896217911616
1782408051676222112|1414000.0|0.0
1782408051776019606|1415000.0|0.0100202916918936
1782408051876628513|1412000.0|-0.0298184334713029
1782408051976602584|1414000.0|0.0200051871449748
1782408052076220460|1412000.0|-0.0200767179577288
1782408052176547573|1416000.0|0.0398695814161422
1782408052276537339|1410000.0|-0.0600061410284729
1782408052376083055|1408000.0|-0.0200912714315099
1782408052476606473|1413000.0|0.0497396536993997
1782408052576052972|1411000.0|-0.0201113163370387
1782408052676017538|1412000.0|0.0100035446560134
1782408052776748813|1411000.0|-0.00992740338092613
1782408052876438930|1411000.0|0.0
1782408052976846283|1410000.0|-0.00995942996326175
1782408053075991964|1410000.0|0.0
1782408053176298307|1411000.0|0.00996945925942091
1782408053276721675|1410000.0|-0.00995784168481583
1782408053376547120|1409000.0|-0.010017486022727
1782408053477047064|1409000.0|0.0
1782408053576386986|1414000.0|0.0503322319902768
1782408053676981571|1408000.0|-0.0596453576502155
1782408053776459173|1411000.0|0.0301575423983381
1782408053876679900|1410000.0|-0.00997797591310628
1782408053976063502|0.0|-14.1874511652335
1782408054075988419|1406000.0|14.0705646020201
1782408054176996062|1407000.0|0.00990024091543251
1782408054276644625|1409000.0|0.0200705352870969
1782408054376002706|1409000.0|0.0
1782408054476746651|1416000.0|0.0694830840702138
1782408054576589471|1407000.0|-0.0901416847000115
1782408054677078982|1412000.0|0.0497564367688086
1782408054776335175|1408000.0|-0.040299752379179
1782408054876698478|1411000.0|0.0298914036338561
1782408054975983470|1415000.0|0.040288062872584
1782408055076992361|1412000.0|-0.029700355783532
1782408055175985303|1416000.0|0.0404069211318116
1782408055277130770|1414000.0|-0.0197735010704929
1782408055375986111|1413000.0|-0.0101157913157166
1782408055476516598|1417000.0|0.0397889249258287
1782408055575987239|1416000.0|-0.0100532176122199
1782408055677059089|1417000.0|0.0098939516789294
1782408055776619459|1413000.0|-0.040176628511927
1782408055876617254|1410000.0|-0.0300006615145864
1782408055976008727|1405000.0|-0.0503061263615642
1782408056076004362|1410000.0|0.0500021825952703
1782408056176579729|1411000.0|0.00994279245334496
1782408056276986982|1409000.0|-0.0199188797645923
1782408056376407381|1409000.0|0.0
1782408056476002982|1406000.0|-0.0301218123077544
1782408056576055897|1410000.0|0.0399788451940656
1782408056676292046|1408000.0|-0.0199528814699376
1782408056775981919|1411000.0|0.030093327533881
1782408056876336324|1413000.0|0.0199293693186662
1782408056976430776|1413000.0|0.0
1782408057075992423|1414000.0|0.0100440282993711
1782408057176135050|1414000.0|0.0
1782408057276959874|1410000.0|-0.0396727694758981
1782408057376947204|1407000.0|-0.0300038014816477
1782408057476525156|1408000.0|0.0100423836794715
1782408057576364325|1412000.0|0.0400644360331164
1782408057676788538|1414000.0|0.0199155157929891
1782408057776242537|1409000.0|-0.0502744992687524
1782408057876186234|1411000.0|0.0200112669436273
1782408057976205389|1412000.0|0.00999808486684376
1782408058076032797|1413000.0|0.0100172890394991
1782408058176255904|1407000.0|-0.0598664337955518
1782408058276562755|1414000.0|0.069785861386477
1782408058376917158|1414000.0|0.0
1782408058476581829|1414000.0|0.0
1782408058576832664|1415000.0|0.00997497926077125
1782408058676695992|1415000.0|0.0
1782408058776704282|1417000.0|0.0199983421374368
1782408058876578858|1412000.0|-0.0500627907546761
1782408058977089055|1420000.0|0.0795939142373783
1782408059075989625|1411000.0|-0.0910004866503803
1782408059175990569|1412000.0|0.00999990560089113
1782408059276606301|1413000.0|0.00993880360578205
1782408059376167371|1413000.0|0.0
1782408059476164859|1417000.0|0.0400010048252412
1782408059575984650|1420000.0|0.0300541603017382
1782408059676496782|1415000.0|-0.0497452387140689
1782408059776228717|1413000.0|-0.0200537571039808
1782408059876553935|1415000.0|0.0199351672477801
1782408059976046956|1419000.0|0.0402038249496917
1782408060075999563|1420000.0|0.0100047415471614
1782408060176629182|1418000.0|-0.0198748640795311
1782408060276287276|1411000.0|-0.0702401553053985
1782408060376204459|1414000.0|0.030024865693021
1782408060476400411|1415000.0|0.00998044312209339
1782408060576110809|1414000.0|-0.0100290443129111
1782408060676137081|1418000.0|0.0399894939601468
1782408060776365945|1414000.0|-0.0399086634365127
1782408060876933356|1419000.0|0.0497178951937025
1782408060976829259|1420000.0|0.0100104205474773
1782408061075984965|1421000.0|0.0100851483020049
1782408061176249989|1418000.0|-0.0299207029561974
1782408061276464645|1425000.0|0.0698500626495191
1782408061376932150|1421000.0|-0.0398138681755857
1782408061476846436|1421000.0|0.0
1782408061576372768|1419000.0|-0.02009518445832
1782408061676595808|1419000.0|0.0
1782408061776047419|1418000.0|-0.010055141288762
1782408061876705246|1420000.0|0.019869294416618
1782408061976008904|1418000.0|-0.0201402449847316
1782408062076337528|1420000.0|0.019934490480005
1782408062177015930|1421000.0|0.00993261692810738
1782408062276004034|1420000.0|-0.0101022240005728
1782408062376637395|1422000.0|0.0198741250428871
1782408062476711442|1418000.0|-0.039970403115605
1782408062576885520|1424000.0|0.0598957347029438
1782408062676836381|1425000.0|0.0100049163158284
1782408062776624474|1428000.0|0.030063707099804
1782408062876690712|1424000.0|-0.0399735223382736
1782408062975978529|1415000.0|-0.0906455622848471
1782408063076120255|1421000.0|0.0599150847469915
1782408063175981675|1418000.0|-0.0300416316932004
1782408063276460491|1421000.0|0.02985703971671
1782408063375985621|1421000.0|0.0
1782408063476611845|1423000.0|0.0198755346320061
1782408063575978783|1419000.0|-0.0402548380830654
1782408063676895345|1423000.0|0.0396367050237007
1782408063777089631|1420000.0|-0.0299418272215643
1782408063876656393|1418000.0|-0.0200870246237394
1782408063975979906|1423000.0|0.0503405472579287
1782408064076200415|1417000.0|-0.0598679857034053
1782408064175986330|1418000.0|0.010021454430718
1782408064276913292|1417000.0|-0.00990815516670362
1782408064377070168|1424000.0|0.0698903588007278
1782408064476688162|1425000.0|0.0100383470881777
1782408064575981193|1427000.0|0.0201424005275859
1782408064676598409|1426000.0|-0.00993865701869549
1782408064776218178|1423000.0|-0.0301145046822986
1782408064876599825|1425000.0|0.0199239608013206
1782408064976454508|1426000.0|0.0100145528477618
1782408065076134485|1427000.0|0.0100321050435234
1782408065176606851|1422000.0|-0.0497649274030234
1782408065275976426|1420000.0|-0.0201268849142205
1782408065377056556|1420000.0|0.0
1782408065476396307|1420000.0|0.0
1782408065576043484|1417000.0|-0.0301062216744986
1782408065676499369|1416000.0|-0.00995461838796204
1782408065777030248|1420000.0|0.0397887697768961
1782408065875995804|1424000.0|0.040418102637649
1782408065976169977|1419000.0|-0.0499130649174413
1782408066076008722|1416000.0|-0.0300484546355225
1782408066176717872|1415000.0|-0.00992958435256379
1782408066276583802|1420000.0|0.0500671249944801
1782408066376945222|1416000.0|-0.0398559526160551
1782408066476326813|1417000.0|0.0100622257093872
1782408066576677497|1414000.0|-0.029895162448519
1782408066676530515|1412000.0|-0.0200294396710173
1782408066776579581|1412000.0|0.0
1782408066876967130|1418000.0|0.0597683682863898
1782408066976947444|1419000.0|0.0100019689876149
1782408067075995335|1419000.0|0.0
1782408067175983377|1421000.0|0.0200023918860217
1782408067276869071|1422000.0|0.00991220816699739
1782408067376039556|1422000.0|0.0
1782408067476973475|1423000.0|0.00990747223438337
1782408067575975286|1419000.0|-0.0404033013093064
1782408067676686931|1419000.0|0.0
1782408067776681101|1415000.0|-0.0400023321359635
1782408067876890999|1415000.0|0.0
1782408067976003259|1419000.0|0.0403582765643726
1782408068076006788|1416000.0|-0.0299989413373602
1782408068176073309|1413000.0|-0.0299800569663054
1782408068276714233|1411000.0|-0.0198726315350602
1782408068376683842|1415000.0|0.0400121600955746
1782408068476820555|1411000.0|-0.039945389459708
1782408068576609219|1418000.0|0.0701482485024551
1782408068676499162|1419000.0|0.0100110178258886
1782408068776035312|1423000.0|0.040186404637913
1782408068876753741|1423000.0|0.0
1782408068976414963|1414000.0|-0.0903059366460508
1782408069075980745|1421000.0|0.0703052781727763
1782408069176432035|1418000.0|-0.0298652212430522
1782408069275981896|1416000.0|-0.0200904348826765
1782408069376035024|1418000.0|0.0199893800421712
1782408069476829021|1426000.0|0.0793698061204974
1782408069575971167|1418000.0|-0.0806922214493925
1782408069677039501|1418000.0|0.0
1782408069775980958|1425000.0|0.0707489076090723
1782408069875983366|1421000.0|-0.0399990368231933
1782408069976664193|1418000.0|-0.0297971330728144
1782408070076007429|1422000.0|0.0402644423622359
1782408070176075883|1426000.0|0.0399726371309784
1782408070275987730|1422000.0|-0.0400352923112311
1782408070375988713|1415000.0|-0.069999311906764
1782408070475986831|1416000.0|0.010000188203542
1782408070576569722|1420000.0|0.0397681947718126
1782408070675971053|1417000.0|-0.0301806823894541
1782408070776363414|1417000.0|0.0
1782408070875984123|1418000.0|0.0100380735093945
1782408070975981874|1421000.0|0.0300006747151743
1782408071075986296|1418000.0|-0.0299986734586597
1782408071176002142|1422000.0|0.0399936626042237
1782408071275989716|1422000.0|0.0
1782408071376014905|1422000.0|0.0
1782408071475984095|1420000.0|-0.0200061638990973
1782408071575999877|1422000.0|0.0199968440980644
1782408071676045515|1413000.0|-0.0899589445368923
1782408071776034817|1411000.0|-0.0200021398289189
1782408071876030375|1412000.0|0.0100004442197322
1782408071976067581|1407000.0|-0.0499814039188579
1782408072075995538|1412000.0|0.0500360474696786
1782408072176699787|1410000.0|-0.0198601351964801
1782408072276662064|1410000.0|0.0
1782408072376736101|1411000.0|0.00999260177742205
1782408072476761274|1412000.0|0.00999748333352045
1782408072575984058|0.0|-14.2306025196794
1782408072677568025|2833000.0|27.88825917775
1782408072776028853|0.0|-28.7728638641958
1782408072876335675|1413000.0|14.0867786639676
1782408072976000542|1416000.0|0.0301008779753852
1782408073076012419|1415000.0|-0.00999881244104638
1782408073176156344|1416000.0|0.00998562818463526
1782408073276062748|1417000.0|0.0100093683684181
1782408073376037920|1416000.0|-0.0100024834165827
1782408073476053748|1411000.0|-0.0499920872524297
1782408073576038808|1410000.0|-0.010001494223237
1782408073676092749|1409000.0|-0.00999460880806284
1782408073776053377|1412000.0|0.0300118162522949
1782408073876090373|1411000.0|-0.00999630176819784
1782408073976246586|1414000.0|0.0299532091933228
1782408074076011083|1415000.0|0.0100236058925852
1782408074176053263|1414000.0|-0.00999578377840227
1782408074276058850|1414000.0|0.0
1782408074376048053|1413000.0|-0.0100010798165878
1782408074476064696|1417000.0|0.0399933439077734
1782408074576005947|1412000.0|-0.0500293917673694
1782408074676075615|1412000.0|0.0
1782408074776006114|1413000.0|0.0100069549337485
1782408074876048166|1418000.0|0.0499789828381369
1782408074976009912|1414000.0|-0.0400153074557141
1782408075076010763|1416000.0|0.0199998298014484
1782408075176057150|1410000.0|-0.0599721807045366
1782408075275999200|1414000.0|0.0400231934405988
1782408075375986994|1412000.0|-0.0200024414980092
1782408075475988357|1412000.0|0.0
1782408075575990215|1406000.0|-0.0599988852207126
1782408075675996410|1408000.0|0.0199987610767513
1782408075776054636|1409000.0|0.00999418078829421
1782408075876051951|1410000.0|0.0100002685072094
1782408075976370162|1409000.0|-0.00996827983704773
1782408076076022338|1411000.0|0.0200698076076131
1782408076176458406|1410000.0|-0.00995658252969441
1782408076275996085|1409000.0|-0.0100464468334649
1782408076375988375|1410000.0|0.0100007710594487
1782408076475987352|1410000.0|0.0
1782408076575987274|1416000.0|0.0600000468000365
1782408076675985019|1408000.0|-0.0800018040406811
1782408076775999389|1411000.0|0.0299956896194017
1782408076875980943|1408000.0|-0.0300055348209531
1782408076975993152|1408000.0|0.0
1782408077076002321|1404000.0|-0.0399963327362514
1782408077176013074|1410000.0|0.0599935488936875
1782408077275987426|1409000.0|-0.0100025654579887
1782408077376028835|1409000.0|0.0
1782408077475987860|1410000.0|0.0100040991796389
1782408077575988197|1409000.0|-0.00999996630011357
1782408077675990053|1407000.0|-0.0199996288068893
1782408077776061975|1409000.0|0.0199856259381128
1782408077875995639|1405000.0|-0.0400265520135437
1782408077975996264|1410000.0|0.0499996875019531
1782408078075998423|1409000.0|-0.00999978410466118
1782408078175994231|1407000.0|-0.0200008384351472
1782408078275989399|1407000.0|0.0
1782408078375985623|1411000.0|0.0400015104570349
1782408078475986327|1415000.0|0.0399997184019825
1782408078575986423|1417000.0|0.0199999808000184
1782408078675982054|1415000.0|-0.020000873838178
1782408078776066279|1413000.0|-0.0199831691757617
1782408078876042502|1411000.0|-0.0200047565309604
1782408078976511865|1404000.0|-0.0696729808070944
1782408079075993813|1408000.0|0.0402082999018073
1782408079175985284|1412000.0|0.0400034118910002
1782408079275983859|1410000.0|-0.0200002850040613
1782408079375985346|1413000.0|0.0299995539066334
1782408079475984673|1413000.0|0.0
1782408079575979503|1412000.0|-0.0100005170267303
1782408079675987310|1412000.0|0.0
1782408079775984141|1412000.0|0.0
1782408079876063917|1415000.0|0.0299760862774113
1782408079975987275|1411000.0|-0.0400306803140063
1782408080075991258|1415000.0|0.0399984068634546
1782408080175980024|1412000.0|-0.0300033705786508
1782408080276051430|1413000.0|0.00999286449517857
1782408080376068516|1416000.0|0.0299948750756446
1782408080476066643|1409000.0|-0.0700013111245574
1782408080576050737|1409000.0|0.0
1782408080676283008|1410000.0|0.00997682672479804
1782408080776027404|1409000.0|-0.0100256259008276
1782408080876292348|1405000.0|-0.0398943024393451
1782408080976483724|1405000.0|0.0
1782408081076007703|1405000.0|0.0
1782408081176057684|1403000.0|-0.0199900087937048
1782408081275989089|1404000.0|0.0100068642085038
1782408081375982622|1407000.0|0.0300019402254744
1782408081476024907|1406000.0|-0.00999577328726548
1782408081576060585|1401000.0|-0.0499821673623285
1782408081676052582|1405000.0|0.0400032014562125
1782408081776141300|1405000.0|0.0
1782408081876490884|1408000.0|0.029895490149715
1782408081976472193|1408000.0|0.0
1782408082075998731|1407000.0|-0.0100475714326565
1782408082176089848|1404000.0|-0.0299726897842493
1782408082276015092|1407000.0|0.0300224435779211
1782408082376147569|1407000.0|0.0
1782408082476049389|1403000.0|-0.0400393105951423
1782408082576267675|1405000.0|0.0199564378899875
1782408082676055142|1406000.0|0.0100212985664823
1782408082776566165|1401000.0|-0.049745787583915
1782408082876417505|1400000.0|-0.0100148881326981
1782408082976025899|1407000.0|0.0702752019071806
1782408083076063462|1404000.0|-0.0299887353313475
1782408083176448612|1403000.0|-0.00996163277138103
1782408083276506512|1405000.0|0.0199884267009402
1782408083376527084|1407000.0|0.0199958864462403
1782408083476467511|1407000.0|0.0
1782408083576573443|1406000.0|-0.00998941800971395
1782408083676142748|1406000.0|0.0
1782408083775988615|1403000.0|-0.0300463112809667
1782408083876884264|1403000.0|0.0
1782408083976678706|1405000.0|0.0200411962822539
1782408084076064265|1405000.0|0.0
1782408084175980308|1402000.0|-0.0300252082641023
1782408084276528449|1409000.0|0.0696183930441837
1782408084376415212|1406000.0|-0.0300340096114637
1782408084476403942|1403000.0|-0.0300033813810816
1782408084576603778|1405000.0|0.0199601125095654
1782408084676068794|1406000.0|0.0100537861472822
1782408084776571128|1402000.0|-0.0398000707127856
1782408084876018559|1403000.0|0.0100555639290471
1782408084976064874|1409000.0|0.0599722238645172
1782408085076009604|1408000.0|-0.0100055300564622
1782408085176300208|1409000.0|0.00997102380597887
1782408085276902893|1407000.0|-0.0198801851063915
1782408085375995858|1405000.0|-0.0201830674861732
1782408085476250957|1402000.0|-0.0299236650297458
1782408085575983653|1404000.0|0.0200536040858657
1782408085676016111|1403000.0|-0.00999675525317992
1782408085776481500|1403000.0|0.0
1782408085876155716|1405000.0|0.0200653697642327
1782408085975995021|1411000.0|0.0600965721866754
1782408086076004023|1413000.0|0.0199981997620574
1782408086175976031|1405000.0|-0.0800223998701717
1782408086275988377|1410000.0|0.0499938277620245
1782408086375983586|1408000.0|-0.0200009582459096
1782408086476905584|1405000.0|-0.029725927542576
1782408086575983348|1401000.0|-0.0403723281441838
1782408086676331663|1402000.0|0.00996528940221866
1782408086775985302|1404000.0|0.0200695129658035
1782408086876487986|1398000.0|-0.0596998981639137
1782408086976257706|1407000.0|0.0902077303614764
1782408087076203602|1410000.0|0.0300162399864823
1782408087176896351|1406000.0|-0.0397248067981539
1782408087276640325|1406000.0|0.0
1782408087375994298|1410000.0|0.0402600910584623
1782408087476617205|1406000.0|-0.0397523796445277
1782408087576839743|1409000.0|0.0299333868395949
1782408087677209962|1408000.0|-0.00996311465654967
1782408087776203548|1410000.0|0.0202033291328592
1782408087876432917|1408000.0|-0.0199542311794859
1782408087976004187|1408000.0|0.0
1782408088076855559|1409000.0|0.00991558151534121
1782408088176011786|1414000.0|0.0504254765563034
1782408088276295651|1407000.0|-0.0698018569587441
1782408088376389931|1413000.0|0.0599434852820761
1782408088476693908|1415000.0|0.0199393888439738
1782408088575982199|1412000.0|-0.0302150431816779
1782408088676593762|1411000.0|-0.00993921543590372
1782408088775989302|1404000.0|-0.0704256951569457
1782408088876608081|1412000.0|0.0795080210623506
1782408088976703321|1413000.0|0.00999048506202693
1782408089076967441|1411000.0|-0.0199473151512226
1782408089176012034|1411000.0|0.0
1782408089276972126|1416000.0|0.0495245190545191
1782408089376431378|1413000.0|-0.0301631063945665
1782408089476696202|1415000.0|0.0199471750930316
1782408089576499999|1413000.0|-0.0200393177425905
1782408089676928905|1409000.0|-0.0398291702988381
1782408089776565629|1413000.0|0.0401458402024539
1782408089876352050|1405000.0|-0.0801712289089915
1782408089976302617|1413000.0|0.0800395659586403
1782408090076112381|1408000.0|-0.0500952992935641
1782408090176766519|1409000.0|0.00993501131567984
1782408090276834781|1410000.0|0.00999317845652201
1782408090375989614|1409000.0|-0.0100852370958055
1782408090476418886|1409000.0|0.0
1782408090576200251|1413000.0|0.0400876456240101
1782408090676708595|1413000.0|0.0
1782408090777326013|1416000.0|0.0298159111974032
1782408090876906592|1414000.0|-0.020084237509806
1782408090977162791|1415000.0|0.00997444557019362
1782408091076414727|0.0|-14.2566488577109
1782408091176025210|1414000.0|14.1952930797454
1782408091276718339|1413000.0|-0.00993116422074837
1782408091376832921|1411000.0|-0.0199771098280169
1782408091476289706|1410000.0|-0.0100546181942238
1782408091576218510|1407000.0|-0.0300213740174455
1782408091676503429|1414000.0|0.0698011233373983
1782408091776681291|1416000.0|0.019964490757449
1782408091876580623|1410000.0|-0.0600604616655495
1782408091976988039|1416000.0|0.0597565422856814
1782408092077292061|1410000.0|-0.0598181396953354
1782408092176678109|1410000.0|0.0
1782408092276709074|1410000.0|0.0
1782408092376351380|1410000.0|0.0
1782408092476925227|1410000.0|0.0
1782408092576175131|1412000.0|0.020151152992551
1782408092676864723|1408000.0|-0.0397260523212767
1782408092776052323|1410000.0|0.0201638107989305
1782408092876004839|1408000.0|-0.0200095013116028
1782408092976931568|1404000.0|-0.0396327121628999
1782408093076000494|1405000.0|0.0100939824461204
1782408093176274212|1405000.0|0.0
1782408093276456888|1405000.0|0.0
1782408093376742525|1406000.0|0.00997151765611261
1782408093476835873|1406000.0|0.0
1782408093576620339|1412000.0|0.0601295997314853
1782408093676353012|1416000.0|0.0401072174211153
1782408093775969349|1411000.0|-0.0501925703210709
1782408093875977561|1417000.0|0.0599950732045884
1782408093975982172|1415000.0|-0.0199990778425207
1782408094076124143|1412000.0|-0.0299574690815702
1782408094175989393|1413000.0|0.0100134931820628
1782408094276582854|1418000.0|0.0497050200907194
1782408094375969157|1417000.0|-0.0100617486496102
1782408094476539003|1418000.0|0.0099433382845192
1782408094576281436|1414000.0|-0.0401032928482906
1782408094675979373|1416000.0|0.020060595636999
1782408094776380833|1415000.0|-0.00996001452568518
1782408094875982561|1414000.0|-0.0100399864548535
1782408094976687080|1414000.0|0.0
1782408095075983637|1407000.0|-0.0704958984630253
1782408095176989805|1413000.0|0.0594023129359783
1782408095277340929|1410000.0|-0.0298950313700522
1782408095376710879|1416000.0|0.0603804268795546
1782408095476672257|1413000.0|-0.0300115910767056
1782408095575988575|1411000.0|-0.0201376776774991
1782408095676683620|1410000.0|-0.00993097525305242
1782408095775984178|1412000.0|0.0201408737300348
1782408095876040532|1411000.0|-0.00999436777398465
1782408095975981221|1410000.0|-0.0100059346198824
1782408096076008374|1414000.0|0.0399891417483411
1782408096176018455|1414000.0|0.0
1782408096276777564|1420000.0|0.0595479660305452
1782408096376480251|1418000.0|-0.0200596399172271
1782408096476723389|1414000.0|-0.039902980690808
1782408096576599085|1411000.0|-0.0300373376121454
1782408096675988939|1409000.0|-0.0201227783270514
1782408096776046524|1409000.0|0.0
1782408096875986221|1408000.0|-0.010006033938646
1782408096976243855|1411000.0|0.0299229084141363
1782408097076386016|1411000.0|0.0
1782408097176447520|1410000.0|-0.00999385338041691
1782408097276419440|1410000.0|0.0
1782408097376433232|1414000.0|0.0399944839607721
1782408097476180110|1411000.0|-0.0300761293000068
1782408097576192526|1407000.0|-0.0399950342165517
1782408097676117294|1404000.0|-0.0300225865923452
1782408097776000829|1406000.0|0.0200233201598241
1782408097877383925|1406000.0|0.0
1782408097977155092|1409000.0|0.0300688073539322
1782408098076660785|1407000.0|-0.0200993525063938
1782408098176536543|1405000.0|-0.020024879310553
1782408098276750655|1408000.0|0.0299359036380026
1782408098376049690|1411000.0|0.0302117739613482
1782408098476616716|1407000.0|-0.0397744684226816
1782408098576463163|1409000.0|0.02003075782957
1782408098676055607|1409000.0|0.0
1782408098776111111|1408000.0|-0.00999445267898506
1782408098876163238|1405000.0|-0.0299843700474254
1782408098976897850|1405000.0|0.0
1782408099076649127|1406000.0|0.0100249343173822
1782408099176370483|1408000.0|0.0200558845188587
1782408099276000304|1409000.0|0.0100371554416423
1782408099376142991|1411000.0|0.0199715032611418
1782408099476278382|1416000.0|0.0499323960296914
1782408099576410141|1413000.0|-0.0299605243127707
1782408099676473964|1412000.0|-0.00999362177077724
1782408099776925532|1417000.0|0.0497752309849459
1782408099876063702|1417000.0|0.0
1782408099976562006|1414000.0|-0.0298512500270651
1782408100076371955|1409000.0|-0.0500952064407928
1782408100177115429|1412000.0|0.0297786038230129
1782408100276717712|1418000.0|0.060239583062569
1782408100376025449|1416000.0|-0.0201394177374115
1782408100476845180|1411000.0|-0.049593466977213
1782408100577111531|1413000.0|0.0199468713088003
1782408100676670966|1412000.0|-0.010044251456429
1782408100776681620|1412000.0|0.0
1782408100876560976|1410000.0|-0.0200241579451113
1782408100976570542|1411000.0|0.0099990434914996
1782408101076014568|1402000.0|-0.0905031741172667
1782408101176639288|1406000.0|0.0397516634083553
1782408101276199474|1408000.0|0.0200883513817461
1782408101376037694|1414000.0|0.0600972252910759
1782408101476602350|1411000.0|-0.0298315543385342
1782408101576544058|1414000.0|0.0300174977998175
1782408101676371430|1415000.0|0.0100172926519592
1782408101776577524|1411000.0|-0.039917731949516
1782408101876533424|1411000.0|0.0
1782408101976126411|1407000.0|-0.0401634705463749
1782408102076553305|1409000.0|0.0199149841276581
1782408102175999154|1408000.0|-0.0100557238945187
1782408102276340959|1407000.0|-0.00996593593268529
1782408102376003497|1407000.0|0.0
1782408102476183094|1406000.0|-0.0099820724972571
1782408102576868870|1404000.0|-0.019863778971123
1782408102676289551|1409000.0|0.0502913473304412
1782408102776305242|1407000.0|-0.0199968622923377
1782408102876392871|1403000.0|-0.0399649790884746
1782408102976546916|1403000.0|0.0
1782408103076015308|1403000.0|0.0
1782408103176078023|1406000.0|0.0299811972921182
1782408103276629861|1408000.0|0.0198902381078305
1782408103376464703|1409000.0|0.0100165431222899
1782408103476662524|1407000.0|-0.0199605139117746
1782408103576569078|1404000.0|-0.0300280600209672
1782408103676882515|1408000.0|0.0398750169431439
1782408103776329211|1410000.0|0.0201112764973107
1782408103876661192|1412000.0|0.0199338234934283
1782408103975986927|1411000.0|-0.0100678842195328
1782408104076696957|1408000.0|-0.0297884927648219
1782408104176046388|1409000.0|0.0100654829115227
1782408104275987678|1411000.0|0.0200117488977779
1782408104376842269|1410000.0|-0.00991526503736454
1782408104476471477|1409000.0|-0.0100372171983943
1782408104576143374|1409000.0|0.0
1782408104676815100|1406000.0|-0.0297998268153265
1782408104776640869|1410000.0|0.040069814037696
1782408104876624719|1405000.0|-0.0500080763043231
1782408104976480232|1407000.0|0.0200289392134013
1782408105076711315|1405000.0|-0.0199538899524811
1782408105176350715|1405000.0|0.0
1782408105276223235|1408000.0|0.0300382928156814
1782408105376733872|1415000.0|0.069644370077965
1782408105475977845|1419000.0|0.0403047145240749
1782408105576047839|1412000.0|-0.0699510384701332
1782408105676778636|1410000.0|-0.0198549009792904
1782408105776304067|1413000.0|0.0301430495689087
1782408105876302076|1416000.0|0.0300005973118925
1782408105976405542|1413000.0|-0.029968992282445
1782408106076167374|1412000.0|-0.0100238736594172
1782408106176773034|1411000.0|-0.00993979861570413
1782408106276029918|1410000.0|-0.0100748679557581
1782408106376937916|1408000.0|-0.0198200344832924
1782408106476816515|1414000.0|0.0600729291367012
1782408106576004344|1412000.0|-0.020163764245712
1782408106676899845|1416000.0|0.0396449788182329
1782408106775982441|1413000.0|-0.0302777694682122
1782408106876463396|1408000.0|-0.0497606735525155
1782408106976151419|1412000.0|0.0401251813369797
1782408107076833799|1415000.0|0.0297966734596461
1782408107176006330|1416000.0|0.0100834373179404
1782408107276784631|1415000.0|-0.00992277097427947
1782408107376545454|1421000.0|0.0601438502567285
1782408107476565061|1416000.0|-0.0499901984217954
1782408107576394156|1415000.0|-0.0100171197585233
1782408107676858902|1414000.0|-0.00995374038968854
1782408107775981513|1413000.0|-0.0100885155254839
1782408107876156403|1416000.0|0.0299476245993382
1782408107976181690|1414000.0|-0.0199949438785414
1782408108077382696|1412000.0|-0.019762649395007
1782408108176447562|1409000.0|-0.0302831883909276
1782408108276720242|1413000.0|0.0398912246087369
1782408108376006021|1416000.0|0.0302158076435096
1782408108476584400|1415000.0|-0.00994249469858726
1782408108576333381|1413000.0|-0.0200503301382096
1782408108676862863|1406000.0|-0.0696313147221827
1782408108776501876|1416000.0|0.100362294837264
1782408108876793116|1414000.0|-0.0199419211488461
1782408108976387137|1413000.0|-0.0100407633908064
1782408109076993163|1416000.0|0.0298192873655501
1782408109176310877|1416000.0|0.0
1782408109276672102|1415000.0|-0.00996400751385807
1782408109376559563|1419000.0|0.0400450663171827
1782408109476118447|0.0|-14.2528716975172
1782408109576926634|1412000.0|14.0067988723971
1782408109675999146|1413000.0|0.0100936170872502
1782408109776490900|1413000.0|0.0
1782408109876158520|1412000.0|-0.0100333488448906
1782408109976547568|1414000.0|0.0199224919435435
1782408110076515446|1416000.0|0.0200064264643089
1782408110176178409|1411000.0|-0.0501690883904385
1782408110276683922|1412000.0|0.00994970295808549
1782408110376347893|1412000.0|0.0
1782408110476988574|1418000.0|0.0596180385544092
1782408110575991214|1415000.0|-0.0303022222437705
1782408110676423446|1416000.0|0.00995696282046186
1782408110776381819|1413000.0|-0.0300124933005862
1782408110877174645|1414000.0|0.0099213410287752
1782408110975985059|1412000.0|-0.0202407815030509
1782408111076078585|1412000.0|0.0
1782408111176263679|1410000.0|-0.0199630495929864
1782408111276211348|1406000.0|-0.0400209433598697
1782408111376147752|1407000.0|0.010006363647025
1782408111476533791|1408000.0|0.00996154455302296
1782408111576553011|1412000.0|0.0399923134773497
1782408111677058939|1409000.0|-0.0298489856240121
1782408111776543565|1408000.0|-0.010051804386338
1782408111876356080|1413000.0|0.0500939185832558
1782408111976083060|1417000.0|0.0401095069759457
1782408112076892988|1411000.0|-0.0595179474783476
1782408112175990859|1411000.0|0.0
1782408112276117039|1407000.0|-0.0399495916053124
1782408112377240809|1412000.0|0.0494443591254559
1782408112475999366|1412000.0|0.0
1782408112576750062|1409000.0|-0.0297764692365004
1782408112676092943|1405000.0|-0.0402645862464971
1782408112776256308|1406000.0|0.00998369014459528
1782408112876615081|1411000.0|0.0498212547895539
1782408112975998362|1412000.0|0.0100620546025241
1782408113075994317|1412000.0|0.0
1782408113176788405|1415000.0|0.0297636504236241
1782408113276011123|1415000.0|0.0
1782408113376640282|1412000.0|-0.0298124323984463
1782408113476058425|1415000.0|0.0301755787170557
1782408113576984210|1418000.0|0.029724812147857
1782408113676797684|1417000.0|-0.010018687456966
1782408113776548038|1411000.0|-0.0601501624746114
1782408113876293047|1413000.0|0.0200511285732602
1782408113976243130|1410000.0|-0.0300149825788539
1782408114076657311|1413000.0|0.0298762582149627
1782408114176009294|1411000.0|-0.0201304487299463
1782408114276842004|1414000.0|0.0297522500387027
1782408114376232051|1409000.0|-0.0503068481293705
1782408114476649431|1414000.0|0.0497921774099264
1782408114576273383|1409000.0|-0.0501887337294148
1782408114676513451|1410000.0|0.00997605069461844
1782408114776770927|1414000.0|0.0398972740945523
1782408114876947378|1406000.0|-0.0798590878409138
1782408114976342385|1406000.0|0.0
1782408115076118241|1405000.0|-0.0100224647533969
1782408115176052866|1406000.0|0.0100065417766865
1782408115276004787|1409000.0|0.0300144306381065
1782408115376545864|1411000.0|0.019892366977529
1782408115475994662|1412000.0|0.0100554257076089
1782408115576495259|1409000.0|-0.0298505689473666
1782408115676669581|1409000.0|0.0
1782408115775987498|1414000.0|0.0503433836615804
1782408115877077346|1408000.0|-0.0593531409800913
1782408115976635777|1408000.0|0.0
1782408116076407296|1406000.0|-0.0200458008462315
1782408116176633874|1410000.0|0.0399095736861334
1782408116276717811|1417000.0|0.0699412933765785
1782408116376784596|1418000.0|0.00999332595725944
1782408116477534233|1414000.0|-0.0397023762973955
1782408116576052705|1415000.0|0.010150380732661
1782408116676675158|1410000.0|-0.0496906987548793
1782408116776318132|1414000.0|0.0401433220971506
1782408116876786343|1410000.0|-0.0398135883996183
1782408116976242437|1403000.0|-0.0703828163611573
1782408117076306229|1405000.0|0.0199872497336499
1782408117176002883|1408000.0|0.0300912806963411
1782408117276492134|1410000.0|0.0199026262022791
1782408117375999203|1416000.0|0.0602972237077951
1782408117476004739|1413000.0|-0.0299983392919368
1782408117576646918|1406000.0|-0.069553343037217
1782408117676690070|1409000.0|0.0299870599838758
1782408117775993106|1406000.0|-0.0302105567044295
1782408117876733174|1407000.0|0.00992653687706464
1782408117976793350|1407000.0|0.0
1782408118077136072|1409000.0|0.0199316897143771
1782408118176000384|1408000.0|-0.0101148734034583
1782408118276744003|1403000.0|-0.049630934937924
1782408118376249551|1404000.0|0.0100496908976372
1782408118476339247|1410000.0|0.059946230628975
1782408118576517295|1405000.0|-0.0499111342237373
1782408118676762880|1405000.0|0.0
1782408118776434669|1409000.0|0.0401317167087269
1782408118876055465|1407000.0|-0.0200761294860563
1782408118976755037|1405000.0|-0.0198610576021118
1782408119076045751|1405000.0|0.0
1782408119176560488|1412000.0|0.0696415292814227
1782408119276095236|1405000.0|-0.0703271986984887
1782408119375973633|1410000.0|0.0500608755264665
1782408119475977216|1408000.0|-0.0199992834256749
1782408119576816083|1407000.0|-0.00991681114386182
1782408119675986796|1409000.0|0.0201672443355328
1782408119776320493|1406000.0|-0.0299002238500192
1782408119875984265|1409000.0|0.0301012086919608
1782408119975991223|1410000.0|0.0099993042484104
1782408120075983685|1415000.0|0.0500037692841286
1782408120175989971|1413000.0|-0.0199987428790226
1782408120275984912|1418000.0|0.0500025296279739
1782408120375996126|1416000.0|-0.0199977574514794
1782408120476006827|1414000.0|-0.0199978600289983
1782408120575978297|1409000.0|-0.0500142690709659
1782408120675980950|1413000.0|0.0399989388281529
1782408120775990772|1412000.0|-0.00999901789646221
1782408120876745861|1416000.0|0.0397002279458063
1782408120976242096|1416000.0|0.0
1782408121077268771|1409000.0|-0.0692886309482124
1782408121176027449|1416000.0|0.0708798471360664
1782408121276211142|1409000.0|-0.0698716506687371
1782408121376347604|1410000.0|0.00998637239650029
1782408121476630178|1412000.0|0.0199436444461428
1782408121576571422|1416000.0|0.0400235162171886
1782408121676792364|1414000.0|-0.019955909015503
1782408121776060741|1414000.0|0.0
1782408121876314723|1415000.0|0.00997466614343558
1782408121976167679|1416000.0|0.0100147260537785
1782408122076492893|1411000.0|-0.0498379201065048
1782408122176947259|1410000.0|-0.00995476891467316
1782408122276633653|1406000.0|-0.0401258370324841
1782408122376111614|1407000.0|0.0100524778548688
1782408122476706285|1409000.0|0.0198817688861471
1782408122576835546|1412000.0|0.0299612717605096
1782408122676003825|1413000.0|0.0100838696615881
1782408122775984621|1412000.0|-0.0100019207688645
1782408122875974361|1412000.0|0.0
1782408122975987733|1405000.0|-0.0699906408515053
1782408123075980976|1409000.0|0.0400027029826405
1782408123176013532|1417000.0|0.0799739636763855
1782408123276805035|1417000.0|0.0
1782408123376048306|1417000.0|0.0
1782408123475987949|1415000.0|-0.0200120786903351
1782408123576452699|1410000.0|-0.0497686999669038
1782408123676523686|1410000.0|0.0
1782408123776048319|1414000.0|0.0401910550124812
1782408123876886894|1407000.0|-0.0694178790209996
1782408123976005525|1410000.0|0.0302667618563053
1782408124076631874|1412000.0|0.0198755099422319
1782408124175998121|1411000.0|-0.0100637795045233
1782408124276781784|1405000.0|-0.0595334583145683
1782408124376231407|1407000.0|0.0201106845824845
1782408124476015576|1411000.0|0.0400865191351145
1782408124576179972|1411000.0|0.0
1782408124675984413|1411000.0|0.0
1782408124776017336|1409000.0|-0.0199934175671344
1782408124875977330|1410000.0|0.0100040022011206
1782408124976016716|1414000.0|0.039984251802585
1782408125075987686|1407000.0|-0.0700203269008993
1782408125176386977|1411000.0|0.0398409187969266
1782408125276500235|1409000.0|-0.0199773740257259
1782408125376100099|1407000.0|-0.0200803487040906
1782408125476001964|1408000.0|0.0100098231399384
1782408125576166582|1409000.0|0.00998356525454927
1782408125676001487|1408000.0|-0.0100165368014323
1782408125775999112|1410000.0|0.0200004750112815
1782408125876004242|1409000.0|-0.00999948702631555
1782408125976794928|1407000.0|-0.0198431033597688
1782408126076000036|1407000.0|0.0
1782408126176542032|1405000.0|-0.0198921851521627
1782408126276600617|1404000.0|-0.00999414493019265
1782408126375982207|1406000.0|0.0201244516212711
1782408126476096008|1410000.0|0.0399545313437855
1782408126576204113|1407000.0|-0.0299676035222123
1782408126676604252|1405000.0|-0.0199202911462105
1782408126776417908|1405000.0|0.0
1782408126876510397|1404000.0|-0.00999075964631072
1782408126976562198|1404000.0|0.0
1782408127077312882|1403000.0|-0.00992549092768442
1782408127175996627|1405000.0|0.0202667622717399
1782408127276623679|1409000.0|0.0397507421761695
1782408127376632999|1407000.0|-0.0199981361737086
1782408127476594398|1408000.0|0.0100038615906126
1782408127576655015|1411000.0|0.0299818259165841
1782408127676766063|1409000.0|-0.0199778150359589
1782408127776296213|1415000.0|0.0602832408069314
1782408127876145932|0.0|-14.1712967664937
1782408127976055955|1411000.0|14.1227071882468
1782408128076155819|1411000.0|0.0
1782408128175985249|1412000.0|0.0100170861438355
1782408128276320234|1413000.0|0.00996661334030199
1782408128376140752|1416000.0|0.0300539414151307
1782408128476538650|1411000.0|-0.0498018394767588
1782408128576157855|1412000.0|0.0100382250591139
1782408128676691577|1412000.0|0.0
1782408128776160733|1407000.0|-0.0502668384961465
1782408128876621543|1411000.0|0.0398165214873342
1782408128976145836|1417000.0|0.0602867884728405
1782408129076726614|1406000.0|-0.109364833109563
1782408129176865341|1407000.0|0.00998614651851925
1782408129276927427|1408000.0|0.00999379525227967
1782408129376575336|1405000.0|-0.0301060005182848
1782408129476628142|1411000.0|0.0599683331220116
1782408129575987681|1413000.0|0.0201289178686709
1782408129676797052|1410000.0|-0.0297591381658358
1782408129776908372|1411000.0|0.00998888037836281
1782408129876466536|1406000.0|-0.0502218984271345
1782408129976021628|1406000.0|0.0
1782408130076668069|1410000.0|0.0397430844077239
1782408130176003111|1417000.0|0.0704685865034416
1782408130276495727|1415000.0|-0.0199019597618993
1782408130376053250|1413000.0|-0.0200888887121067
1782408130476400842|1411000.0|-0.0199307224033836
1782408130576202175|1409000.0|-0.020039812494288
1782408130676151444|1409000.0|0.0
1782408130776151018|1412000.0|0.0300001278005444
1782408130876147263|1406000.0|-0.0600022530846033
1782408130976597544|1409000.0|0.0298655212323398
1782408131076163338|1413000.0|0.0401744398282004
1782408131176044510|1413000.0|0.0
1782408131276138852|1411000.0|-0.0199811493840481
1782408131376150089|1408000.0|-0.0299966292787679
1782408131476148302|1412000.0|0.0400007148127737
1782408131576126675|1407000.0|-0.0500108158391415
1782408131676318905|1412000.0|0.0499040694073782
1782408131776219757|1410000.0|-0.0200198492801643
1782408131876103809|1415000.0|0.0500580412977239
1782408131976184455|1408000.0|-0.0699435932897555
1782408132076120779|1410000.0|0.0200127433144329
1782408132176514081|1402000.0|-0.0796865910436933
1782408132276738598|1403000.0|0.00997759859496255
1782408132376166087|1405000.0|0.0201151615123258
1782408132476846799|1412000.0|0.0695267232516194
1782408132576588850|1410000.0|-0.0200517232195275
1782408132675996307|1409000.0|-0.0100596075000691
1782408132776084088|1410000.0|0.00999122959874593
1782408132876796736|1413000.0|0.0297877184204312
1782408132977091270|1412000.0|-0.00997063309551845
1782408133076021315|1409000.0|-0.0303244580551843
1782408133176604058|1411000.0|0.0198841266438717
1782408133275982650|1405000.0|-0.0603751761747641
1782408133375996317|1407000.0|0.0199972669735227
1782408133476549443|1404000.0|-0.0298349749962025
1782408133576038388|1404000.0|0.0
1782408133677037181|1410000.0|0.0594066505329425
1782408133776106283|1410000.0|0.0
1782408133876424593|1410000.0|0.0
1782408133976818550|1411000.0|0.00996075889308756
1782408134075995412|1412000.0|0.0100829969796786
1782408134176589626|1402000.0|-0.0994092960455956
1782408134276064138|1408000.0|0.0603169583782427
1782408134376722000|1405000.0|-0.029803931261723
1782408134476224320|1407000.0|0.020100033848457
1782408134576126066|1407000.0|0.0
1782408134676797609|1408000.0|0.00993329366174511
1782408134776423545|1407000.0|-0.0100375468492462
1782408134876080010|1410000.0|0.0301034157693633
1782408134976794337|1409000.0|-0.00992907394396827
1782408135076777747|1409000.0|0.0
1782408135175982016|1412000.0|0.0302406341001313
1782408135276021938|1415000.0|0.0299880281793902
1782408135375980676|1410000.0|-0.0500206395162772
1782408135476790667|1407000.0|-0.0297589551416585
1782408135576008024|1407000.0|0.0
1782408135676711230|1406000.0|-0.0099301704456162
1782408135776600927|1413000.0|0.0700772973613084
1782408135876264831|1408000.0|-0.0501686147072866
1782408135975992559|1411000.0|0.0300819046033015
1782408136076121458|1409000.0|-0.0199742533871265
1782408136176142355|1410000.0|0.00999791073659337
1782408136276122995|1408000.0|-0.0200038727497644
1782408136376130469|1412000.0|0.039997010623426
1782408136476131718|1411000.0|-0.00999987510155998
1782408136576520409|1407000.0|-0.0398451255829205
1782408136676112328|1408000.0|0.0100409753124649
1782408136776151722|1410000.0|0.0199921243025523
1782408136876194107|1411000.0|0.00999576329572711
1782408136976481678|1408000.0|-0.0299139760798474
1782408137076417982|1410000.0|0.0200127473195327
1782408137176032476|1412000.0|0.020077399580025
1782408137276198717|1415000.0|0.0299502104706116
1782408137376594304|1413000.0|-0.0199211943449267
1782408137476421935|1410000.0|-0.0300517999871198
1782408137575981117|1408000.0|-0.0200885539618033
1782408137676796674|1406000.0|-0.0198382081051241
1782408137776166735|1411000.0|0.0503169661936708
1782408137876232640|1409000.0|-0.0199868276812167
1782408137976204128|1407000.0|-0.020005704026332
1782408138076168368|1404000.0|-0.0300107318377052
1782408138176580482|1404000.0|0.0
1782408138276129743|1405000.0|0.0100452779855392
1782408138376302800|1405000.0|0.0
1782408138476399952|1401000.0|-0.0399611769174012
1782408138576636529|1399000.0|-0.0199527962731608
1782408138676127086|1410000.0|0.110563256772198
1782408138776818226|1408000.0|-0.0198627207915215
1782408138875997052|1411000.0|0.0302483919299468
1782408138976049500|1410000.0|-0.00999475794935072
1782408139077047648|1409000.0|-0.00990117165316734
1782408139175988938|1411000.0|0.0202140077211445
1782408139276950589|1412000.0|0.00990475086426628
1782408139375979975|1409000.0|-0.0302940381756987
1782408139476717898|1408000.0|-0.00992674824157334
1782408139576638920|1407000.0|-0.0100079040424547
1782408139677173322|1407000.0|0.0
1782408139776777335|1408000.0|0.010039756129103
1782408139876818374|1407000.0|-0.00999589778350863
1782408139976268610|1403000.0|-0.0402211212450014
1782408140076644595|1404000.0|0.009962542335201
1782408140176105422|1408000.0|0.0402168383337492
1782408140276674319|1406000.0|-0.0198868642260241
1782408140375994377|1411000.0|0.0503422984307963
1782408140476243113|1408000.0|-0.0299255643482627
1782408140576373191|1406000.0|-0.0199740181966102
1782408140676462038|1412000.0|0.0599467391206934
1782408140775990034|1404000.0|-0.0803793939546417
1782408140876528963|1406000.0|0.0198927919751363
1782408140977032964|1412000.0|0.0596991158590791
1782408141075997307|1409000.0|-0.0303139485299266
1782408141176018537|1409000.0|0.0
1782408141276552441|1406000.0|-0.029840679418955
1782408141377654764|1407000.0|0.00989096956753407
1782408141476878982|1409000.0|0.0201563694863284
1782408141576542913|1412000.0|0.0301011606696509
1782408141676639967|1408000.0|-0.0399612160413832
1782408141776648140|1407000.0|-0.00999918276679247
1782408141876551529|1404000.0|-0.0300290113281342
1782408141976125076|1406000.0|0.0200856558820788
1782408142076469203|1409000.0|0.0298971159517886
1782408142176668737|1408000.0|-0.00998008633453325
1782408142276396492|1406000.0|-0.0200545976393432
1782408142375981542|1406000.0|0.0
1782408142476149075|1408000.0|0.0199665494407255
1782408142576808035|1412000.0|0.0397381415424916
1782408142676324893|1412000.0|0.0
1782408142776152361|1410000.0|-0.0200345660374758
1782408142876663496|1409000.0|-0.00994914643039301
1782408142976055202|1410000.0|0.010061201686185
1782408143076655473|1407000.0|-0.0298209932257538
1782408143176051977|1412000.0|0.0503035800937224
1782408143276644648|1409000.0|-0.0298232462681103
1782408143376608660|1408000.0|-0.0100036000956024
1782408143475979517|1410000.0|0.0201266252539213
1782408143575986072|1410000.0|0.0
1782408143676019156|1411000.0|0.00999669269418905
1782408143776391346|1409000.0|-0.0199258380234605
1782408143876010380|1401000.0|-0.0803059383209839
1782408143976547738|1401000.0|0.0
1782408144076061443|1403000.0|0.0200977342769019
1782408144177036643|1405000.0|0.0198068436606216
1782408144276171802|1409000.0|0.0403489542998564
1782408144375979699|1415000.0|0.0601154836475515
1782408144476121087|1410000.0|-0.0499294058117109
1782408144576000202|1410000.0|0.0
1782408144676916618|1413000.0|0.0297275717758348
1782408144776311234|1404000.0|-0.0905481640977415
1782408144876612542|1406000.0|0.0199399194275712
1782408144976129431|1405000.0|-0.010048545629275
1782408145076753429|1404000.0|-0.00993798715888828
1782408145176117131|1412000.0|0.0805122981428369
1782408145276495624|1415000.0|0.0298868802503341
1782408145376471714|1417000.0|0.0200047831436496
1782408145475987658|1414000.0|-0.0301459231497618
1782408145575965523|1411000.0|-0.0300066419702001
1782408145676109519|1410000.0|-0.0099856211050336
1782408145775978568|1413000.0|0.0300393368119486
1782408145876005011|1411000.0|-0.0199947127980948
1782408145975991901|1410000.0|-0.0100013111718946
1782408146076008519|1412000.0|0.0199966769522241
1782408146176013505|1410000.0|-0.0199990028497179
1782408146276508637|1406000.0|-0.0398029229913345
1782408146375993764|1409000.0|0.0301552612985055
1782408146475985229|0.0|-14.0912026841491
1782408146576002359|1408000.0|14.0775885090884
1782408146675989393|1414000.0|0.0600077806088337
1782408146775988714|1408000.0|-0.0600004074027663
1782408146876002276|1408000.0|0.0
1782408146976004126|1409000.0|0.00999981500342244
1782408147076549130|1410000.0|0.00994579501931294
1782408147176340305|1408000.0|-0.0200418523982707
1782408147276430890|1407000.0|-0.00999094969821587
1782408147376651637|1401000.0|-0.0598678435314397
1782408147476526205|1407000.0|0.0600753537176752
1782408147576909240|1411000.0|0.0398473706239306
1782408147676008652|1412000.0|0.0100908772294229
1782408147776268198|1407000.0|-0.0498705629486892
1782408147876071966|1406000.0|-0.0100196617827094
1782408147976530057|1405000.0|-0.0099543997904559
1782408148076051903|1404000.0|-0.0100480451297095
1782408148176649354|1408000.0|0.0397624389111012
1782408148276264352|1408000.0|0.0
1782408148376773419|1409000.0|0.00994935113664919
1782408148476102511|1407000.0|-0.020135087915633
1782408148576347769|1411000.0|0.0399021368172847
1782408148676050815|1408000.0|-0.0300893515329512
1782408148775988007|1408000.0|0.0
1782408148876899748|1408000.0|0.0
1782408148975990536|1408000.0|0.0
1782408149076592642|1407000.0|-0.00994014976187477
1782408149176001815|1407000.0|0.0
1782408149276524721|1411000.0|0.0397919256333477
1782408149376154854|1408000.0|-0.0301113720283802
1782408149475990957|1406000.0|-0.0200328332126505
1782408149576006468|1406000.0|0.0
1782408149675979579|1410000.0|0.0400107584928511
1782408149775978467|1412000.0|0.0200002224024731
1782408149876506509|1406000.0|-0.0596848389825398
1782408149975982225|1407000.0|0.0100527047224269
1782408150075993720|1409000.0|0.0199977012642397
1782408150176008159|1410000.0|0.00999855630845462
1782408150276459304|1408000.0|-0.0199101762354227
1782408150375986892|1411000.0|0.0301423962971955
1782408150476819031|1410000.0|-0.00991747284067831
1782408150577230224|1412000.0|0.019918098174573
1782408150676371282|1410000.0|-0.0201732767467541
1782408150776449225|1409000.0|-0.00999221177037981
1782408150876007341|1411000.0|0.0200887690562565
1782408150976122628|1410000.0|-0.00998848457578711
1782408151076146779|1410000.0|0.0
1782408151176119665|1413000.0|0.0300081364061052
1782408151276400792|1410000.0|-0.0299158983324948
1782408151376002348|1414000.0|0.0401600151708473
1782408151476737718|1413000.0|-0.00992699982141327
1782408151576285674|1413000.0|0.0
1782408151676884818|1415000.0|0.0198808848711476
1782408151776158325|1414000.0|-0.0100731809545119
1782408151875999802|1410000.0|-0.0400635098777635
1782408151976205281|1411000.0|0.00997949423504078
1782408152076703609|1410000.0|-0.00995041429942994
1782408152176143915|1411000.0|0.0100562844205246
1782408152276311329|1408000.0|-0.0299498597418118
1782408152376442503|1409000.0|0.00998689978407723
1782408152476492124|1413000.0|0.0399801614440898
1782408152576794979|1413000.0|0.0
1782408152676170149|1418000.0|0.0503143793364077
1782408152776061034|1414000.0|-0.040043693676355
1782408152876200944|1413000.0|-0.00998602854745925
1782408152976052964|1410000.0|-0.0300444597915996
1782408153076538059|1414000.0|0.0398068987246318
1782408153176312287|1412000.0|-0.0200452565766783
1782408153276269187|1409000.0|-0.0300129355752329
1782408153376596265|1410000.0|0.00996739883125072
1782408153476018666|1415000.0|0.0502904772939451
1782408153576046367|1412000.0|-0.0299916920013987
1782408153676000931|1410000.0|-0.020009091330737
1782408153776843644|1411000.0|0.00991643293055791
1782408153876007052|1409000.0|-0.0201687299815271
1782408153976621252|1412000.0|0.0298168648162983
1782408154076696793|1413000.0|0.00999245160213523
1782408154175984968|1411000.0|-0.0201433856549383
1782408154276827648|1408000.0|-0.0297493085269055
1782408154376285169|1411000.0|0.0301636313657969
1782408154476631990|1406000.0|-0.0498271888453746
1782408154576003542|1408000.0|0.020126484489243
1782408154676755966|1409000.0|0.00992531951390073
1782408154776424320|1403000.0|-0.0601996497303447
1782408154876208499|1411000.0|0.0801730302355847
1782408154977315116|1411000.0|0.0
1782408155076416795|1411000.0|0.0
1782408155176972113|1409000.0|-0.0198895497501186
1782408155275984095|1410000.0|0.0100997877206417
1782408155376600245|1404000.0|-0.0596325738959402
1782408155475986773|1407000.0|0.0301851776128048
1782408155576749532|1409000.0|0.0198486029942868
1782408155676124635|1410000.0|0.0100628826518046
1782408155775986558|1412000.0|0.0200276535832381
1782408155876045345|1410000.0|-0.0199882495077619
1782408155976307861|1408000.0|-0.0199476342684239
1782408156076627498|1411000.0|0.0299044144268584
1782408156176644508|1415000.0|0.0399931971571636
1782408156276824479|1413000.0|-0.0199640704627475
1782408156376644160|1412000.0|-0.0100180644736783
1782408156476006287|1412000.0|0.0
1782408156576358067|1413000.0|0.00996494531536959
1782408156676137956|1410000.0|-0.0300661789671865
1782408156776106214|1411000.0|0.0100031752078745
1782408156876052760|1409000.0|-0.0200106965177166
1782408156976165691|1409000.0|0.0
1782408157076365790|1414000.0|0.0499001502982547
1782408157175999725|1410000.0|-0.040146963983707
1782408157276923859|1411000.0|0.00990843280359483
1782408157376519123|1413000.0|0.0200812761538541
1782408157476643413|1415000.0|0.0199751728576552
1782408157576517669|1418000.0|0.0300377706943819
1782408157676426198|1418000.0|0.0
1782408157776509128|1415000.0|-0.0299751416150586
1782408157876170568|1414000.0|-0.0100339710122591
1782408157975999800|1414000.0|0.0
1782408158076125802|1415000.0|0.00998741565652447
1782408158176200219|1413000.0|-0.0199851276675436
1782408158276052396|1414000.0|0.0100148041839889
1782408158376056828|1410000.0|-0.039998227278567
1782408158476211022|1413000.0|0.0299538130175557
1782408158576089870|1414000.0|0.0100121298956111
1782408158676582641|1416000.0|0.0199019290651265
1782408158776606130|1417000.0|0.00999765165160356
1782408158876128288|1411000.0|-0.0602880817757187
1782408158976641795|1411000.0|0.0
1782408159076817397|1415000.0|0.0399298823280343
1782408159176841892|1413000.0|-0.0199951021997162
1782408159276632787|1411000.0|-0.0200419086330471
1782408159376711428|1409000.0|-0.0199842841590944
1782408159476140833|1411000.0|0.020114773894101
1782408159576907429|1408000.0|-0.0297717707959491
1782408159676118785|1409000.0|0.0100794913033947
1782408159776385682|1409000.0|0.0
1782408159876611379|1407000.0|-0.0199549622488532
1782408159976713284|1410000.0|0.029969459622172
1782408160076530210|1409000.0|-0.0100183409775613
1782408160176165743|1409000.0|0.0
1782408160276262495|1410000.0|0.00999033415190135
1782408160376687297|1409000.0|-0.00995769949339806
1782408160476143965|1409000.0|0.0
1782408160576049484|1409000.0|0.0
1782408160676125836|1411000.0|0.0199847412503605
1782408160776569325|1407000.0|-0.0398233876563169
1782408160876244603|1410000.0|0.0300977339636815
1782408160976466971|1411000.0|0.00997781253781591
1782408161076652859|1409000.0|-0.0199628913804707
1782408161176042694|1410000.0|0.0100613910869255
1782408161276242390|1413000.0|0.0299402105970461
1782408161376172580|1409000.0|-0.0400279435073625
1782408161476016913|1412000.0|0.0300467729099858
1782408161576740323|1414000.0|0.0198563571269082
1782408161676056366|1412000.0|-0.020137733437487
1782408161776233470|1410000.0|-0.0199646418207498
1782408161876614719|1420000.0|0.0996201989875619
1782408161976416764|1413000.0|-0.0701388433473482
1782408162076688411|1414000.0|0.00997290889218166
1782408162176125958|1414000.0|0.0
1782408162276735735|1415000.0|0.00993939187440998
1782408162375983089|1413000.0|-0.0201516707437863
1782408162476330561|1415000.0|0.0199307462374339
1782408162576464992|1412000.0|-0.0299597248422973
1782408162676744575|1417000.0|0.0498605982436126
1782408162776149706|1416000.0|-0.0100598428867822
1782408162876521561|1413000.0|-0.0298888567915777
1782408162976623720|1411000.0|-0.0199795890516208
1782408163076482788|1409000.0|-0.0200282261797196
1782408163176003726|1411000.0|0.0200962736102829
1782408163276500334|1409000.0|-0.0199011692016511
1782408163376018057|1412000.0|0.0301453842548226
1782408163476112486|1410000.0|-0.0199811320168478
1782408163576715143|1405000.0|-0.0497004765987443
1782408163676688084|1405000.0|0.0
1782408163776176526|1408000.0|0.0301542565115252
1782408163876835198|1406000.0|-0.0198691276197246
1782408163976317769|1407000.0|0.0100520120253024
1782408164076026868|1406000.0|-0.0100291749702803
1782408164176144769|1409000.0|0.0299646713528283
1782408164276127693|1408000.0|-0.0100017078916396
1782408164376133386|1412000.0|0.0399977229296336
1782408164476255319|1408000.0|-0.0399512861982
1782408164576365380|1412000.0|0.0399560240004249
1782408164676137439|1409000.0|-0.0300685385274048
1782408164776055707|1407000.0|-0.0200163597711682
1782408164876905692|1408000.0|0.00991571788533236
1782408164975987699|0.0|-14.210450944943
1782408165076792691|1411000.0|13.997322672274
1782408165176392557|1411000.0|0.0
1782408165276675978|1410000.0|-0.00997173800044177
1782408165375980834|1412000.0|0.0201400020156114
1782408165477139700|1402000.0|-0.0988544098546933
1782408165576290571|1411000.0|0.0907707608539314
1782408165676557656|1412000.0|0.00997336264438125
1782408165776480339|1409000.0|-0.030023213047632
1782408165876766032|1411000.0|0.019943024175941
1782408165976126873|1408000.0|-0.0301929811564296
1782408166076330853|1415000.0|0.0698575046619905
1782408166177067076|1407000.0|-0.0794153261036996
1782408166276466588|1410000.0|0.0301812346925808
1782408166375977620|1411000.0|0.0100491370645216
1782408166477123669|1416000.0|0.0494334682316657
1782408166576963279|1414000.0|-0.0200321295325573
1782408166676602744|1413000.0|-0.0100361839558251
1782408166776834660|1412000.0|-0.00997686206058358
1782408166876327964|1413000.0|0.0100509276483571
1782408166976507480|1413000.0|0.0
1782408167076785444|1415000.0|0.0199445612996291
1782408167176183899|1411000.0|-0.0402420741851571
1782408167276277782|1410000.0|-0.00999062050575059
1782408167376679154|1409000.0|-0.0099600232554591
1782408167476188186|1407000.0|-0.0200986780777849
1782408167576019603|1404000.0|-0.0300506603046614
1782408167676517632|1407000.0|0.0298513317111921
1782408167776557946|1408000.0|0.00999597022456367
1782408167876458052|1407000.0|-0.0100099993887894
1782408167975986524|1408000.0|0.0100473761920107
1782408168075984485|1414000.0|0.0600012234249456
1782408168177095509|1407000.0|-0.069230828875791
1782408168275981096|1411000.0|0.0404507888495418
1782408168376443269|1408000.0|-0.0298619859636124
1782408168476208429|1409000.0|0.0100235392796443
1782408168576751129|1410000.0|0.00994602293353968
1782408168676053471|1414000.0|0.0402810237849174
1782408168776406506|1413000.0|-0.00996482069525849
1782408168876281315|1415000.0|0.020025069584864
1782408168976016971|1415000.0|0.0
1782408169076536583|1413000.0|-0.0198966148018956
1782408169176295727|1413000.0|0.0
1782408169276172359|1405000.0|-0.0800988163077025
1782408169376128575|1409000.0|0.0400175212715135
1782408169476677627|1407000.0|-0.0198907892239501
1782408169576609667|1411000.0|0.04002720248681
1782408169675995881|1405000.0|-0.0603705459592213
1782408169776228371|1413000.0|0.0798144394098161
1782408169876306268|1413000.0|0.0
1782408169976446966|1416000.0|0.0299578499043416
1782408170076123772|1415000.0|-0.0100324241930465
1782408170176151428|1412000.0|-0.0299917054939286
1782408170276195260|1414000.0|0.0199912374408049
1782408170376556134|1418000.0|0.0398561694470696
1782408170475981563|1416000.0|-0.020115578279275
1782408170576394934|1415000.0|-0.00995883307214136
1782408170676003644|1418000.0|0.0301178481279398
1782408170776813544|1416000.0|-0.0198393213364957
1782408170876142396|1412000.0|-0.0402702731327248
1782408170976710199|1412000.0|0.0
1782408171076703583|1416000.0|0.0400026465750974
1782408171176550278|1413000.0|-0.0300460621155262
1782408171276089963|1411000.0|-0.0200924887395414
1782408171376401843|1414000.0|0.0299067269001438
1782408171476754589|1414000.0|0.0
1782408171576425634|1410000.0|-0.0401320162741346
1782408171676227977|1412000.0|0.0200396096913276
1782408171776679394|1412000.0|0.0
1782408171876219015|1409000.0|-0.0301387524873136
1782408171975973565|1408000.0|-0.0100246053939394
1782408172076102357|1410000.0|0.0199742747320871
1782408172176105995|1409000.0|-0.00999963621323456
1782408172276141138|1412000.0|0.0299894608037897
1782408172376127000|1411000.0|-0.0100014139999113
1782408172476712466|1417000.0|0.0596507650518814
1782408172575984949|1408000.0|-0.0906595637383221
1782408172676115628|1413000.0|0.0499347457735706
1782408172775976114|1405000.0|-0.0801117671307949
1782408172876097913|1410000.0|0.0499391745847475
1782408172976179008|1413000.0|0.0299756912132106
1782408173076010374|1411000.0|-0.0200337837709243
1782408173175995564|1407000.0|-0.0400059248774744
1782408173276003874|1410000.0|0.0299975072071511
1782408173376033513|1411000.0|0.00999703697821003
1782408173475993502|1412000.0|0.0100040027015209
1782408173576004500|1411000.0|-0.0099989003209427
1782408173676007579|1415000.0|0.0399987684379198
1782408173776010833|1415000.0|0.0
1782408173876009975|1411000.0|-0.0400003432029447
1782408173976005245|1411000.0|0.0
1782408174075990658|1414000.0|0.0300043767384348
1782408174176014823|1417000.0|0.0299927522514184
1782408174275986108|1413000.0|-0.0400114892991522
1782408174375992785|1419000.0|0.0599959940674761
1782408174475997670|1417000.0|-0.0199990230477241
1782408174575999948|1408000.0|-0.0899979498467025
1782408174675993745|1409000.0|0.0100006203384796
1782408174775982934|1409000.0|0.0
1782408174875993515|1410000.0|0.00999894201194572
1782408174976010721|1409000.0|-0.00999827969599551
1782408175076008149|1403000.0|-0.0600015432396921
1782408175175989786|1406000.0|0.0300055099117851
1782408175276004430|1411000.0|0.0499926790720767
1782408175377009208|1410000.0|-0.00990052173571432
1782408175476117911|1412000.0|0.0201798625091482
1782408175576321357|1413000.0|0.00997969670623903
1782408175676544019|1413000.0|0.0
1782408175776182694|1411000.0|-0.0200725270583937
1782408175876613053|1414000.0|0.0298714455456641
1782408175977461334|1418000.0|0.0396635417117323
1782408176075988867|1412000.0|-0.0608966835696576
1782408176176022486|1416000.0|0.0399865569194293
1782408176276366332|1411000.0|-0.0498286661246769
1782408176376448240|1416000.0|0.0499590795171491
1782408176476024801|1414000.0|-0.0200850479260877
1782408176576244054|1421000.0|0.0698468586669669
1782408176676139562|1413000.0|-0.0800836810399923
1782408176776326686|1417000.0|0.0399252901999662
1782408176876400626|1412000.0|-0.049963057315421
1782408176976149925|1407000.0|-0.0501256655447774
1782408177076534522|1411000.0|0.0398467505926233
1782408177176127948|1413000.0|0.0200816467544755
1782408177276145311|1413000.0|0.0
1782408177376121954|1410000.0|-0.0300070087370307
1782408177476002820|1410000.0|0.0
1782408177576473130|1406000.0|-0.0398127566243202
1782408177677049424|1416000.0|0.0994270081178374
1782408177775990206|1412000.0|-0.0404282230152578
1782408177875981745|1412000.0|0.0
1782408177976025108|1413000.0|0.00999566557953475
1782408178076035591|1414000.0|0.00999895180988177
1782408178176265099|1408000.0|-0.0598626105198481
1782408178275987836|1411000.0|0.0300834101655272
1782408178376186336|1411000.0|0.0
1782408178477004790|1415000.0|0.0396752761156207
1782408178576736568|1416000.0|0.0100268943365273
1782408178676127575|1412000.0|-0.0402450897796015
1782408178776155882|1414000.0|0.019994340202119
1782408178875981451|1411000.0|-0.0300524207380175
1782408178976613953|1410000.0|-0.00993714734430433
1782408179076003248|1409000.0|-0.0100614457522815
1782408179176047266|1412000.0|0.0299868004101954
1782408179276078004|1409000.0|-0.0299907814336029
1782408179376382695|1411000.0|0.0199392469091999
1782408179475988215|1411000.0|0.0
1782408179576736220|1408000.0|-0.0297772645721372
1782408179676481821|1412000.0|0.0401020191356609
1782408179776492735|1407000.0|-0.049994543595512
1782408179876205439|1406000.0|-0.0100288123768061
1782408179976568706|1407000.0|0.00996380478527069
1782408180076400899|1413000.0|0.0601008534391306
1782408180176749798|1413000.0|0.0
1782408180276134436|1413000.0|0.0
1782408180377072042|1411000.0|-0.0198142206780692
1782408180476170870|1412000.0|0.0100909366960425
1782408180576597945|1405000.0|-0.0697023188218914
1782408180676413689|1412000.0|0.070129217290611
1782408180775995480|1411000.0|-0.0100419965332819
1782408180876803677|1413000.0|0.019839656491426
1782408180976227547|1414000.0|0.0100579468491822
1782408181075983706|1412000.0|-0.0200488874075434
1782408181176388061|1417000.0|0.0497986367224808
1782408181276411710|1416000.0|-0.00999763565914297
1782408181376904752|1417000.0|0.00995093769775623
1782408181476191661|1422000.0|0.0503591062543804
1782408181576551407|1421000.0|-0.00996415435328025
1782408181676576016|1418000.0|-0.0299926191163617
1782408181776659793|1418000.0|0.0
1782408181876471728|1416000.0|-0.0200376838701704
1782408181976760673|1418000.0|0.0199423774973403
1782408182076075070|1411000.0|-0.0704832351748559
1782408182176142318|1416000.0|0.049966398596272
1782408182276131870|1417000.0|0.0100010449091721
1782408182376565216|1417000.0|0.0
1782408182476068205|1412000.0|-0.0502497467689136
1782408182576468222|1418000.0|0.0597609460564135
1782408182676067692|1418000.0|0.0
1782408182776378349|1417000.0|-0.00996903050889199
1782408182876328429|1414000.0|-0.0300149834797531
1782408182976773838|1412000.0|-0.0199113132189048
1782408183076153594|1416000.0|0.0402496460144257
1782408183176330266|1414000.0|-0.0199647279158964
1782408183276109896|1411000.0|-0.0300662570105742
1782408183376057751|1415000.0|0.0400208688820786
1782408183476518088|0.0|-14.0851607933587
1782408183576451991|1414000.0|14.149352297388
1782408183676769592|1415000.0|0.00996834045104408
1782408183775977346|1412000.0|-0.0302395717979867
1782408183876067522|1417000.0|0.0499549526219237
1782408183975976832|1412000.0|-0.0500453861607091
1782408184076319680|1419000.0|0.0697608264018976
1782408184175977069|1419000.0|0.0
1782408184276590686|1417000.0|-0.0198780250589739
1782408184376343931|1413000.0|-0.0400989461545837
1782408184476054024|1413000.0|0.0
1782408184576665210|1412000.0|-0.00993925267912059
1782408184676637463|1414000.0|0.0200055509402194
1782408184776004978|1416000.0|0.0201273021671117
1782408184876651027|1413000.0|-0.0298074294004328
1782408184976629042|1412000.0|-0.0100021989834465
1782408185076728960|1411000.0|-0.00999001817364126
1782408185176998959|1413000.0|0.0199461456063244
1782408185276268441|1412000.0|-0.010073589383694
1782408185376364247|1413000.0|0.00999042857000422
1782408185475998546|1411000.0|-0.0200734086561898
1782408185576050208|1411000.0|0.0
1782408185676004381|1413000.0|0.0200091696021536
1782408185776341740|1413000.0|0.0
1782408185876018440|1410000.0|-0.0300973045857257
1782408185976180535|1409000.0|-0.00998381673226783
1782408186075993043|1411000.0|0.0200375688385668
1782408186176151201|1409000.0|-0.0199684183489077
1782408186276252718|1404000.0|-0.0499492929762493
1782408186376568461|1411000.0|0.0697796755589997
1782408186476151527|1413000.0|0.0200837359235354
1782408186576106548|1413000.0|0.0
1782408186676001121|1410000.0|-0.0300316614797483
1782408186776480656|1415000.0|0.0497613767818492
1782408186876001675|1405000.0|-0.100481286269788
1782408186976599626|1411000.0|0.05964336192096
1782408187076059412|1419000.0|0.0804345185299313
1782408187176045632|1411000.0|-0.0800110255193166
1782408187276209309|1412000.0|0.00998365904638265
1782408187376254345|1414000.0|0.0199909968546565
1782408187476617367|1416000.0|0.019927658216589
1782408187576005408|1410000.0|-0.0603694361980633
1782408187676411726|1414000.0|0.0398381305048951
1782408187776351786|1414000.0|0.0
1782408187876551175|1410000.0|-0.0399204031074481
1782408187976535940|1413000.0|0.0300045711964218
1782408188076994769|1413000.0|0.0
1782408188176435450|1413000.0|0.0
1782408188276467637|1414000.0|0.00999678233566962
1782408188376804739|1415000.0|0.00996640305597026
1782408188476284748|1414000.0|-0.0100522709039964
1782408188576307336|1414000.0|0.0
1782408188676801430|1410000.0|-0.0398033341143411
1782408188776229727|1409000.0|-0.0100574990236431
1782408188876907550|1411000.0|0.0198653481015377
1782408188976334774|1411000.0|0.0
1782408189076646579|1411000.0|0.0
1782408189176427725|1411000.0|0.0
1782408189276895226|1415000.0|0.0398138697607299
1782408189376236897|1414000.0|-0.0100662691691586
1782408189476399437|1411000.0|-0.0299513171291383
1782408189576011110|1411000.0|0.0
1782408189676570179|1413000.0|0.019888807840892
1782408189776359981|1412000.0|-0.010021064076267
1782408189876739914|1409000.0|-0.0298864515081914
1782408189976426163|1412000.0|0.0300944215485528
1782408190076253821|1413000.0|0.010017263953042
1782408190176518104|1411000.0|-0.0199472827228017
1782408190276294577|1412000.0|0.0100224027762537
1782408190375995946|1414000.0|0.0200599050951848
1782408190476767128|1412000.0|-0.0198469439407786
1782408190576469761|1411000.0|-0.0100298253908701
1782408190676189834|1415000.0|0.0401122851163577
1782408190776607510|1412000.0|-0.0298752183828672
1782408190876678545|1408000.0|-0.0399716061695575
1782408190975990135|1411000.0|0.030207954580125
1782408191076916470|1408000.0|-0.0297246501619226
1782408191175998362|1414000.0|0.0605559691976814
1782408191276387126|1413000.0|-0.00996127415215512
1782408191376012110|1414000.0|0.0100376427663968
1782408191476536602|1414000.0|0.0
1782408191575996368|1418000.0|0.040217267352107
1782408191676259835|1416000.0|-0.0199474450649108
1782408191776578630|1412000.0|-0.0398728872291578
1782408191876546384|1410000.0|-0.0200064512802798
1782408191975967254|1413000.0|0.0301747510356729
1782408192076831555|1411000.0|-0.0198286210301502
1782408192176483770|1413000.0|0.0200697997530712
1782408192276598196|1412000.0|-0.00998857047834445
1782408192376063306|1414000.0|0.0201075532918025
1782408192476406709|1407000.0|-0.0697604405543232
1782408192576264013|1404000.0|-0.0300428699737377
1782408192676184501|1411000.0|0.0700557026903231
1782408192776544400|1409000.0|-0.019928278325589
1782408192876589465|1412000.0|0.0299864865898183
1782408192975980559|1411000.0|-0.0100612636379674
1782408193076470138|1410000.0|-0.00995128061985412
1782408193176298817|1416000.0|0.0601029690075334
1782408193276068584|1417000.0|0.0100230764295561
1782408193376633651|1416000.0|-0.00994381080658953
1782408193475993016|1414000.0|-0.0201289531188127
1782408193576042879|1413000.0|-0.00999501618507963
1782408193677016076|1419000.0|0.0594217097038138
1782408193776246625|1415000.0|-0.040310166982952
1782408193875991480|1413000.0|-0.0200511595309853
1782408193976426162|1415000.0|0.0199134398613419
1782408194076652955|1417000.0|0.0199547440373554
1782408194175978512|1416000.0|-0.0100679022620533
1782408194276465930|1415000.0|-0.00995149462393391
1782408194376734242|1416000.0|0.00997324059868486
1782408194476994651|1417000.0|0.00997402673671519
1782408194575996141|1417000.0|0.0
1782408194676547064|1417000.0|0.0
1782408194776070829|1412000.0|-0.0502392569252178
1782408194876253493|1415000.0|0.0299453007159003
1782408194976377053|1411000.0|-0.0399506369929315
1782408195076000323|1413000.0|0.0200756309243814
1782408195176004665|1417000.0|0.0399982632754086
1782408195276453538|1418000.0|0.00995531328659108
1782408195376567321|1418000.0|0.0
1782408195476340303|1418000.0|0.0
1782408195576605031|1418000.0|0.0
1782408195676683070|1414000.0|-0.0399688087413463
1782408195776756533|1415000.0|0.00999265909285062
1782408195876171498|1416000.0|0.0100588477801104
1782408195977171766|1414000.0|-0.019801927654291
1782408196076141846|1411000.0|-0.0303121913208517
1782408196176823904|1418000.0|0.0695257937615856
1782408196276629285|1415000.0|-0.0300584995512416
1782408196376265530|1418000.0|0.0301095249023084
1782408196476266400|1413000.0|-0.0499995650037845
1782408196576594295|1413000.0|0.0
1782408196676401116|1412000.0|-0.0100193552903564
1782408196776043617|1412000.0|0.0
1782408196876380776|1413000.0|0.00996639739420966
1782408196976377790|1410000.0|-0.0300008958267494
1782408197076305700|1405000.0|-0.0500360710035865
1782408197176575866|1409000.0|0.0398922247720224
1782408197276146638|1410000.0|0.0100431078308803
1782408197376928919|1412000.0|0.0198447582268951
1782408197476177240|1412000.0|0.0
1782408197576526928|1412000.0|0.0
1782408197676709766|1417000.0|0.0499087478436177
1782408197776003816|1416000.0|-0.0100710969086264
1782408197876645633|1415000.0|-0.00993622760209109
1782408197976273444|1415000.0|0.0
1782408198076180616|1411000.0|-0.0400371657001762
1782408198176561167|1412000.0|0.00996208917004251
1782408198276620580|1413000.0|0.00999406222780859
1782408198376044278|1411000.0|-0.020115928498254
1782408198476799294|1402000.0|-0.0893255775970499
1782408198576500306|1408000.0|0.0601799307714148
1782408198675994740|1412000.0|0.0402032539830319
1782408198775961224|1408000.0|-0.0400134108947955
1782408198875976685|1410000.0|0.0199969082780111
1782408198976617189|1412000.0|0.019872714468918
1782408199075968966|1408000.0|-0.0402609809384688
1782408199176037242|1411000.0|0.0299795311752948
1782408199276382400|1415000.0|0.0398624116970347
1782408199376037107|1416000.0|0.0100346489403657
1782408199475982182|1417000.0|0.0100054955184135
1782408199576696990|1412000.0|-0.0496451326204186
1782408199676121951|1412000.0|0.0
1782408199775985778|1412000.0|0.0
1782408199875981846|1409000.0|-0.0300011796463837
1782408199976026267|1411000.0|0.0199911197446982
1782408200075997054|1410000.0|-0.0100029221536487
1782408200175989329|1411000.0|0.0100007725596802
1782408200275996309|1409000.0|-0.019998604097434
1782408200376513499|1406000.0|-0.0298456413276177
1782408200476344669|1410000.0|0.0400676462070914
1782408200577313157|1411000.0|0.00990408017202357
1782408200675993522|1410000.0|-0.0101337282244548
1782408200776181974|1415000.0|0.0499059512367753
1782408200876686140|1412000.0|-0.029849508924834
1782408200976408638|1414000.0|0.0200556548433033
1782408201076119936|1409000.0|-0.0501447689508565
1782408201176398884|1409000.0|0.0
1782408201276543031|1409000.0|0.0
1782408201376560490|1411000.0|0.0199965088095269
1782408201475983338|1410000.0|-0.0100580502381103
1782408201576721968|1409000.0|-0.00992667857404851
1782408201676439201|1408000.0|-0.0100283568839099
1782408201776359284|1408000.0|0.0
1782408201876996393|1409000.0|0.00993669243817407
1782408201976806299|0.0|-14.1168352568131
1782408202076135450|1410000.0|14.1952285487671
1782408202176809807|1411000.0|0.00993301601121724
1782408202275984061|1412000.0|0.0100832621337389
1782408202376564146|1408000.0|-0.0397693042315484
1782408202476455411|1411000.0|0.0300326560085109
1782408202576647030|1411000.0|0.0
1782408202676237430|1410000.0|-0.0100411284621811
1782408202776010262|1411000.0|0.0100227685227979
1782408202875992056|1412000.0|0.0100018209315188
1782408202976378893|1413000.0|0.00996146536622127
1782408203076261981|1412000.0|-0.0100117048844145
1782408203175976637|1411000.0|-0.0100286160541937
1782408203275998751|1410000.0|-0.00999778908892088
1782408203376018096|1415000.0|0.0499903293707832
1782408203476078242|1416000.0|0.00999398901536682
1782408203575974882|1415000.0|-0.0100103466943433
1782408203676487894|1419000.0|0.0397958425522061
1782408203776004965|1414000.0|-0.0502426362608683
1782408203876378360|1413000.0|-0.0099627994051611
1782408203976005000|1415000.0|0.0200749518401905
1782408204076002873|1415000.0|0.0
1782408204176002617|1414000.0|-0.0100000256000655
1782408204276641389|1413000.0|-0.00993652823983186
1782408204376624830|1415000.0|0.0200033123484918
1782408204476144172|1417000.0|0.0200965958959013
1782408204576721984|1417000.0|0.0
1782408204675999389|1415000.0|-0.0201455708879578
1782408204776042574|1412000.0|-0.0299870500924176
1782408204876993476|1416000.0|0.0396232219896361
1782408204976800691|1416000.0|0.0
1782408205076351250|1415000.0|-0.0100451470091695
1782408205177541192|1414000.0|-0.00988240511097437
1782408205276223217|1411000.0|-0.0304006732735774
1782408205376749892|1414000.0|0.029842825299852
1782408205476216354|1411000.0|-0.0301609199691852
1782408205576336306|1412000.0|0.00998801917124371
1782408205676562531|1415000.0|0.0299322856867053
1782408205776509315|1414000.0|-0.0100053244334505
1782408205876450899|1412000.0|-0.0200116900288473
1782408205976183441|1414000.0|0.0200536350512353
1782408206076241633|1412000.0|-0.0199883683686789
1782408206176358465|1412000.0|0.0
1782408206276662946|1415000.0|0.0299089329817678
1782408206375978158|1410000.0|-0.0503447548397722
1782408206477095491|1414000.0|0.0395580053520597
1782408206576952930|1410000.0|-0.0400571058106147
1782408206676363822|1409000.0|-0.0100592599048402
1782408206776441166|1411000.0|0.0199845431549422
1782408206876460750|1409000.0|-0.0199960839669159
1782408206976118011|1411000.0|0.0200687835480447
1782408207076212362|1415000.0|0.0399622951748796
1782408207176480410|1412000.0|-0.0299198005729602
1782408207275982646|1413000.0|0.0100500254084742
1782408207376697768|1415000.0|0.019857991136624
1782408207476422085|1410000.0|-0.0501382225560893
1782408207576383652|1410000.0|0.0
1782408207675986224|1411000.0|0.0100399013792535
1782408207776159664|1412000.0|0.00998268602935069
1782408207876039150|1407000.0|-0.0500603297057416
1782408207976084877|1413000.0|0.059972576340017
1782408208076044395|1411000.0|-0.020008099678912
1782408208176140585|1412000.0|0.00999039024362466
1782408208276324488|1412000.0|0.0
1782408208376365766|1415000.0|0.0299876217095107
1782408208476668790|1415000.0|0.0
1782408208576055809|1416000.0|0.0100616761631617
1782408208676207936|1417000.0|0.00998481040747143
1782408208776043165|1416000.0|-0.0100165042942907
1782408208876389245|1414000.0|-0.0199310227165825
1782408208976199066|1415000.0|0.0100190541369671
1782408209076493721|1414000.0|-0.00997062106649651
1782408209176301125|1418000.0|0.0400771870591885
1782408209276269890|1417000.0|-0.0100031244759301
1782408209376554257|1419000.0|0.0199432878705811
1782408209476239837|1416000.0|-0.0300946235152567
1782408209576129066|1418000.0|0.0200221787676427
1782408209676411033|1411000.0|-0.0698031780728832
1782408209776271381|1418000.0|0.0700978931096855
1782408209876326963|1413000.0|-0.0499722244382128
1782408209976619746|1416000.0|0.029912421514916
1782408210076677791|1410000.0|-0.059965193203605
1782408210176153898|1410000.0|0.0
1782408210276217127|1410000.0|0.0
1782408210376433140|1411000.0|0.00997844526103827
1782408210476414977|1418000.0|0.0700127164096815
1782408210576453518|1414000.0|-0.0399845895393456
1782408210676467883|1417000.0|0.0299956911189708
1782408210776824713|1416000.0|-0.00996444387492112
1782408210876290052|1415000.0|-0.0100537534989953
1782408210976344257|1416000.0|0.00999458243659025
1782408211076530206|1411000.0|-0.0499071980642715
1782408211175982439|1406000.0|-0.0502753920065324
1782408211276050836|1416000.0|0.0999316497495208
1782408211376128864|1414000.0|-0.0199844065672437
1782408211476521390|1410000.0|-0.0398436034969376
1782408211576230216|1408000.0|-0.0200584048597664
1782408211676048868|1414000.0|0.0601090064810733
1782408211776759299|1412000.0|-0.0198589161037351
1782408211876255293|1414000.0|0.0201013118176396
1782408211976222393|1408000.0|-0.0600197464965974
1782408212076052468|1411000.0|0.0300510642709624
1782408212176128384|1409000.0|-0.0199848283177343
1782408212276259644|1410000.0|0.00998689120660221
1782408212376325511|1411000.0|0.00999341763560596
1782408212476230578|1410000.0|-0.0100095023208382
1782408212576664624|1413000.0|0.0298703489452172
1782408212676632171|1414000.0|0.0100032463535391
1782408212775984404|1409000.0|-0.0503259951892576
1782408212876386593|1410000.0|0.00995994220803293
1782408212976291292|1414000.0|0.0400381567637774
1782408213076343576|1412000.0|-0.0199895486643763
1782408213176643268|1412000.0|0.0
1782408213275983052|1415000.0|0.0301993811462284
1782408213376189127|1412000.0|-0.0299383046387158
1782408213476199890|1415000.0|0.0299967714474891
1782408213576678575|1414000.0|-0.0099523595476991
1782408213676373784|1411000.0|-0.0300917168446881
1782408213776566308|1415000.0|0.0399231383770709
1782408213876472190|1418000.0|0.0300282619996288
1782408213976218952|1414000.0|-0.0401015523691887
1782408214076137026|1414000.0|0.0
1782408214176423725|1415000.0|0.00997141206133428
1782408214276662297|1417000.0|0.0199523991622706
1782408214376138496|1416000.0|-0.0100526559121946
1782408214476808302|1415000.0|-0.00993346505505335
1782408214576498086|1416000.0|0.0100311181334288
1782408214675971501|1415000.0|-0.0100529372596688
1782408214776600954|1417000.0|0.0198748968654336
1782408214875996674|1414000.0|-0.0301823861228632
1782408214976490734|1411000.0|-0.0298525106857062
1782408215076304711|1413000.0|0.0200372739380979
1782408215176325472|1411000.0|-0.0199958486618593
1782408215276567659|1416000.0|0.0498791990641625
1782408215376828870|1413000.0|-0.0299218408602705
1782408215476000731|1409000.0|-0.0403340217645003
1782408215576337286|1409000.0|0.0
1782408215675999742|1412000.0|0.0301016061655153
1782408215776344697|1411000.0|-0.00996562308488753
1782408215876007169|1411000.0|0.0
1782408215976466061|1413000.0|0.0199086408398771
1782408216076056148|1413000.0|0.0
1782408216176506511|1413000.0|0.0
1782408216276144918|1419000.0|0.0602177431439666
1782408216376150719|1411000.0|-0.0799953594691972
1782408216476044455|1417000.0|0.060063826224299
1782408216576128032|1414000.0|-0.0299749478378456
1782408216676138873|1418000.0|0.0399956640700582
1782408216776151954|1417000.0|-0.00999869207109018
1782408216876567068|1418000.0|0.0099586602072672
1782408216976099059|1417000.0|-0.0100470209623356
1782408217076467869|1413000.0|-0.0398530180840044
1782408217176282452|1415000.0|0.0200371522866553
1782408217276361420|1412000.0|-0.0299763282930735
1782408217376541270|1413000.0|0.00998204728795262
1782408217476014443|1413000.0|0.0
1782408217575992067|1415000.0|0.0200044762015949
1782408217676954240|1418000.0|0.0297140989625887
1782408217776258197|1413000.0|-0.0503504608582717
1782408217876635695|1416000.0|0.0298871765064317
1782408217976120165|1416000.0|0.0
1782408218076699247|1414000.0|-0.0198848504105456
1782408218176788567|1416000.0|0.0199821519418855
1782408218276467629|1414000.0|-0.0200643942656684
1782408218376768214|1415000.0|0.00997003158057353
1782408218476585644|1416000.0|0.0100182903927701
1782408218576139666|1418000.0|0.0200895951747685
1782408218676140713|1419000.0|0.0099998953010962
1782408218775997616|1418000.0|-0.010014330206095
1782408218876517450|1419000.0|0.00994828542991824
1782408218976001742|1409000.0|-0.10051838133401
1782408219076378328|1417000.0|0.0796998614796482
1782408219176043788|1418000.0|0.0100335662926755
1782408219276467845|1421000.0|0.0298733200950047
1782408219376689757|1417000.0|-0.0399114317435892
1782408219476331586|1418000.0|0.0100359458476018
1782408219576777195|1419000.0|0.00995563678647217
1782408219676715970|1419000.0|0.0
1782408219776144486|1419000.0|0.0
1782408219877005617|1414000.0|-0.0495731105771558
1782408219976706230|1417000.0|0.0300900858051896
1782408220075991417|1420000.0|0.0302159878089367
1782408220176510818|1422000.0|0.0198966565668253
1782408220276436855|0.0|-14.230525323445
1782408220376437918|1415000.0|14.1498495870989
1782408220476001953|1416000.0|0.0100437873977285
1782408220576182953|1415000.0|-0.00998193270180972
1782408220676563841|1407000.0|-0.0796964458015155
1782408220776122821|1410000.0|0.0301328920806541
1782408220876190219|1409000.0|-0.00999326473943092
1782408220976498051|1412000.0|0.0299079338091965
1782408221076742794|1416000.0|0.0399023418115801
1782408221176687903|1412000.0|-0.0400219684587067
1782408221276298978|1414000.0|0.0200780887065018
1782408221375976342|1413000.0|-0.0100323680309202
1782408221476223693|1416000.0|0.0299259777946651
1782408221577133239|1415000.0|-0.00990986521731056
1782408221675997783|1417000.0|0.0202296993348799
1782408221776400063|1413000.0|-0.0398397327232011
1782408221876009138|1413000.0|0.0
1782408221976464986|1409000.0|-0.0398184882178288
1782408222076006941|1409000.0|0.0
1782408222176536340|1413000.0|0.0397893555496139
1782408222276588906|1412000.0|-0.00999474616173262
1782408222376036156|1413000.0|0.0100555822307806
1782408222476830437|1415000.0|0.0198423956216325
1782408222576498712|1416000.0|0.0100332829077257
1782408222676627165|1418000.0|0.0199743423580109
1782408222776835491|1414000.0|-0.0399168428379893
1782408222876681239|1415000.0|0.0100154490304384
1782408222976127050|1411000.0|-0.0402229109479534
1782408223076220367|1411000.0|0.0
1782408223176017362|1412000.0|0.0100203417948607
1782408223276503848|1412000.0|0.0
1782408223376001770|1410000.0|-0.0201009223087091
1782408223476448593|1413000.0|0.0298665493880279
1782408223576052611|1414000.0|0.0100397556251195
1782408223676185480|1416000.0|0.0199734614614907
1782408223776506573|1417000.0|0.00996799347072505
1782408223875986239|1412000.0|-0.0502615278181573
1782408223976921543|1415000.0|0.0297220088622312
1782408224075982311|1410000.0|-0.050474068604031
1782408224176579309|1412000.0|0.0198813089829977
1782408224275980062|1411000.0|-0.0100602859618176
1782408224376778341|1415000.0|0.0396832172104843
1782408224475979125|1412000.0|-0.0302416964769149
1782408224576029241|1416000.0|0.0399799636414215
1782408224676495406|1409000.0|-0.0696751986103978
1782408224776257281|1412000.0|0.0300716080165895
1782408224876572518|1406000.0|-0.0598114521725149
1782408224976931963|1410000.0|0.0398567369518634
1782408225076187211|1412000.0|0.0201500680346897
1782408225176146462|1412000.0|0.0
1782408225276555587|1408000.0|-0.0398370168049966
1782408225375983251|1409000.0|0.0100575630540812
1782408225476078919|1414000.0|0.0499522117180935
1782408225576415227|1416000.0|0.0199329638479423
1782408225676037580|1408000.0|-0.0803032628631046
1782408225776276577|1415000.0|0.0698331009836421
1782408225876004578|1411000.0|-0.0401090963409564
1782408225976657513|1407000.0|-0.0397405202342088
1782408226076006904|1413000.0|0.0603929217844929
1782408226176749646|1411000.0|-0.01985254679687
1782408226276086941|1413000.0|0.0201334252155749
1782408226376291472|1412000.0|-0.00997958864754329
1782408226476562691|1408000.0|-0.0398918058431104
1782408226576874007|1410000.0|0.0199379300337362
1782408226676122822|1411000.0|0.0100756870497648
1782408226776184441|1407000.0|-0.039975367578252
1782408226876290812|1410000.0|0.0299681226083003
1782408226976585999|1412000.0|0.0199411363578194
1782408227077439893|1415000.0|0.0297460006849116
1782408227175974208|1413000.0|-0.0202974973743919
1782408227276741253|1414000.0|0.00992387937941417
1782408227375967075|1414000.0|0.0
1782408227475969909|1412000.0|-0.0199994332160627
1782408227575974487|1411000.0|-0.00999954222095712
1782408227675980312|1405000.0|-0.0599965052035719
1782408227777030607|1409000.0|0.0395842486159986
1782408227875983004|1408000.0|-0.0101058693909153
1782408227975985950|1409000.0|0.00999970540867866
1782408228075989743|1409000.0|0.0
1782408228175987249|1410000.0|0.0100002494062202
1782408228276170531|1410000.0|0.0
1782408228375997667|1406000.0|-0.0400692653348284
1782408228476008820|1413000.0|0.0699921937706288
1782408228575994149|1419000.0|0.0600088038916189
1782408228675988390|1420000.0|0.010000575933168
1782408228776004087|1415000.0|-0.0499921527317857
1782408228876004952|1413000.0|-0.0199998270014964
1782408228975997817|1411000.0|-0.0200014271018237
1782408229076693373|1411000.0|0.0
1782408229176225771|1410000.0|-0.0100469798788531
1782408229276389516|1408000.0|-0.0199673045371856
1782408229376920767|1408000.0|0.0
1782408229476371885|1405000.0|-0.0301655734026037
1782408229576795712|1404000.0|-0.0099577961712214
1782408229676961457|1404000.0|0.0
1782408229775980749|1405000.0|0.0100990421139347
1782408229875977981|1406000.0|0.010000276807662
1782408229976537408|1407000.0|0.00994436851753342
1782408230075981310|1406000.0|-0.0100559207743075
1782408230176503888|1408000.0|0.0198960277361768
1782408230276441296|1407000.0|-0.0100062631202122
1782408230376055646|1413000.0|0.0602322858102271
1782408230476769809|1408000.0|-0.0496454505609107
1782408230576158862|1407000.0|-0.0100614702506523
1782408230676417807|1409000.0|0.0199483447586647
1782408230776155661|1408000.0|-0.0100262835011469
1782408230875992988|1407000.0|-0.0100162938056224
1782408230976025116|1408000.0|0.00999678823187686
1782408231076021932|1411000.0|0.0300009552304145
1782408231176297644|1408000.0|-0.0299175138242848
1782408231276025194|1408000.0|0.0
1782408231376415675|1411000.0|0.029883311347019
1782408231476726892|1410000.0|-0.00996897485552388
1782408231576451466|1408000.0|-0.0200552373379905
1782408231676267384|1408000.0|0.0
1782408231776192279|1409000.0|0.0100075161450007
1782408231876059141|1413000.0|0.0400533261974327
1782408231976045013|1414000.0|0.0100014129996286
1782408232075993955|1412000.0|-0.0200102168165022
1782408232176631109|1411000.0|-0.00993668799497251
1782408232276017568|1406000.0|-0.0503086642819219
1782408232376141359|1405000.0|-0.00998763620526514
1782408232476003965|1410000.0|0.0500687915154147
1782408232576435006|1402000.0|-0.0796566471913798
1782408232676222492|1407000.0|0.050106483291903
1782408232776000329|1407000.0|0.0
1782408232876402570|1405000.0|-0.0199198740992245
1782408232976126983|1406000.0|0.0100276348580763
1782408233075986084|1404000.0|-0.0200282195610794
1782408233176524261|1405000.0|0.00994647038408106
1782408233276037441|1404000.0|-0.0100489201530893
1782408233376702178|1410000.0|0.0596037915442028
1782408233476295566|1404000.0|-0.06024496324997
1782408233576145163|1406000.0|0.0200301259102728
1782408233676132377|1406000.0|0.0
1782408233776503464|1404000.0|-0.0199260569928868
1782408233876523399|1400000.0|-0.0399920275893001
1782408233976554565|1401000.0|0.00999688437101693
1782408234076787251|1402000.0|0.0099767854170844
1782408234176784768|1404000.0|0.0200004966123309
1782408234276247052|1408000.0|0.0402162492065837
1782408234376540922|1408000.0|0.0
1782408234476366918|1408000.0|0.0
1782408234576823046|1410000.0|0.0199091886161489
1782408234675992991|1407000.0|-0.0302511007745341
1782408234776186350|1409000.0|0.0199614028310998
1782408234876308347|1412000.0|0.029963445495399
1782408234976395465|1407000.0|-0.0499564789146991
1782408235075998692|1409000.0|0.0200796707118736
1782408235176039969|1408000.0|-0.00999587400308775
1782408235276380111|1408000.0|0.0
1782408235376284267|1405000.0|-0.0300287807846552
1782408235476538729|1406000.0|0.00997461838656119
1782408235576414021|1408000.0|0.0200249727430084
1782408235676710003|1408000.0|0.0
1782408235776449486|1411000.0|0.030078359239139
1782408235876131690|1409000.0|-0.0200637618325534
1782408235976126214|1411000.0|0.0200010952599764
1782408236076574389|1406000.0|-0.0497769123231955
1782408236175992142|1408000.0|0.0201171313940278
1782408236276608253|1405000.0|-0.0298162985051171
1782408236376175431|1410000.0|0.0502173517461748
1782408236476290276|1408000.0|-0.0199770573484881
1782408236576398848|1409000.0|0.00998915457509473
1782408236676289948|1407000.0|-0.0200218037442775
1782408236776048311|1408000.0|0.0100242222298696
1782408236876597797|1408000.0|0.0
1782408236976274496|1410000.0|0.0200648699251166
1782408237075991178|1407000.0|-0.0300852368914561
1782408237176174486|1407000.0|0.0
1782408237276461507|1403000.0|-0.0398855201811209
1782408237376697375|1407000.0|0.0399058748112003
1782408237476211368|1407000.0|0.0
1782408237576335988|1404000.0|-0.0299626605324445
1782408237675993310|1406000.0|0.020068771263992
1782408237776742285|1406000.0|0.0
1782408237876125909|1409000.0|0.0301860596268858
1782408237976353906|1404000.0|-0.0498862608219139
1782408238076134107|1405000.0|0.0100220283180227
1782408238176604648|1409000.0|0.0398126650875703
1782408238276748580|1414000.0|0.0499281374332296
1782408238376003259|0.0|-14.24617976952
1782408238476143222|1409000.0|14.0703067765264
1782408238575995344|1404000.0|-0.050074048501443
1782408238676321933|1403000.0|-0.00996744741316781
1782408238776531768|1406000.0|0.0299371813155864
1782408238876008416|1410000.0|0.0402104421532177
1782408238976476573|1407000.0|-0.0298602073490808
1782408239076211463|1408000.0|0.0100265814701355
1782408239176328113|1409000.0|0.00998834859136817
1782408239276401803|1412000.0|0.0299779092786526
1782408239376663575|1407000.0|-0.0498694557283508
1782408239475994142|1407000.0|0.0
1782408239576186361|1409000.0|0.0199616299545177
1782408239676021170|1406000.0|-0.0300496392996555
1782408239776619375|1409000.0|0.0298216056638386
1782408239876137512|1404000.0|-0.0502420980810764
1782408239975980993|1409000.0|0.050078382183009
1782408240076345004|1409000.0|0.0
1782408240176459526|1413000.0|0.0399542436011431
1782408240276606529|1410000.0|-0.0299559638344844
1782408240376847355|1406000.0|-0.0399039010313024
1782408240476082881|1407000.0|0.0100770363226573
1782408240576754974|1405000.0|-0.0198664787867279
1782408240676168213|1409000.0|0.0402360896821801
1782408240776125791|1409000.0|0.0
1782408240876218201|1411000.0|0.0199815350634479
1782408240976692261|1412000.0|0.00995281767254155
1782408241076436029|1414000.0|0.0200513780469974
1782408241176175284|1409000.0|-0.0501307133284683
1782408241276065965|1407000.0|-0.0200218877274448
1782408241376382487|1405000.0|-0.0199368953401315
1782408241476064334|1409000.0|0.0401276673775918
1782408241576046663|1401000.0|-0.0800141392985554
1782408241676637427|1403000.0|0.0198825411048672
1782408241776257642|1406000.0|0.0301143698595712
1782408241876153586|1406000.0|0.0
1782408241976423852|1404000.0|-0.0199460924936611
1782408242076970167|1405000.0|0.00994566533840648
1782408242175974443|1406000.0|0.0101005738378411
1782408242276254436|1408000.0|0.0199441577543788
1782408242376135020|1412000.0|0.0400478235089214
1782408242475993059|1405000.0|-0.0700995139710284
1782408242576599423|1406000.0|0.00993972906127489
1782408242676604310|1407000.0|0.0099995113238816
1782408242776209965|1409000.0|0.0200791812472896
1782408242876056021|1410000.0|0.0100154181352942
1782408242976539184|1411000.0|0.00995191602398105
1782408243076048885|1414000.0|0.0301478144326853
1782408243176712992|1409000.0|-0.0496701371423282
1782408243276363030|1411000.0|0.0200702382070341
1782408243376481454|1408000.0|-0.0299645148229661
1782408243476080196|1411000.0|0.0301208623699283
1782408243576590830|1413000.0|0.0198983920447661
1782408243676657846|1410000.0|-0.0299799086644095
1782408243775975050|1407000.0|-0.0302062470465842
1782408243875990370|1408000.0|0.00999846823466645
1782408243976427500|1410000.0|0.0199129545019855
1782408244076665252|1408000.0|-0.0199525623838811
1782408244176426634|1412000.0|0.0400956754989621
1782408244276910803|1411000.0|-0.00995181639010221
1782408244375981894|1412000.0|0.0100937618623782
1782408244475998557|1412000.0|0.0
1782408244576383750|1407000.0|-0.0498081425215769
1782408244676703070|1410000.0|0.0299045089221099
1782408244776359972|1410000.0|0.0
1782408244876369946|1414000.0|0.039996010797883
1782408244976246673|1406000.0|-0.080098740119908
1782408245076515513|1404000.0|-0.0199463761623252
1782408245176382303|1411000.0|0.0700933713800153
1782408245276704551|1413000.0|0.0199357574204278
1782408245376793326|1413000.0|0.0
1782408245477816809|1406000.0|-0.069290820234341
1782408245576131000|1406000.0|0.0
1782408245676592193|1408000.0|0.0199081848450675
1782408245776692824|1410000.0|0.0199798940328358
1782408245876720175|1411000.0|0.00999726564787265
1782408245976460388|1411000.0|0.0
1782408246076488426|1409000.0|-0.0199943939718182
1782408246176548464|1410000.0|0.00999399980239864
1782408246276146068|1409000.0|-0.0100404021767431
1782408246376037609|1408000.0|-0.010010857676127
1782408246476023615|1408000.0|0.0
1782408246576511927|1412000.0|0.0398056243595773
1782408246676336844|1407000.0|-0.0500876950391053
1782408246776178241|1406000.0|-0.0100158854948714
1782408246876471400|1412000.0|0.0598246187459306
1782408246976128125|1418000.0|0.0602066744617586
1782408247076242770|1415000.0|-0.0299656458852748
1782408247176515193|1413000.0|-0.0199456634253268
1782408247276005484|1411000.0|-0.0201024640685793
1782408247376479060|1414000.0|0.0298585968513751
1782408247475990647|1413000.0|-0.0100490810180728
1782408247576889440|1418000.0|0.0495546066641253
1782408247676301523|1416000.0|-0.0201182787810613
1782408247776765738|1413000.0|-0.0298613789994776
1782408247875994828|1412000.0|-0.0100776899193573
1782408247976062129|1415000.0|0.0299798232791349
1782408248076388568|1418000.0|0.0299023869470738
1782408248176360493|1415000.0|-0.0300084248652809
1782408248276503954|1413000.0|-0.0199713489031501
1782408248376366934|1413000.0|0.0
1782408248476680508|1416000.0|0.0299062218638526
1782408248576041757|1414000.0|-0.0201285714514317
1782408248676522644|1412000.0|-0.0199042828911333
1782408248777031723|1414000.0|0.0198986998975486
1782408248876564045|1412000.0|-0.0200939751008723
1782408248976043647|1412000.0|0.0
1782408249076737767|1409000.0|-0.0297931994440192
1782408249176002167|1411000.0|0.0201482102344849
1782408249276298941|1413000.0|0.0199408208283947
1782408249376042016|1413000.0|0.0
1782408249476398453|1414000.0|0.00996448289609963
1782408249575993015|1409000.0|-0.050203544245719
1782408249676950080|1412000.0|0.0297156023701759
1782408249775998096|1410000.0|-0.0201922267680758
1782408249876506470|1414000.0|0.0397976789476268
1782408249976629243|1415000.0|0.00998773775472639
1782408250075985019|1414000.0|-0.0100648401155862
1782408250176833363|1413000.0|-0.00991587923347556
1782408250276014930|1412000.0|-0.0100825186599441
1782408250376319591|1416000.0|0.0398785057456104
1782408250476446539|1416000.0|0.0
1782408250576670207|1414000.0|-0.0199553662314574
1782408250675996816|1413000.0|-0.0100677956296686
1782408250776156163|1411000.0|-0.0199681813021405
1782408250876424441|1410000.0|-0.00997324398051396
1782408250976412796|1414000.0|0.0400046585424873
1782408251076133485|1414000.0|0.0
1782408251176049968|1416000.0|0.0200167173618391
1782408251276272356|1418000.0|0.0199556210933629
1782408251375995541|1413000.0|-0.0501387916962339
1782408251476506954|1411000.0|-0.0198982378249921
1782408251576001307|1414000.0|0.0301524650348749
1782408251676694209|1410000.0|-0.03972474643744
1782408251776338898|1416000.0|0.0602139467764308
1782408251876232340|1412000.0|-0.040042668666878
1782408251976502313|1412000.0|0.0
1782408252076613900|1415000.0|0.0299665612133389
1782408252176143788|1413000.0|-0.0200944664983447
1782408252276363919|1413000.0|0.0
1782408252376058991|1415000.0|0.0200611721309555
1782408252476313219|1410000.0|-0.0498732083399016
1782408252576571046|1409000.0|-0.0099742836038128
1782408252676435752|1413000.0|0.0400541909170593
1782408252776050664|1411000.0|-0.0200773153320659
1782408252876353692|1414000.0|0.0299093662456531
1782408252975989052|1419000.0|0.050182987244689
1782408253076350880|1419000.0|0.0
1782408253176129457|1416000.0|-0.0300665743108363
1782408253276641973|1417000.0|0.00994900973327541
1782408253376136180|1416000.0|-0.0100508364270897
1782408253476571576|1414000.0|-0.0199132982957522
1782408253576763514|1420000.0|0.0598850578177258
1782408253676391114|1415000.0|-0.0501868960007066
1782408253776668268|1415000.0|0.0
1782408253876618638|1413000.0|-0.0200099309287199
1782408253975989037|1415000.0|0.0201267180179079
1782408254076070206|1416000.0|0.00999188968306315
1782408254176561777|1416000.0|0.0
1782408254276606786|1414000.0|-0.0199910022497974
1782408254376056193|1415000.0|0.01005536413103
1782408254476433155|1416000.0|0.00996244536669679
1782408254577024039|1410000.0|-0.0596475521579073
1782408254676716567|1413000.0|0.0300925260918251
1782408254776001940|1416000.0|0.0302159312026757
1782408254876023237|1413000.0|-0.0299936122603969
1782408254976257719|1415000.0|0.0199532133063749
1782408255076498681|1406000.0|-0.0897836555080148
1782408255176421801|1414000.0|0.0800615513206553
1782408255276452329|1414000.0|0.0
1782408255376023176|1419000.0|0.0502155013304246
1782408255476231289|1416000.0|-0.0299376957632163
1782408255576984189|1414000.0|-0.0198505452448515
1782408255676118953|1415000.0|0.0100872787673152
1782408255776544443|1417000.0|0.0199152625493786
1782408255876653324|1412000.0|-0.0499456187108914
1782408255975983289|1415000.0|0.0302023664258817
1782408256075976393|1421000.0|0.0600041378853486
1782408256176579788|1416000.0|-0.0497001120091424
1782408256275987961|1416000.0|0.0
1782408256375988840|1419000.0|0.0299997363023179
1782408256475996872|1417000.0|-0.0199983937290157
1782408256575973911|1413000.0|-0.0400091865093144
1782408256676127992|1418000.0|0.0499230780221527
1782408256775988103|1417000.0|-0.0100140084963455
1782408256876573849|1421000.0|0.0397670660015784
1782408256975995751|0.0|-14.2926253814778
1782408257076628745|1418000.0|14.0908060431949
1782408257176889209|1417000.0|-0.00997402126525167
1782408257276474934|1420000.0|0.0301247995131832
1782408257376306565|1423000.0|0.0300505958877903
1782408257476405300|1422000.0|-0.00999013623898444
1782408257576121618|1420000.0|-0.0200568978088421
1782408257676110257|1417000.0|-0.030003408687261
1782408257776022112|1416000.0|-0.0100088222763955
1782408257876218688|1418000.0|0.0199607619326233
1782408257976059247|1416000.0|-0.0200319391240588
1782408258076011709|1418000.0|0.0200095121218725
1782408258176482350|1416000.0|-0.0199063127307011
1782408258276109547|1419000.0|0.030112259406435
1782408258376301786|1418000.0|-0.00998081298492591
1782408258476827691|1415000.0|-0.0298430538874532
1782408258576085446|1416000.0|0.010074779547452
1782408258676813368|1415000.0|-0.00992773384126797
1782408258775989058|1420000.0|0.050415580673046
1782408258876473299|1420000.0|0.0
1782408258976012671|1420000.0|0.0
1782408259075980925|1419000.0|-0.0100031756081286
1782408259175993259|1418000.0|-0.00999876675210879
1782408259275988329|1420000.0|0.0200009860486122
1782408259376015895|1421000.0|0.00999724415967494
1782408259476023909|1417000.0|-0.0399967946568762
1782408259576273317|1414000.0|-0.0299253637487814
1782408259676168834|1421000.0|0.0700732145968072
1782408259776015343|1417000.0|-0.0400614907828175
1782408259876483407|1418000.0|0.00995341166323261
1782408259975982811|1420000.0|0.020100622914284
1782408260076775164|1418000.0|-0.0198427751756128
1782408260176468616|1420000.0|0.0200614981212608
1782408260276195060|1418000.0|-0.020054861276313
1782408260376216481|1419000.0|0.00999785835876097
1782408260476345199|1420000.0|0.00998714474702453
1782408260576060251|1416000.0|-0.0401143049095537
1782408260676627675|1412000.0|-0.0397743110134749
1782408260776000934|1412000.0|0.0
1782408260876165523|1416000.0|0.0399342725801031
1782408260976055665|1419000.0|0.0300329936461598
1782408261076181326|1415000.0|-0.0399497986834764
1782408261176176954|1418000.0|0.0300013116573457
1782408261276196839|1422000.0|0.0399920475813385
1782408261376285652|1416000.0|-0.059946759484499
1782408261476475906|1417000.0|0.00998101072784984
1782408261576721776|1420000.0|0.0299264199113639
1782408261675991833|1414000.0|-0.0604411862078411
1782408261776676953|1414000.0|0.0
1782408261875989491|1416000.0|0.0201384441509289
1782408261976449842|1415000.0|-0.00995417585192391
1782408262076426190|1412000.0|-0.0300070972786483
1782408262176140425|1413000.0|0.0100286583956644
1782408262276006500|1413000.0|0.0
1782408262376050561|1418000.0|0.0499779792025836
1782408262476032397|1416000.0|-0.0200036334599817
1782408262576366490|1416000.0|0.0
1782408262676631640|1417000.0|0.00997355511860302
1782408262775978945|1414000.0|-0.0301970949287452
1782408262876040990|1419000.0|0.0499689967359752
1782408262975985434|1414000.0|-0.050027793440924
1782408263076405576|1419000.0|0.0497908079038566
1782408263175992833|1421000.0|0.0200828907256678
1782408263276829281|1415000.0|-0.0595022942497935
1782408263375985625|1417000.0|0.0201701668226089
1782408263476053157|1419000.0|0.0199865027149865
1782408263576591203|1422000.0|0.0298394500326772
1782408263676309437|1421000.0|-0.0100282562164107
1782408263776144631|1422000.0|0.0100165078058545
1782408263876129059|1425000.0|0.0300046723275748
1782408263976222863|1421000.0|-0.0399625135637766
1782408264076247131|1413000.0|-0.0799805903103435
1782408264176046228|1417000.0|0.0400805229730686
1782408264276131728|1417000.0|0.0
1782408264376366540|1419000.0|0.0199531476150222
1782408264476171190|1411000.0|-0.0801565858905372
1782408264576137697|1413000.0|0.0200067008443138
1782408264676232188|1411000.0|-0.0199811196402407
1782408264776011510|1409000.0|-0.0200442332129697
1782408264876579828|1416000.0|0.0696044255209678
1782408264976034012|1412000.0|-0.0402195246003929
1782408265076609817|1412000.0|0.0
1782408265176262194|1414000.0|0.0200697671265784
1782408265276524413|1412000.0|-0.0199476933579537
1782408265376392551|1418000.0|0.0600792216632696
1782408265476379393|1413000.0|-0.0500065798657787
1782408265576620205|1408000.0|-0.0498798832555347
1782408265675999396|1411000.0|0.0301874061341473
1782408265776266416|1415000.0|0.039893476439212
1782408265876546796|1408000.0|-0.0698042827520199
1782408265976604439|1414000.0|0.0599654341248074
1782408266076247375|1411000.0|-0.0301075030547073
1782408266175998552|1413000.0|0.0200498887346462
1782408266276490307|1411000.0|-0.0199021302792453
1782408266376013451|1417000.0|0.0602874844870255
1782408266476728120|1411000.0|-0.0595742413649793
1782408266576412177|1416000.0|0.0501584721817652
1782408266676736236|1415000.0|-0.00996769877502664
1782408266777013479|1415000.0|0.0
1782408266876432110|1414000.0|-0.0100584768663733
1782408266977277900|1410000.0|-0.0396645214440781
1782408267076639154|1408000.0|-0.0201285704385333
1782408267176004216|1407000.0|-0.0100638995223492
1782408267276148290|1414000.0|0.0698992932921822
1782408267376254635|1417000.0|0.0299681303917349
1782408267476441910|1414000.0|-0.0299439225191024
1782408267576438095|1416000.0|0.0200007630291096
1782408267676779386|1412000.0|-0.0398639479334584
1782408267776005087|1406000.0|-0.0604682047043437
1782408267876116025|1409000.0|0.0299667554808047
1782408267976003154|1411000.0|0.020022599708517
1782408268076183147|1414000.0|0.0299460991178149
1782408268176744295|1413000.0|-0.00994419832995542
1782408268275995260|1410000.0|-0.0302264063629003
1782408268376186198|1411000.0|0.00998094258784163
1782408268476012254|1409000.0|-0.0200348494184725
1782408268576562920|1410000.0|0.00994523497238696
1782408268676698610|1410000.0|0.0
1782408268775995175|1412000.0|0.0201416836524003
1782408268876192961|1413000.0|0.00998026044208202
1782408268976240282|1413000.0|0.0
1782408269076292242|1411000.0|-0.019989613396879
1782408269176122921|1410000.0|-0.010016960818227
1782408269276752516|1410000.0|0.0
1782408269376132730|1414000.0|0.0402494605213871
1782408269476281010|1409000.0|-0.049925969772022
1782408269576507403|1409000.0|0.0
1782408269676765781|1413000.0|0.0398969151485774
1782408269775979929|1413000.0|0.0
1782408269875977601|1412000.0|-0.0100002328054197
1782408269975993193|1410000.0|-0.0199968820861451
1782408270076694901|1412000.0|0.0198606363260492
1782408270175986745|1409000.0|-0.0302139619846319
1782408270276866676|1409000.0|0.0
1782408270376053032|1408000.0|-0.0100820318472029
1782408270476667298|1410000.0|0.0198778968382078
1782408270575982278|1411000.0|0.0100689744890449
1782408270676787009|1412000.0|0.00992016932221167
1782408270775977413|1408000.0|-0.0403264815818272
1782408270876760080|1411000.0|0.029767023331502
1782408270975995188|1409000.0|-0.0201541575386808
1782408271075989131|1411000.0|0.0200012114733789
1782408271176405828|1411000.0|0.0
1782408271276495979|1411000.0|0.0
1782408271376057056|1415000.0|0.0401763432109116
1782408271476959643|1408000.0|-0.0693738407321509
1782408271576398639|1413000.0|0.0502820845053584
1782408271676326454|1412000.0|-0.0100072237144383
1782408271776658542|1412000.0|0.0
1782408271876807062|1413000.0|0.00998517002547816
1782408271976015897|1414000.0|0.0100797474337845
1782408272075986399|1411000.0|-0.0300088520111663
1782408272176529753|1406000.0|-0.0497297911903754
1782408272276570191|1408000.0|0.0199919156691417
1782408272376677110|1412000.0|0.0399572780778519
1782408272476056025|1414000.0|0.0201249933147288
1782408272576404577|1415000.0|0.00996526586651694
1782408272676257015|1413000.0|-0.0200295560134446
1782408272776571871|1413000.0|0.0
1782408272876490996|1411000.0|-0.0200161880921195
1782408272976160361|1410000.0|-0.0100331731821508
1782408273076123423|1408000.0|-0.02000739032984
1782408273176256965|1410000.0|0.0199733272193647
1782408273276262411|1411000.0|0.0099994554296573
1782408273376387713|1415000.0|0.0399499419237707
1782408273476148358|1412000.0|-0.0300719787848204
1782408273576055643|1419000.0|0.0700649607283393
1782408273676012192|1414000.0|-0.0500217349440505
1782408273776457880|1413000.0|-0.00995562895641672
1782408273876621870|1415000.0|0.0199672556973819
1782408273975987377|1415000.0|0.0
1782408274076610393|1412000.0|-0.0298142524370369
1782408274176404397|1412000.0|0.0
1782408274276958933|1412000.0|0.0
1782408274376577657|1409000.0|-0.0301148205833273
1782408274476300780|1409000.0|0.0
1782408274576713539|1407000.0|-0.0199177875393305
1782408274676433959|1404000.0|-0.0300841091523682
1782408274776231611|1409000.0|0.0501013791386595
1782408274876802755|1404000.0|-0.0497160497647317
1782408274976555783|1408000.0|0.0400990333847309
1782408275076565803|1407000.0|-0.00999899810039034
1782408275175982269|1411000.0|0.0402347836423797
1782408275276665093|1408000.0|-0.0297965420596466
1782408275376494297|1406000.0|-0.0200342176423645
1782408275476133532|0.0|-14.1109072144121
1782408275576451889|1406000.0|14.01538105334
1782408275676734087|1408000.0|0.0199437192232264
1782408275776428298|1407000.0|-0.0100306726937234
1782408275876332830|1410000.0|0.0300286677685453
1782408275976562020|1408000.0|-0.0199542668158847
1782408276076498152|1409000.0|0.0100063908817283
1782408276176010153|1409000.0|0.0
1782408276276190014|1409000.0|0.0
1782408276376462707|1411000.0|0.0199456097184904
1782408276476336823|1409000.0|-0.0200252085335103
1782408276576482171|1411000.0|0.0199709725907588
1782408276676548303|1416000.0|0.0499669558527555
1782408276776062545|1404000.0|-0.120585754951537
1782408276876168438|1409000.0|0.0499471095073294
1782408276976209018|1414000.0|0.0499797182303421
1782408277076158221|1413000.0|-0.0100050822816466
1782408277176562642|1415000.0|0.0199194415951067
1782408277275987219|1410000.0|-0.0502893766397417
1782408277376431657|1413000.0|0.0298672585534303
1782408277476491532|1412000.0|-0.00999401608287038
1782408277576577776|1412000.0|0.0
1782408277676037649|1409000.0|-0.030162918064454
1782408277776193237|1412000.0|0.0299533961100603
1782408277876472137|1411000.0|-0.00997218756887042
1782408277976242508|1414000.0|0.0300690472525155
1782408278076397471|1415000.0|0.00998452767637686
1782408278176164065|1413000.0|-0.0200467904116282
1782408278276650262|1409000.0|-0.0398064621750985
1782408278376043318|1409000.0|0.0
1782408278476434746|1410000.0|0.00996100981848769
1782408278577170785|1410000.0|0.0
1782408278676559745|1411000.0|0.0100614796653471
1782408278776002913|1411000.0|0.0
1782408278876683671|1409000.0|-0.019864768995879
1782408278976269816|1411000.0|0.0200831149754818
1782408279076231034|1412000.0|0.010003879704627
1782408279176739086|1414000.0|0.0198989032241914
1782408279276341918|1411000.0|-0.0301196255142625
1782408279375983775|1411000.0|0.0
1782408279476759540|1408000.0|-0.0297690620358972
1782408279576458005|1411000.0|0.0300907340950535
1782408279676316247|1411000.0|0.0
1782408279776147513|1415000.0|0.0400676076771379
1782408279876313084|1411000.0|-0.0399338810737674
1782408279975984316|1416000.0|0.0501649262246503
1782408280076491664|1415000.0|-0.00994952130266137
1782408280176452098|1409000.0|-0.060023748996528
1782408280276410323|1413000.0|0.0400167169835199
1782408280376247508|1414000.0|0.0100163080519548
1782408280476019333|1417000.0|0.0300686090486969
1782408280576703017|1416000.0|-0.00993209584981018
1782408280676320777|1408000.0|-0.0803069653443322
1782408280776535196|1414000.0|0.0598716238628296
1782408280876628206|1411000.0|-0.0299721229284642
1782408280976457583|1412000.0|0.0100170914619651
1782408281076141934|1412000.0|0.0
1782408281176577537|1412000.0|0.0
1782408281275982064|1414000.0|0.0201198080244374
1782408281376706196|1411000.0|-0.0297843221920245
1782408281475977218|1410000.0|-0.0100734331112255
1782408281576017523|1410000.0|0.0
1782408281676370854|1409000.0|-0.00996479130324035
1782408281776424663|1412000.0|0.029983865981554
1782408281876174759|1413000.0|0.0100250530084703
1782408281976923788|1407000.0|-0.059553923839802
1782408282076387818|1405000.0|-0.0201077716235709
1782408282176313275|1406000.0|0.010007459860804
1782408282276275339|1412000.0|0.0600227702381175
1782408282376549645|1406000.0|-0.0598358666276883
1782408282476714030|1413000.0|0.0698851193465621
1782408282576965631|1412000.0|-0.00997490304419178
1782408282676614862|1412000.0|0.0
1782408282776467822|1414000.0|0.0200294513051992
1782408282876003628|1409000.0|-0.0502331794048063
1782408282976590287|1412000.0|0.0298250287843838
1782408283076944609|1411000.0|-0.00996469290081996
1782408283176054381|1414000.0|0.0302694672731161
1782408283276701600|1409000.0|-0.0496784714935839
1782408283376287262|1412000.0|0.0301248185707698
1782408283476131997|1408000.0|-0.040062202578834
1782408283576437342|1406000.0|-0.019939116903491
1782408283676661279|1411000.0|0.0498882816786573
1782408283776328542|1414000.0|0.0301001543505815
1782408283875991036|1413000.0|-0.0100338648960561
1782408283976545294|1407000.0|-0.0596692782517474
1782408284075985275|1413000.0|0.0603379037250621
1782408284176619198|1409000.0|-0.0397480281077783
1782408284276022682|1407000.0|-0.0201200191333334
1782408284376396539|1412000.0|0.0498137677423316
1782408284476180714|1412000.0|0.0
1782408284576494970|1416000.0|0.039874691389826
1782408284676190280|1411000.0|-0.0501528105986129
1782408284775979991|1411000.0|0.0
1782408284876499145|1409000.0|-0.0198967054577479
1782408284976335527|1417000.0|0.0801311089177891
1782408285076374326|1408000.0|-0.0899650944430071
1782408285175980835|1411000.0|0.0301185136405092
1782408285275985298|1411000.0|0.0
1782408285376107217|1408000.0|-0.0299634688384269
1782408285476029296|1411000.0|0.0300233945292511
1782408285576350272|1409000.0|-0.0199360101919264
1782408285675992493|1411000.0|0.0200718127308704
1782408285775993292|1413000.0|0.0199998402012768
1782408285876000155|1411000.0|-0.0199986274941951
1782408285975977594|1410000.0|-0.0100022566091136
1782408286076148233|1408000.0|-0.0199659303361337
1782408286176138887|1406000.0|-0.0200018693747118
1782408286277131322|1409000.0|0.0297051952455647
1782408286376486117|1416000.0|0.0704545764499841
1782408286476050497|1413000.0|-0.0301312577851637
1782408286576064607|1410000.0|-0.029995767597192
1782408286676039006|1413000.0|0.0300076822667371
1782408286776063532|1414000.0|0.00999754800137718
1782408286877174367|1412000.0|-0.0197802737955828
1782408286976014664|1413000.0|0.0101173309910228
1782408287076016646|1409000.0|-0.039999207215713
1782408287175980100|1412000.0|0.0300109678082952
1782408287275981649|1409000.0|-0.0299995353071981
1782408287376425249|1408000.0|-0.00995583591189484
1782408287476400318|1409000.0|0.0100024937217098
1782408287575980778|1413000.0|0.0401685230214843
1782408287676306617|1413000.0|0.0
1782408287776413927|1412000.0|-0.00998928050309213
1782408287876724422|1409000.0|-0.0299071398261967
1782408287976015873|1410000.0|0.0100713605242812
1782408288076281279|1409000.0|-0.00997352965388681
1782408288176009179|1412000.0|0.0300818527212545
1782408288276483483|1410000.0|-0.0199055870046136
1782408288375987749|1410000.0|0.0
1782408288476061251|1411000.0|0.00999265519857594
1782408288576193889|1415000.0|0.0399470150781407
1782408288676239390|1414000.0|-0.0099954519693994
1782408288776086363|1417000.0|0.0300459784594572
1782408288876255832|1416000.0|-0.00998308177115324
1782408288976014228|1417000.0|0.0100242189138647
1782408289076081505|1419000.0|0.0199865536463034
1782408289176629360|1414000.0|-0.0497275650485035
1782408289276008954|1412000.0|-0.0201248558129549
1782408289376403496|1410000.0|-0.0199214017032918
1782408289475988723|1405000.0|-0.0502082502658753
1782408289576102672|1411000.0|0.0599317084175753
1782408289675993820|1412000.0|0.0100108970616696
1782408289776430314|1412000.0|0.0
1782408289876004245|1418000.0|0.060256735269395
1782408289976666708|1415000.0|-0.0298025690072773
1782408290076969938|1418000.0|0.0299093060113817
1782408290176001482|1414000.0|-0.040391170716272
1782408290275987253|1412000.0|-0.0200028462049865
1782408290375989249|1414000.0|0.0199996008079679
1782408290476496144|1409000.0|-0.0497478307334039
1782408290576383947|1417000.0|0.0800898584184497
1782408290676258663|1418000.0|0.01001254411577
1782408290776001106|1413000.0|-0.0501291110345071
1782408290876715441|1414000.0|0.00992907315527626
1782408290976048058|1413000.0|-0.0100671866925644
1782408291076673145|1414000.0|0.00993787960650409
1782408291176116049|1414000.0|0.0
1782408291276548687|1419000.0|0.0497846128466724
1782408291375978360|1419000.0|0.0
1782408291476389109|1419000.0|0.0
1782408291576043631|1417000.0|-0.0200693351376468
1782408291676160011|1424000.0|0.069918628699919
1782408291775982277|1419000.0|-0.0500890252280989
1782408291876159553|1417000.0|-0.0199646075423333
1782408291976559359|1416000.0|-0.00996017860831325
1782408292076359097|1420000.0|0.0400802655413785
1782408292177011975|1418000.0|-0.019870271369687
1782408292276131614|1421000.0|0.0302664540576061
1782408292376300857|1423000.0|0.0199662085895967
1782408292476531829|1422000.0|-0.00997695602512964
1782408292576606289|1418000.0|-0.0399702381606656
1782408292676171562|1421000.0|0.0301309875381952
1782408292776059588|1418000.0|-0.0300336298566957
1782408292876212495|1415000.0|-0.0299541979345642
1782408292976565420|1413000.0|-0.0199296632360243
1782408293076252389|1419000.0|0.0601884083766254
1782408293176057902|1418000.0|-0.0100194865989016
1782408293275989112|1411000.0|-0.0700481861472507
1782408293376006371|1417000.0|0.0599896463869301
1782408293476301742|1414000.0|-0.029911649661279
1782408293576025719|1422000.0|0.0802214295966155
1782408293676148962|1419000.0|-0.0299630726104227
1782408293776149677|0.0|-14.1898985422254
1782408293876019286|1420000.0|14.2185396960951
1782408293976505907|1423000.0|0.0298547206597782
1782408294075996874|1413000.0|-0.100511637403223
1782408294176386310|1418000.0|0.0498060373603454
1782408294276005582|1417000.0|-0.0100382183077989
1782408294376157896|1421000.0|0.0399391670570887
1782408294475994785|1421000.0|0.0
1782408294577094336|1419000.0|-0.01978248152655
1782408294676594391|1418000.0|-0.0100502457008692
1782408294776012942|1418000.0|0.0
1782408294876666699|1414000.0|-0.0397401956888703
1782408294976171667|1423000.0|0.0904477452824265
1782408295076293372|1418000.0|-0.0499392214705093
1782408295176439862|1415000.0|-0.029956117283791
1782408295276632720|1417000.0|0.0199615026452285
1782408295376905435|1422000.0|0.0498640133559762
1782408295476374001|1423000.0|0.0100534273310022
1782408295576025561|1423000.0|0.0
1782408295676048610|1418000.0|-0.0499884781556699
1782408295776891119|1423000.0|0.0495822649553474
1782408295876488262|1412000.0|-0.110444935152407
1782408295975992605|1419000.0|0.0703486881974589
1782408296076621417|1417000.0|-0.019875023467434
1782408296176461761|1416000.0|-0.0100159911307998
1782408296276050327|1416000.0|0.0
1782408296376390946|1417000.0|0.00996605372745408
1782408296476365418|1422000.0|0.0500127672592259
1782408296576227234|1415000.0|-0.0700968626486825
1782408296676015610|1416000.0|0.0100212072796936
1782408296776391956|1416000.0|0.0
1782408296876658926|1417000.0|0.00997337408321005
1782408296977086504|1421000.0|0.0398296969782543
1782408297076364669|1414000.0|-0.0705089583394294
1782408297176568982|1421000.0|0.069857272510815
1782408297275980972|1418000.0|-0.0301774464025919
1782408297375984580|1414000.0|-0.0399985568520688
1782408297476006012|1419000.0|0.049989286296161
1782408297576227973|1416000.0|-0.0299335591727246
1782408297676072700|1412000.0|-0.0400622057887944
1782408297776535702|1413000.0|0.00995391318288498
1782408297876085660|1411000.0|-0.0200904153068553
1782408297976143893|1413000.0|0.0199883601782174
1782408298076072444|1416000.0|0.030021450025829
1782408298176395988|1419000.0|0.0299032498293721
1782408298276468317|1425000.0|0.0599566339662186
1782408298376335203|1420000.0|-0.0500666457147768
1782408298476348347|1419000.0|-0.00999868577274203
1782408298576143090|1419000.0|0.0
1782408298676027305|1422000.0|0.0300347757651196
1782408298776202289|1416000.0|-0.0598951929954888
1782408298876301673|1416000.0|0.0
1782408298975995039|1415000.0|-0.0100307577136075
1782408299076373656|1415000.0|0.0
1782408299176003917|1418000.0|0.0301113333427883
1782408299276157189|1417000.0|-0.00998469625635396
1782408299376533053|1415000.0|-0.0199251086894754
1782408299476358915|1420000.0|0.0500872208847042
1782408299576638907|1417000.0|-0.0299162369298952
1782408299676188352|1418000.0|0.0100452594185734
1782408299776301144|1419000.0|0.00998873350770199
1782408299876279503|1422000.0|0.0300064937053028
1782408299976147925|1428000.0|0.0600790508134794
1782408300076650654|1426000.0|-0.0198999571444473
1782408300176063057|1421000.0|-0.0502955350551178
1782408300276382234|1422000.0|0.00996818384983362
1782408300376076590|1425000.0|0.0300919743139722
1782408300476524567|1426000.0|0.00995540208838651
1782408300576650190|1423000.0|-0.0299623603840148
1782408300676673620|1419000.0|-0.0399906301953452
1782408300775997848|1420000.0|0.0100680369748255
1782408300876436960|1426000.0|0.0597376846581439
1782408300976008228|1420000.0|-0.0602583468154689
1782408301076535517|1418000.0|-0.0198950953506764
1782408301176005856|1418000.0|0.0
1782408301276144039|1419000.0|0.00998620076819249
1782408301376009292|1420000.0|0.0100134928812527
1782408301476543860|1423000.0|0.0298404823304159
1782408301576034472|1422000.0|-0.0100511996046421
1782408301676140398|1419000.0|-0.0299682558253345
1782408301776677350|1417000.0|-0.0198931831551846
1782408301876361179|1421000.0|0.0401268695246448
1782408301976649746|1419000.0|-0.019942452662625
1782408302076132277|1416000.0|-0.0301560482010656
1782408302176674877|1422000.0|0.0596761969553204
1782408302276367665|1419000.0|-0.0300924476101521
1782408302376053813|1426000.0|0.0702203880924359
1782408302476252811|1416000.0|-0.099801397215569
1782408302576521425|1419000.0|0.0299196316805576
1782408302676575175|1419000.0|0.0
1782408302776051818|1423000.0|0.0402104441743174
1782408302876389936|1422000.0|-0.00996630213853523
1782408302976213541|1421000.0|-0.0100176706701787
1782408303075999705|1416000.0|-0.0501071471191136
1782408303176386991|1426000.0|0.0996142081179483
1782408303276408404|1420000.0|-0.0599871549505104
1782408303376676602|1419000.0|-0.00997325193776795
1782408303476775871|1425000.0|0.0599404976673706
1782408303576473506|1427000.0|0.0200606564037352
1782408303676682760|1428000.0|0.0099791182958013
1782408303776380843|1421000.0|-0.0702119819094215
1782408303876382288|1424000.0|0.029999566506264
1782408303976048515|1426000.0|0.0200669781549973
1782408304076017144|1418000.0|-0.0800251046755878
1782408304176375629|1417000.0|-0.00996427955244641
1782408304276345329|1415000.0|-0.0200060618367365
1782408304376653271|1416000.0|0.00996930033715576
1782408304476009480|1411000.0|-0.0503239812622078
1782408304576184893|1411000.0|0.0
1782408304676363842|1413000.0|0.0199642741310852
1782408304776335126|1412000.0|-0.0100028724248455
1782408304876621980|1417000.0|0.0498569832492701
1782408304976136013|1415000.0|-0.0200976680344168
1782408305076364194|1415000.0|0.0
1782408305176320678|1415000.0|0.0
1782408305276736459|1412000.0|-0.0298757821741186
1782408305375996252|1414000.0|0.0201491453845768
1782408305476238688|1418000.0|0.0399032601322657
1782408305576123396|1413000.0|-0.0500577125379392
1782408305676336728|1419000.0|0.0598722732819621
1782408305776380956|1419000.0|0.0
1782408305876426352|1420000.0|0.00999546245986172
1782408305976638661|1419000.0|-0.00997881407961571
1782408306076516807|1416000.0|-0.0300366007995383
1782408306176981869|1423000.0|0.0696759635703007
1782408306276331805|1422000.0|-0.0100654317482399
1782408306376369760|1418000.0|-0.0399848237601418
1782408306476709733|1416000.0|-0.0199322357800515
1782408306575991397|1417000.0|0.0100723533400891
1782408306676149721|1414000.0|-0.0299525778805963
1782408306777027856|1415000.0|0.0099129509085393
1782408306876006238|1424000.0|0.090928946484496
1782408306976756597|1415000.0|-0.089329706507547
1782408307075996228|1416000.0|0.0100766194908564
1782408307176078359|1420000.0|0.0399671745598622
1782408307276237642|1417000.0|-0.0299522910921796
1782408307376524830|1420000.0|0.0299140903222852
1782408307476058782|1413000.0|-0.0703277611241639
1782408307576955541|1419000.0|0.0594667267756341
1782408307676345813|1418000.0|-0.010061346848915
1782408307776155319|1417000.0|-0.0100190857572224
1782408307876641851|1420000.0|0.0298547471018305
1782408307976519853|1420000.0|0.0
1782408308076036078|1423000.0|0.0301458380279196
1782408308176657299|1428000.0|0.0496913071647183
1782408308275987618|1422000.0|-0.0604045175773572
1782408308376228021|1426000.0|0.0399040694199923
1782408308475968790|1425000.0|-0.0100259904753692
1782408308575975063|1424000.0|-0.00999937273934806
1782408308676042202|1420000.0|-0.0399731624184839
1782408308775976155|1420000.0|0.0
1782408308876049341|1425000.0|0.0499634337613674
1782408308976141664|1418000.0|-0.0699354335097208
1782408309076028753|1412000.0|-0.0600678231798306
1782408309175994434|1414000.0|0.0200068661563962
1782408309275977315|1420000.0|0.060010273158662
1782408309375999541|1424000.0|0.0399911115755412
1782408309475999382|1427000.0|0.0300000477000758
1782408309576276441|1425000.0|-0.0199447412992038
1782408309676350747|1420000.0|-0.0499628745864098
1782408309776360028|1420000.0|0.0
1782408309877046529|1420000.0|0.0
1782408309977287363|1424000.0|0.03990389784666
1782408310077141924|1423000.0|-0.0100145650833115
1782408310176328305|1421000.0|-0.0201640586120387
1782408310276040641|1423000.0|0.0200576987786145
1782408310376018290|1430000.0|0.0700156491977522
1782408310476437237|1422000.0|-0.0796662406746806
1782408310576329253|1424000.0|0.0200216201462988
1782408310676435766|1419000.0|-0.0499468001647405
1782408310776364998|1413000.0|-0.0600424908699388
1782408310876689241|1414000.0|0.00996768049373669
1782408310976626009|1423000.0|0.0900569448073406
1782408311076583402|1417000.0|-0.0600255750967815
1782408311176345946|1415000.0|-0.020047604239122
1782408311276865516|1417000.0|0.0198966231152799
1782408311375977017|1424000.0|0.0706275248520351
1782408311476379066|1420000.0|-0.0398398243844605
1782408311575980745|1420000.0|0.0
1782408311676048426|1417000.0|-0.0299797094328587
1782408311775988650|1416000.0|-0.0100059811753074
1782408311876046107|1416000.0|0.0
1782408311976024971|1416000.0|0.0
1782408312076244348|1416000.0|0.0
1782408312176005099|0.0|-14.19395890474
1782408312276603885|1422000.0|14.1353594465842
1782408312376519389|1424000.0|0.0200169134912235
1782408312476700430|1427000.0|0.0299457858498396
1782408312576046683|1427000.0|0.0
1782408312676492636|1425000.0|-0.0199112053822616
1782408312776009690|1419000.0|-0.0602911738122794
1782408312876656221|1424000.0|0.0496788110858982
1782408312976948238|1421000.0|-0.0299126499769169
1782408313075978025|1424000.0|0.0302939155064526
1782408313176317626|1424000.0|0.0
1782408313276270313|1423000.0|-0.0100047335395796
1782408313376592074|1422000.0|-0.00996792709808991
1782408313476139351|1425000.0|0.0301364345706814
1782408313576656393|1421000.0|-0.0397942470292749
1782408313676260583|1424000.0|0.0301192148643546
1782408313776363447|1420000.0|-0.0399588966805186
1782408313876340166|1425000.0|0.0500116432106559
1782408313976515526|1424000.0|-0.00998249469729882
1782408314076299428|1418000.0|-0.06012993959687
1782408314176422723|1421000.0|0.0299630570488117
1782408314276316257|1422000.0|0.0100106579470899
1782408314376532193|1419000.0|-0.0299353587836569
1782408314476452271|1427000.0|0.0800639887410816
1782408314576704367|1423000.0|-0.0398994151703322
1782408314676001307|1425000.0|0.0201416075862962
1782408314776239419|1428000.0|0.0299287360879263
1782408314876346298|1424000.0|-0.039957294043699
1782408314976468873|1425000.0|0.00998775750623673
1782408315076394759|1423000.0|-0.020014833793918
1782408315176803799|1417000.0|-0.0597555757927772
1782408315276141299|1411000.0|-0.0604001510003775
1782408315376305234|1412000.0|0.00998363333069932
1782408315476583761|1412000.0|0.0
1782408315576344910|1419000.0|0.0701675960047333
1782408315677012608|1424000.0|0.0496683653181381
1782408315776177018|1417000.0|-0.0705898416579093
1782408315875990792|1421000.0|0.0400746293793079
1782408315976004534|1423000.0|0.0199972519776332
1782408316076604199|1426000.0|0.0298211728637466
1782408316176417060|1421000.0|-0.0500937449333308
1782408316276756803|1414000.0|-0.0697629851413911
1782408316376000845|1420000.0|0.06045702975298
1782408316476315148|1420000.0|0.0
1782408316576412538|1421000.0|0.00999027047558383
1782408316676633097|1419000.0|-0.0199559852784297
1782408316776397094|1422000.0|0.0300709683875236
1782408316876137010|1419000.0|-0.0300782286602287
1782408316976398769|1418000.0|-0.00997389243889088
1782408317076378638|1415000.0|-0.0300060405160163
1782408317176796109|1414000.0|-0.00995842645748368
1782408317275978055|1415000.0|0.0100824801320192
1782408317376391254|1417000.0|0.0199177002616957
1782408317476270867|1419000.0|0.020024106420997
1782408317576155983|1417000.0|-0.0200230032270273
1782408317676364413|1410000.0|-0.069854402468934
1782408317776685516|1417000.0|0.0697759473398134
1782408317876361336|1410000.0|-0.0702276640412891
1782408317976259620|1414000.0|0.0400407278267162
1782408318076313265|1420000.0|0.0599678302574584
1782408318176455486|1415000.0|-0.0499289904904346
1782408318276356219|1415000.0|0.0
1782408318376278711|1415000.0|0.0
1782408318475985810|1415000.0|0.0
1782408318575978799|1418000.0|0.0300021034474727
1782408318676148684|1421000.0|0.029949120935898
1782408318776827660|1417000.0|-0.0397302411975267
1782408318875980453|1417000.0|0.0
1782408318976387123|1413000.0|-0.0398379908426402
1782408319076496688|1416000.0|0.0299671664740527
1782408319176435180|1416000.0|0.0
1782408319276622569|1422000.0|0.0598877768937566
1782408319376364612|1422000.0|0.0
1782408319475981694|1421000.0|-0.010038438989811
1782408319576673053|1422000.0|0.00993133879541739
1782408319676841226|1421000.0|-0.00998321093467483
1782408319776571205|1423000.0|0.0200541504174988
1782408319876491472|1421000.0|-0.0200159593248485
1782408319975989898|1420000.0|-0.0100504102446807
1782408320076611337|1414000.0|-0.0596294394080371
1782408320177002822|1415000.0|0.00996100416285305
1782408320276607920|1420000.0|0.0501982338293568
1782408320376649995|1417000.0|-0.0299873828086832
1782408320476692199|1415000.0|-0.0199915627608524
1782408320576188288|1411000.0|-0.0402025852493559
1782408320676285980|1418000.0|0.0699316823408875
1782408320776608457|1417000.0|-0.00996785595714508
1782408320876371604|1419000.0|0.0200474830650641
1782408320976833121|1420000.0|0.00995406031943555
1782408321075991385|1419000.0|-0.0100848881339835
1782408321176406198|1415000.0|-0.0398347602360222
1782408321276515089|1415000.0|0.0
1782408321376480268|1420000.0|0.050017416564622
1782408321476547272|1421000.0|0.00999330408652986
1782408321576050769|1418000.0|-0.0301496941358754
1782408321676205948|1415000.0|-0.0299535184296361
1782408321776505768|1420000.0|0.0498505381166188
1782408321876413619|1418000.0|-0.0200184467985404
1782408321976404638|1421000.0|0.0300026945419968
1782408322076216184|1417000.0|-0.040075523927863
1782408322176469044|1415000.0|-0.0199495555538266
1782408322276347261|1414000.0|-0.0100121931491829
1782408322376361032|1418000.0|0.0399944923584573
1782408322475997761|1420000.0|0.0200729190939217
1782408322575982763|1414000.0|-0.0600090001498425
1782408322676663849|1421000.0|0.0695264649807214
1782408322776468210|1422000.0|0.0100196022496452
1782408322876509597|1418000.0|-0.0399834520487006
1782408322976451495|1421000.0|0.0300174407334149
1782408323076389489|1419000.0|-0.020012408894259
1782408323175975913|1421000.0|0.0200830587108942
1782408323276430389|1421000.0|0.0
1782408323376161262|1418000.0|-0.0300809559743852
1782408323476170264|1420000.0|0.0199981997620574
1782408323576880949|1419000.0|-0.00992943300901985
1782408323675999131|1420000.0|0.0100889663210328
1782408323776505703|1419000.0|-0.00994959812180242
1782408323876400129|1424000.0|0.0500528427882453
1782408323976604843|1424000.0|0.0
1782408324075991554|1421000.0|-0.0301851220330654
1782408324176183500|1422000.0|0.00998084217268322
1782408324276147573|1422000.0|0.0
1782408324376447456|1420000.0|-0.0199402027218716
1782408324476378969|1418000.0|-0.0200137067873675
1782408324576138082|1419000.0|0.0100241468666627
1782408324676050779|1418000.0|-0.0100087379284737
1782408324775984581|1423000.0|0.0500331209253902
1782408324876620129|1420000.0|-0.029810539711077
1782408324976312681|1418000.0|-0.0200616792315639
1782408325076554627|1416000.0|-0.0199517275931575
1782408325176363243|1420000.0|0.0400767003922788
1782408325276685974|1415000.0|-0.0498391536011913
1782408325376420382|1415000.0|0.0
1782408325476477239|1416000.0|0.00999431753088147
1782408325576618641|1412000.0|-0.0399435190651715
1782408325676657833|1419000.0|0.0699725763478777
1782408325776937908|1422000.0|0.0299162121687683
1782408325875983897|1424000.0|0.0201926400068558
1782408325976332883|1424000.0|0.0
1782408326076263196|1419000.0|-0.0500348677983226
1782408326176757878|1419000.0|0.0
1782408326276159196|1416000.0|-0.0301806863365735
1782408326376176229|1417000.0|0.00999829699007368
1782408326476157341|1421000.0|0.0400075566272958
1782408326576501799|1422000.0|0.0099656724440128
1782408326676077342|1421000.0|-0.0100426266317222
1782408326776656616|1417000.0|-0.0397696249030392
1782408326876083599|1424000.0|0.0704034235857282
1782408326976827354|1421000.0|-0.0297785207628999
1782408327076536529|1416000.0|-0.0501458366293774
1782408327176546313|1421000.0|0.0499951084785865
1782408327276174080|1425000.0|0.0401494495003587
1782408327376649273|1423000.0|-0.0199054108808729
1782408327476197871|1424000.0|0.0100453448877301
1782408327576443256|1423000.0|-0.00997552156640428
1782408327676362736|1425000.0|0.0200161169773902
1782408327776610824|1415000.0|-0.0997525259534127
1782408327876352448|1418000.0|0.0300777135932738
1782408327976054870|1414000.0|-0.0401193864678633
1782408328076275742|1419000.0|0.0498898073846334
1782408328176613959|1424000.0|0.0498314615257714
1782408328276566526|1420000.0|-0.0400189822038287
1782408328376198516|1420000.0|0.0
1782408328476766782|1415000.0|-0.0497174725076795
1782408328576195395|1416000.0|0.0100574670593062
1782408328676617404|1419000.0|0.0298739293295756
1782408328776523907|1421000.0|0.0200187168997398
1782408328876735003|1419000.0|-0.0199578697353036
1782408328976613810|1418000.0|-0.0100121340055654
1782408329076703209|1423000.0|0.0499553404252133
1782408329175985997|1425000.0|0.0201444786179856
1782408329277136201|1423000.0|-0.019772575050862
1782408329376490925|1427000.0|0.040259786741494
1782408329476361203|1424000.0|-0.030038967148965
1782408329575991993|1424000.0|0.0
1782408329676223921|1423000.0|-0.0099768608661304
1782408329776512185|1422000.0|-0.00997125645728597
1782408329876347871|1422000.0|0.0
1782408329976378214|1423000.0|0.00999696662041837
1782408330076418284|1422000.0|-0.00999599460496179
1782408330175983744|1421000.0|-0.0100436436491129
1782408330276596521|1420000.0|-0.00993909550871456
1782408330376542495|1419000.0|-0.0100054055203864
1782408330476071908|0.0|-14.2570920216318
1782408330576387564|1424000.0|14.1951920246626
1782408330676086881|1416000.0|-0.0802412718634773
1782408330776243896|1416000.0|0.0
1782408330876237678|1417000.0|0.0100006218386659
1782408330976515526|1414000.0|-0.0299168765568244
1782408331076387739|1420000.0|0.0600767703024664
1782408331175996159|1419000.0|-0.0100393119376856
1782408331276429094|1419000.0|0.0
1782408331376004218|1416000.0|-0.0301280066696176
1782408331476359026|1415000.0|-0.00996464464363282
1782408331576409720|1415000.0|0.0
1782408331676137629|1414000.0|-0.0100272833355004
1782408331776392916|1413000.0|-0.00997453630550177
1782408331876019016|1416000.0|0.0301125909776655
1782408331977135634|1418000.0|0.0197791425342173
1782408332076086259|1420000.0|0.020212100732057
1782408332176570027|1418000.0|-0.0199037122095183
1782408332276182862|1415000.0|-0.0301166009380217
1782408332376448788|1418000.0|0.0299204337872469
1782408332476091016|1417000.0|-0.0100359056603993
1782408332576050733|1417000.0|0.0
1782408332676349220|1418000.0|0.00997024012934512
1782408332776000887|1418000.0|0.0
1782408332876423742|1418000.0|0.0
1782408332976525812|1417000.0|-0.0099898034076618
1782408333076582425|1414000.0|-0.029983025709655
1782408333176138428|1422000.0|0.0803567817000447
1782408333276679955|1419000.0|-0.0298384169160271
1782408333375991460|1420000.0|0.0100693268116317
1782408333476147370|1420000.0|0.0
1782408333575974957|1417000.0|-0.030051813232749
1782408333676006531|1417000.0|0.0
1782408333776682538|1421000.0|0.0397314128678147
1782408333876166829|1418000.0|-0.0301555147033214
1782408333976305410|1422000.0|0.0399446443124653
1782408334076298823|1422000.0|0.0
1782408334176023578|1418000.0|-0.0401104018756426
1782408334275992494|1417000.0|-0.0100031093665155
1782408334376092227|1420000.0|0.0299701099102832
1782408334476138759|1421000.0|0.00999534896421997
1782408334576324172|1411000.0|-0.0998149301435729
1782408334676036623|1416000.0|0.0501441891143564
1782408334776378469|1416000.0|0.0
1782408334876684986|1417000.0|0.00996944196557039
1782408334976046075|1419000.0|0.020128603864235
1782408335076037647|1417000.0|-0.0200016857420743
1782408335176000867|1420000.0|0.0300110380597984
1782408335276035111|1421000.0|0.00999657677225011
1782408335376035786|1414000.0|-0.0699995275031894
1782408335476382208|1416000.0|0.019930954787805
1782408335576051458|1417000.0|0.010033184758589
1782408335677107818|1415000.0|-0.0197909364635734
1782408335776000521|1416000.0|0.0101119695353054
1782408335876874016|1415000.0|-0.00991340688651662
1782408335976058080|1410000.0|-0.0504113241417492
1782408336075989540|1414000.0|0.0400274348038145
1782408336176034663|1409000.0|-0.049977448675834
1782408336275991466|1416000.0|0.0700302509675104
1782408336376084590|1418000.0|0.0199813925280222
1782408336476082145|1415000.0|-0.0300007335179345
1782408336576616470|1415000.0|0.0
1782408336676544937|1420000.0|0.0500357921031652
1782408336776555197|1420000.0|0.0
1782408336876247695|1420000.0|0.0
1782408336976368290|1422000.0|0.0199759100512737
1782408337076139396|1422000.0|0.0
1782408337176037686|1420000.0|-0.0200203627109133
1782408337276060873|1416000.0|-0.0399907273500493
1782408337375992187|1420000.0|0.0400274932840371
1782408337476660768|1414000.0|-0.0596015155910462
1782408337576108753|1413000.0|-0.0100555079120004
1782408337676471669|1420000.0|0.069746877422334
1782408337776700217|1418000.0|-0.0199543946301607
1782408337876471610|1417000.0|-0.0100229130809069
1782408337976640190|1418000.0|0.00998317037138791
1782408338076228255|1416000.0|-0.0200827277846999
1782408338176278833|1415000.0|-0.00999494475684089
1782408338276410580|1413000.0|-0.0199736852688688
1782408338376001205|1414000.0|0.0100411057767737
1782408338476529833|1411000.0|-0.0298422455342771
1782408338576000361|1414000.0|0.030159687098474
1782408338676397484|1416000.0|0.0199208895657299
1782408338776299919|1417000.0|0.0100097660282254
1782408338876520625|1422000.0|0.0498898900193339
1782408338976441155|1426000.0|0.0400318132820152
1782408339076086260|1423000.0|-0.0301068476971347
1782408339176111990|1422000.0|-0.0099974276618626
1782408339276169335|1419000.0|-0.029982806359693
1782408339376511466|1418000.0|-0.00996590355450992
1782408339476709629|1417000.0|-0.00998022289091268
1782408339576005356|1415000.0|-0.020141853636864
1782408339676698577|1410000.0|-0.0496557757348928
1782408339776049055|1410000.0|0.0
1782408339876545571|1412000.0|0.0199011874202684
1782408339976344836|1410000.0|-0.0200402277511763
1782408340076603414|1413000.0|0.0299226266704082
1782408340176000869|1416000.0|0.0301818592840229
1782408340276168086|1413000.0|-0.0299499186445402
1782408340376014327|1413000.0|0.0
1782408340476504522|1418000.0|0.0497560980949435
1782408340576007033|1413000.0|-0.0502499881636153
1782408340676636717|1413000.0|0.0
1782408340776140284|1416000.0|0.0301496729257957
1782408340876006717|1412000.0|-0.0400534982560156
1782408340976505136|1414000.0|0.0199008105789206
1782408341076154127|1415000.0|0.0100352245413102
1782408341176132832|1413000.0|-0.0200042599071472
1782408341276670690|1415000.0|0.0198930038871526
1782408341376396034|1417000.0|0.0200550824873565
1782408341476072081|1417000.0|0.0
1782408341576059889|1414000.0|-0.030003658045989
1782408341677434792|1418000.0|0.0394574976806636
1782408341776672006|1415000.0|-0.0302305947444272
1782408341876067108|1414000.0|-0.0100608579283917
1782408341977188537|1412000.0|-0.0197782015125597
1782408342076704519|1418000.0|0.0602918232771898
1782408342176304838|1417000.0|-0.0100401284859339
1782408342276411383|1416000.0|-0.00998935683975508
1782408342376129989|1417000.0|0.010028218806027
1782408342476417639|1414000.0|-0.0299139525155889
1782408342576678744|1417000.0|0.0299218724948224
1782408342676766185|1415000.0|-0.0199825270784973
1782408342776641768|1416000.0|0.0100124571988731
1782408342876160855|1414000.0|-0.020096647389862
1782408342976607145|1417000.0|0.0298667078694494
1782408343076199479|1418000.0|0.0100409334718473
1782408343176290006|1418000.0|0.0
1782408343276367527|1415000.0|-0.0299767617145513
1782408343376015445|1413000.0|-0.0200706651994475
1782408343476327030|1415000.0|0.0199378765672978
1782408343576520118|1416000.0|0.00998072841112553
1782408343676015636|1415000.0|-0.0100507039925155
1782408343776623862|1415000.0|0.0
1782408343876629221|1421000.0|0.0599967847723041
1782408343976148355|1420000.0|-0.0100483189493992
1782408344076000673|1424000.0|0.0400591601689207
1782408344176153745|1412000.0|-0.119816594342708
1782408344276139520|1415000.0|0.0300042681071382
1782408344376609985|1417000.0|0.0199063476017554
1782408344476303872|1423000.0|0.0601842317573594
1782408344576630416|1420000.0|-0.0299023556517605
1782408344675997436|1417000.0|-0.0301911036478703
1782408344776003899|1419000.0|0.0199987074835353
1782408344876354460|1416000.0|-0.0298951990911142
1782408344976823661|1413000.0|-0.029859897064375
1782408345076336106|1414000.0|0.0100489943745227
1782408345176053655|1414000.0|0.0
1782408345276339543|1417000.0|0.0299144780968585
1782408345376400822|1420000.0|0.0299816275584485
1782408345476631221|1415000.0|-0.0498850653083801
1782408345576052961|1419000.0|0.040232649317946
1782408345676483938|1417000.0|-0.0199141744882159
1782408345776498497|1420000.0|0.0299956329358009
1782408345876097838|1420000.0|0.0
1782408345976765391|1418000.0|-0.019867374743876
1782408346076262571|1420000.0|0.0201010722112928
1782408346176026952|1420000.0|0.0
1782408346276518569|1413000.0|-0.0696575516343816
1782408346376558999|1415000.0|0.0199919172678486
1782408346476665973|1417000.0|0.0199786280624165
1782408346576584979|1414000.0|-0.0300243178960367
1782408346676278192|1413000.0|-0.0100307731078945
1782408346776181773|1413000.0|0.0
1782408346876625838|1413000.0|0.0
1782408346976540572|1412000.0|-0.0100085338764951
1782408347076606905|1412000.0|0.0
1782408347176109605|1416000.0|0.0401999141731832
1782408347276237763|1410000.0|-0.0599232036207038
1782408347375990111|1414000.0|0.0400993067351157
1782408347476539247|1412000.0|-0.0198907726069372
1782408347576053403|1415000.0|0.0301464647903963
1782408347675989369|1416000.0|0.0100064075029805
1782408347776363928|1415000.0|-0.00996268387091992
1782408347876277413|1414000.0|-0.0100086589913263
1782408347976532532|1414000.0|0.0
1782408348076155823|1412000.0|-0.0200756266925573
1782408348176450030|1420000.0|0.0797653248307751
1782408348275977385|1416000.0|-0.0401899558166697
1782408348376578441|1421000.0|0.0497012675493188
1782408348475975796|1417000.0|-0.0402425195318326
1782408348576597699|1422000.0|0.0496909703645736
1782408348675995950|1420000.0|-0.0201210783879889
1782408348776124604|1416000.0|-0.0399486045223378
1782408348876238841|1420000.0|0.0399543573408046
1782408348976478343|0.0|-14.1660719743001
1782408349076052275|1416000.0|14.2205893807628
1782408349175976639|1411000.0|-0.0500378466256738
1782408349276156988|1410000.0|-0.00998199756720752
1782408349376240537|1408000.0|-0.0199833041492164
1782408349476150470|1411000.0|0.0300270444581321
1782408349576061490|1413000.0|0.0200178118489832
1782408349676826818|1410000.0|-0.0297721454347869
1782408349776360860|1414000.0|0.0401872557330687
1782408349877009228|1414000.0|0.0
1782408349976427574|1415000.0|0.0100585057007486
1782408350076744996|1413000.0|-0.0199367164758281
1782408350176019021|1413000.0|0.0
1782408350276011625|1416000.0|0.0300022189641146
1782408350376011669|1409000.0|-0.0699999692000136
1782408350476013697|1413000.0|0.0399991888164508
1782408350576020430|1410000.0|-0.0299979802359907
1782408350676019786|1415000.0|0.0500003220020737
1782408350776007302|1411000.0|-0.0400049942234789
1782408350876012899|1414000.0|0.029998320993974
1782408350976019375|1410000.0|-0.0399974097677434
1782408351076048826|1413000.0|0.0299911673013181
1782408351176031958|1410000.0|-0.0300050612537323
1782408351276148898|1413000.0|0.0299649589769723
1782408351376502095|1409000.0|-0.0398592184362597
1782408351475984520|1409000.0|0.0
1782408351576413925|1410000.0|0.00995724310026531
1782408351676005151|1416000.0|0.0602462710921944
1782408351776083131|1413000.0|-0.0299766242284267
1782408351876723881|1411000.0|-0.0198726658932888
1782408351976049074|1409000.0|-0.0201358783163905
1782408352076148397|1413000.0|0.0399603102210791
1782408352176004888|1415000.0|0.020028743048862
1782408352276001491|1409000.0|-0.06000203826924
1782408352376466320|1410000.0|0.00995373216630867
1782408352476337674|1413000.0|0.0300386435133342
1782408352575994724|1414000.0|0.0100344130194502
1782408352676740162|1414000.0|0.0
1782408352776343387|1412000.0|-0.0200796711150668
1782408352876095174|1409000.0|-0.0300746491889915
1782408352976011040|1411000.0|0.0200168409689808
1782408353076089051|1414000.0|0.0299766149429169
1782408353175995173|1413000.0|-0.0100093966213602
1782408353276395873|1420000.0|0.0697206294378426
1782408353376006907|1411000.0|-0.0903514363679831
1782408353476138069|1414000.0|0.0299607029428062
1782408353576894691|1419000.0|0.0496245298894598
1782408353676018890|1417000.0|-0.0201767078087562
1782408353776064437|1416000.0|-0.00999544737358475
1782408353876497362|1418000.0|0.0199137882322953
1782408353976371500|1420000.0|0.0200252041224126
1782408354076156677|1415000.0|-0.0501076427413663
1782408354176007807|1414000.0|-0.0100149091953191
1782408354276593179|1416000.0|0.0198836069324275
1782408354376520101|1418000.0|0.0200146262885992
1782408354476198398|1418000.0|0.0
1782408354576395161|1417000.0|-0.00998036233964963
1782408354676163954|1417000.0|0.0
1782408354776157532|1416000.0|-0.0100006422412447
1782408354876095430|1415000.0|-0.010006214059055
1782408354976045040|1420000.0|0.0500252077021611
1782408355076096954|1417000.0|-0.029984433880995
1782408355175999027|1419000.0|0.0200196045981949
1782408355276014333|1420000.0|0.00999846963423778
1782408355376384200|1415000.0|-0.0498157479873915
1782408355476003280|1418000.0|0.0301147129646249
1782408355576637132|1417000.0|-0.00993701403778124
1782408355676166772|1415000.0|-0.0200945165681299
1782408355776048620|1422000.0|0.0700828042348596
1782408355876044326|1417000.0|-0.0500021470921961
1782408355976060192|1420000.0|0.0299952409550701
1782408356076273626|1419000.0|-0.00997870205705155
1782408356176012834|1416000.0|-0.0300784421709063
1782408356276084027|1411000.0|-0.0499644288241872
1782408356376263333|1413000.0|0.0199642029861936
1782408356476011821|1413000.0|0.0
1782408356576057718|1419000.0|0.0599724744334093
1782408356676001294|1418000.0|-0.0100056455854651
1782408356776054215|1416000.0|-0.0199894213983018
1782408356876004801|1416000.0|0.0
1782408356976045546|1413000.0|-0.0299877814784366
1782408357076298740|1415000.0|0.019949489090592
1782408357176002716|1410000.0|-0.050148451451926
1782408357276384934|1413000.0|0.0298857712030232
1782408357375990029|1413000.0|0.0
1782408357476477080|1406000.0|-0.0696607167823046
1782408357576034638|1407000.0|0.0100444408248744
1782408357676088423|1412000.0|0.0499731219563558
1782408357776682418|1417000.0|0.0497047562332125
1782408357876069080|1410000.0|-0.0704319861351214
1782408357976789427|1412000.0|0.0198569609773088
1782408358076450266|1411000.0|-0.0100340315216491
1782408358175987536|1415000.0|0.040185952457808
1782408358276381786|1408000.0|-0.0697251087587187
1782408358375995216|1412000.0|0.0401552280651314
1782408358476230250|1414000.0|0.019953103422901
1782408358576136130|1412000.0|-0.0200188417338399
1782408358676635900|1413000.0|0.00995027152798459
1782408358776047585|1412000.0|-0.0100591796628334
1782408358876144250|1409000.0|-0.0299710285052954
1782408358976232738|1415000.0|0.0599469541392213
1782408359076277338|1416000.0|0.00999554198827323
1782408359175985248|1415000.0|-0.0100292945664993
1782408359276604602|1415000.0|0.0
1782408359376681154|1411000.0|-0.0399694026229041
1782408359476141672|1414000.0|0.0301627224583729
1782408359576028655|1413000.0|-0.0100113144872941
1782408359676451400|1410000.0|-0.0298737103830412
1782408359775977790|1412000.0|0.0200951727476501
1782408359875972117|1417000.0|0.0500028366609238
1782408359975981085|1421000.0|0.0399964131216713
1782408360075986548|1419000.0|-0.0199989074596855
1782408360176001659|1417000.0|-0.0199969782566156
1782408360275990915|1416000.0|-0.0100010745154459
1782408360375979354|1417000.0|0.0100011562336722
1782408360475969889|1421000.0|0.0400037863583788
1782408360576495706|1419000.0|-0.019895386674649
1782408360676382113|1418000.0|-0.0100113722180436
1782408360776365880|1412000.0|-0.0600097413813184
1782408360876128814|1413000.0|0.0100237629338367
1782408360976032997|1416000.0|0.0300287726691084
1782408361075971003|1411000.0|-0.0500310162282005
1782408361175996434|1409000.0|-0.0199949150931427
1782408361276109321|1418000.0|0.0898985162619474
1782408361376299776|1413000.0|-0.049904953520772
1782408361475973974|1414000.0|0.0100326866939025
1782408361575984236|1413000.0|-0.00999897390529784
1782408361676242452|1412000.0|-0.00997424490377926
1782408361776055450|1412000.0|0.0
1782408361876040593|1411000.0|-0.0100014859207632
1782408361976006055|1409000.0|-0.0200069099865712
1782408362076050813|1409000.0|0.0
1782408362176074388|1405000.0|-0.0399905722225985
1782408362276582620|1406000.0|0.0099494337936419
1782408362376285889|1407000.0|0.0100297614113335
1782408362476447224|1408000.0|0.00998389248705601
1782408362576477534|1409000.0|0.00999696991841773
1782408362676439860|1414000.0|0.050018844099326
1782408362776012697|1408000.0|-0.0602573973060545
1782408362876024943|1417000.0|0.0899889799495154
1782408362976005973|1414000.0|-0.0300056920797875
1782408363076004715|1416000.0|0.0200002516031652
1782408363176011329|1416000.0|0.0
1782408363276003254|1414000.0|-0.0200016151304218
1782408363376076108|1413000.0|-0.00999271990384126
1782408363476011729|1416000.0|0.0300193261419769
1782408363576084615|1409000.0|-0.0699490169594989
1782408363676015597|1410000.0|0.0100069065667743
1782408363776330708|1414000.0|0.0398743515321435
1782408363876658219|1417000.0|0.0299020674399069
1782408363976003758|1412000.0|-0.0503293862042462
1782408364076186115|1415000.0|0.0299453924806341
1782408364175995992|1415000.0|0.0
1782408364276343358|1416000.0|0.00996538364544616
1782408364376126723|1417000.0|0.0100217105326123
1782408364476333000|1415000.0|-0.0199588295252203
1782408364575996140|1411000.0|-0.0401351994328094
1782408364676011234|1412000.0|0.00999849082779445
1782408364776009063|1411000.0|-0.0100002171047133
1782408364875991580|1413000.0|0.0200034972114175
1782408364975992401|1413000.0|0.0
1782408365075986214|1415000.0|0.0200012374765627
1782408365175996923|1417000.0|0.0199978584293408
1782408365276161408|1416000.0|-0.00998357851088637
1782408365376470118|1413000.0|-0.0299076720256895
1782408365476129865|1414000.0|0.010034141467367
1782408365576288734|1416000.0|0.0199682765986505
1782408365676148803|1412000.0|-0.0400560508324904
1782408365776058279|1414000.0|0.0200181212040387
1782408365876123980|1414000.0|0.0
1782408365976041920|1417000.0|0.0300246382181218
1782408366076295702|1415000.0|-0.0199493720845364
1782408366176299802|1418000.0|0.0299987700504279
1782408366276003613|1414000.0|-0.0401188275541443
1782408366376471187|1411000.0|-0.0298603806239016
1782408366476187958|1416000.0|0.0501420167325715
1782408366576127290|1409000.0|-0.0700424933798837
1782408366676142462|1412000.0|0.029995449090464
1782408366776314835|1413000.0|0.00998279236132302
1782408366876093767|1410000.0|-0.0300664673380148
1782408366976152379|1410000.0|0.0
1782408367076285200|1406000.0|-0.0399469420720705
1782408367176002066|1408000.0|0.0200567875849608
1782408367276318567|1407000.0|-0.00996844975683512
1782408367376955885|1413000.0|0.0596200308120294
1782408367476136718|1407000.0|-0.0604955596612099
1782408367576308818|0.0|-14.0458271315067
1782408367677329530|2820000.0|27.9150675556514
1782408367776150681|0.0|-28.5364010787529
1782408367876630511|1411000.0|14.0426192998137
1782408367976062912|1411000.0|0.0
1782408368076336421|1414000.0|0.0299181711093804
1782408368176007623|1410000.0|-0.040131953059019
1782408368276299995|1410000.0|0.0
1782408368376138670|1412000.0|0.020032317135619
1782408368476584403|1412000.0|0.0
1782408368576015604|1412000.0|0.0
1782408368676449625|1411000.0|-0.00995678546017788
1782408368776305052|1410000.0|-0.0100144782316138
1782408368876307631|1415000.0|0.0499987105332553
1782408368976644804|1416000.0|0.00996639600360277
1782408369076306069|1414000.0|-0.0200679772627811
1782408369176039047|1410000.0|-0.0401070947665876
1782408369276309483|1407000.0|-0.0299190880151354
1782408369375993212|1409000.0|0.0200634548894133
1782408369476629154|1415000.0|0.0596208459995336
1782408369576148995|1412000.0|-0.0301447426950773
1782408369677149594|1414000.0|0.0198018627592496
1782408369776002776|1415000.0|0.0101160122493578
1782408369876374669|1413000.0|-0.0199258969839296
1782408369975994654|1415000.0|0.0200762929245573
1782408370076195361|1411000.0|-0.0399198780104416
1782408370176000947|1413000.0|0.0200389585408576
1782408370276053942|1413000.0|0.0
1782408370375998856|1415000.0|0.0200110232722798
1782408370477444960|1413000.0|-0.0197149020133883
1782408370576001085|1411000.0|-0.020293005635114
1782408370675997983|1411000.0|0.0
1782408370776308675|1410000.0|-0.00996902703053828
1782408370876282293|1412000.0|0.0200052777923872
1782408370976318615|1413000.0|0.00999636911880867
1782408371075999624|1415000.0|0.0200640023617738
1782408371176051562|1415000.0|0.0
1782408371277110671|1415000.0|0.0
1782408371376048061|1414000.0|-0.0101074022672318
1782408371475984622|1415000.0|0.0100063479270614
1782408371576051856|1416000.0|0.00999328111737354
1782408371676039666|1413000.0|-0.0300036574458426
1782408371776023923|1412000.0|-0.0100015745478811
1782408371876201414|1415000.0|0.0299468470417172
1782408371976317128|1416000.0|0.00998844197425391
1782408372076111864|1411000.0|-0.0501028430998605
1782408372176009449|1411000.0|0.0
1782408372276476237|1414000.0|0.02986061423602
1782408372375978636|1419000.0|0.0502500447250523
1782408372475985661|1418000.0|-0.00999929754934716
1782408372576038607|1416000.0|-0.019989416403591
1782408372676004544|1415000.0|-0.0100034074606833
1782408372776049362|1417000.0|0.0199910404155066
1782408372876285509|1413000.0|-0.0399057637361101
1782408372975996965|1413000.0|0.0
1782408373076260567|1417000.0|0.0398948364133178
1782408373176048071|1412000.0|-0.0501064742535298
1782408373276012536|1410000.0|-0.0200071095263702
1782408373376026953|1412000.0|0.0199971170156399
1782408373476765885|1414000.0|0.0198532976307511
1782408373576257756|1417000.0|0.0301532172412357
1782408373675991164|1415000.0|-0.0200534609225426
1782408373776107501|1416000.0|0.00998837981857047
1782408373876205326|1416000.0|0.0
1782408373976159263|1407000.0|-0.0900414758050001
1782408374076328544|1411000.0|0.0399324020305187
1782408374175995807|1414000.0|0.0301001543505815
1782408374276358993|1411000.0|-0.0298914384802412
1782408374376052304|1409000.0|-0.0200615264949922
1782408374476299201|1415000.0|0.059852226647973
1782408374575986576|1414000.0|-0.010031360540891
1782408374676309538|1416000.0|0.0199356155373483
1782408374776451827|1411000.0|-0.049928956586962
1782408374876464723|1413000.0|0.0199974211325707
1782408374976193411|1413000.0|0.0
1782408375076201699|1413000.0|0.0
1782408375175989170|1407000.0|-0.0601277889886597
1782408375276070306|1412000.0|0.049959464888568
1782408375376050018|1415000.0|0.0300060876350594
1782408375476096930|1411000.0|-0.0399812439988153
1782408375576366067|1408000.0|-0.0299194756208982
1782408375676108242|1410000.0|0.0200516982911191
1782408375776665332|1414000.0|0.0397783985196867
1782408375876790244|1412000.0|-0.0199750487670841
1782408375976005921|1412000.0|0.0
1782408376076267202|1414000.0|0.0199478799797102
1782408376176019264|1407000.0|-0.0701739879823236
1782408376276567634|1413000.0|0.059672772417892
1782408376376003263|1414000.0|0.0100567574224326
1782408376476300400|1415000.0|0.00997037432883054
1782408376576050526|1413000.0|-0.0200500999868411
1782408376676013229|1411000.0|-0.0200074621831705
1782408376776697407|1410000.0|-0.00993204711866446
1782408376876365005|1409000.0|-0.0100333510595891
1782408376976712238|1408000.0|-0.00996539685354354
1782408377076175883|1410000.0|0.0201078494559495
1782408377176062809|1409000.0|-0.0100113202002032
1782408377276963196|1412000.0|0.0297322942874342
1782408377376524281|1411000.0|-0.0100440849956587
1782408377475994501|1407000.0|-0.0402130406467383
1782408377575986564|1405000.0|-0.0200015875260019
1782408377676290052|1407000.0|0.0199394860525688
1782408377776651125|1406000.0|-0.00996402260466067
1782408377876002353|1409000.0|0.0301959025609628
1782408377976681379|1410000.0|0.00993255536659642
1782408378076296688|1406000.0|-0.0401544706346291
1782408378176010862|1404000.0|-0.0200573290613629
1782408378276270157|1408000.0|0.039896550240055
1782408378376596525|1412000.0|0.0398698774782717
1782408378476665692|1410000.0|-0.0199861761615344
1782408378577019932|1402000.0|-0.0797176083442015
1782408378676000406|1404000.0|0.0202060054794242
1782408378776625463|1408000.0|0.039751530277394
1782408378876400005|1408000.0|0.0
1782408378976860005|1404000.0|-0.0398168425243878
1782408379076148144|1404000.0|0.0
1782408379176037566|1407000.0|0.0300332101230899
1782408379276030316|1404000.0|-0.0300021751576989
1782408379376848301|1408000.0|0.0396754606829327
1782408379475993112|1412000.0|0.0403450262263347
1782408379576974538|1411000.0|-0.00990281123580093
1782408379676018420|1408000.0|-0.0302896043594091
1782408379777247063|1408000.0|0.0
1782408379876313361|1410000.0|0.0201885004323065
1782408379976523311|1410000.0|0.0
1782408380076045404|1410000.0|0.0
1782408380176172521|1410000.0|0.0
1782408380276064086|1408000.0|-0.020021710541826
1782408380376318037|1410000.0|0.0199493384554989
1782408380476012145|1406000.0|-0.0401227322280671
1782408380576827282|1410000.0|0.0396765815038271
1782408380676381725|1410000.0|0.0
1782408380776593532|1408000.0|-0.0199577281347696
1782408380876408745|1409000.0|0.01001851290945
1782408380976473206|1412000.0|0.0299806741576313
1782408381076165330|1408000.0|-0.040123530721444
1782408381176652961|1407000.0|-0.00995147353011039
1782408381276021195|1404000.0|-0.0301907347976014
1782408381376220569|1404000.0|0.0
1782408381476069894|1409000.0|0.0500754511860746
1782408381576343220|1407000.0|-0.0199454838069299
1782408381676280688|1405000.0|-0.0200125142253954
1782408381776622366|1407000.0|0.0199318970926518
1782408381876385738|1412000.0|0.0501185946280966
1782408381975980518|1412000.0|0.0
1782408382076592629|1408000.0|-0.0397566452014907
1782408382176714546|1409000.0|0.00998782314565551
1782408382276013323|1412000.0|0.0302118524581627
1782408382375982808|1410000.0|-0.0200061048628989
1782408382476365894|1410000.0|0.0
1782408382576125713|1409000.0|-0.0100240759257993
1782408382676416288|1410000.0|0.00997102668919786
1782408382775982043|1409000.0|-0.0100436138911416
1782408382876298328|1414000.0|0.0498423561039965
1782408382976306661|1412000.0|-0.0199983335388662
1782408383076292609|1410000.0|-0.0200028107949729
1782408383176073692|1413000.0|0.0300658191893948
1782408383276130456|1417000.0|0.0399773072812948
1782408383375986596|1414000.0|-0.030043220176546
1782408383476265073|1414000.0|0.0
1782408383576003468|1414000.0|0.0
1782408383675999768|1412000.0|-0.020000740027381
1782408383776054164|1411000.0|-0.00999456335731615
1782408383875989856|1410000.0|-0.01000643493818
1782408383976003068|1405000.0|-0.0499933948726694
1782408384076234009|1410000.0|0.0498847955542989
1782408384176012051|1407000.0|-0.0300667355248362
1782408384276055808|1410000.0|0.0299868786415128
1782408384376049851|1407000.0|-0.0300017872064639
1782408384476048967|1409000.0|0.0200001768015629
1782408384575992226|1407000.0|-0.0200113546427378
1782408384676038446|1406000.0|-0.00999538013530146
1782408384776041193|1402000.0|-0.0399989012301832
1782408384876037781|1406000.0|0.0400013648465686
1782408384976055568|1404000.0|-0.0199964432326422
1782408385077043391|1411000.0|0.0693152876461155
1782408385176023558|1411000.0|0.0
1782408385277043877|1413000.0|0.0197979972722121
1782408385376749887|1416000.0|0.0300884570548957
1782408385476142760|1410000.0|-0.0603665013285208
1782408385575985811|1410000.0|0.0
1782408385676215151|1411000.0|0.00997711847648603
1782408385776464299|1410000.0|-0.00997514712045234
1782408385876552102|1411000.0|0.00999122740260369
1782408385976610242|1410000.0|-0.00999418937829546
1782408386076150634|1407000.0|-0.0301385190446106
1782408386176391990|0.0|-14.0361229750324
1782408386275983232|1412000.0|14.1779535192462
1782408386376526428|1406000.0|-0.0596758432067347
1782408386476348150|1410000.0|0.0400714385592346
1782408386576227168|1415000.0|0.0500605642718674
1782408386676140987|1421000.0|0.0600517532014265
1782408386776477558|1415000.0|-0.0597987348002953
1782408386876330001|1410000.0|-0.0500738875262171
1782408386976449100|1406000.0|-0.0399524170707929
1782408387076346470|1413000.0|0.0700719148061656
1782408387176150191|1407000.0|-0.0601179990072715
1782408387276002472|1407000.0|0.0
1782408387376051330|1408000.0|0.00999511658593844
1782408387476209517|1407000.0|-0.00998420628360615
1782408387575992214|1405000.0|-0.0200435552468581
1782408387676281378|1404000.0|-0.00997116697472919
1782408387776198428|1411000.0|0.0700581132049035
1782408387876488247|1405000.0|-0.0598266111139357
1782408387976283601|1410000.0|0.0501025328293339
1782408388076566396|1409000.0|-0.00997180024749011
1782408388176008259|1406000.0|-0.030168380896082
1782408388276365006|1410000.0|0.0398578084640388
1782408388376341208|1411000.0|0.0100023803664796
1782408388476541522|1408000.0|-0.0299400259364457
1782408388576129898|1412000.0|0.0401653301385294
1782408388676577206|1407000.0|-0.0497773419671934
1782408388776028077|1408000.0|0.0100552161076598
1782408388876132888|1411000.0|0.0299685896215318
1782408388976628899|1412000.0|0.00995064371261462
1782408389075985738|1412000.0|0.0
1782408389175982931|1414000.0|0.0200005614157589
1782408389275987436|1413000.0|-0.00999954952029411
1782408389376404775|1417000.0|0.0398337581918995
1782408389476467521|1416000.0|-0.00999372933459172
1782408389576588139|1415000.0|-0.00998795273117471
1782408389676380403|1414000.0|-0.0100208168440792
1782408389776084155|1414000.0|0.0
1782408389876196181|1412000.0|-0.0199776198715627
1782408389976290446|1421000.0|0.0899152413976965
1782408390076197623|1416000.0|-0.0500464546205725
1782408390176640162|1414000.0|-0.0199118821558264
1782408390276541258|1412000.0|-0.0200198003833712
1782408390375990801|1411000.0|-0.0100553503800415
1782408390476316747|1414000.0|0.029902533886897
1782408390576590325|1414000.0|0.0
1782408390676338108|1418000.0|0.0401011418970585
1782408390776574502|1415000.0|-0.0299292490509984
1782408390876286333|1413000.0|-0.0200578003627273
1782408390976209126|1413000.0|0.0
1782408391076005918|1415000.0|0.0200407243551476
1782408391176350760|1415000.0|0.0
1782408391275992719|1419000.0|0.0401437310159669
1782408391376125064|1417000.0|-0.0199735659840983
1782408391476537154|1412000.0|-0.049794800606182
1782408391576263209|1417000.0|0.0501373487600607
1782408391676281665|1413000.0|-0.0399926189622443
1782408391775999977|1411000.0|-0.0200564967445498
1782408391876272514|1417000.0|0.0598369222472151
1782408391976278634|1415000.0|-0.0199987760749042
1782408392076806452|1414000.0|-0.00994749532910383
1782408392176448939|1413000.0|-0.0100358795741419
1782408392276426339|1418000.0|0.0500113025543773
1782408392376564443|1413000.0|-0.0499310432320548
1782408392475988897|1413000.0|0.0
1782408392576052377|1416000.0|0.0299809680814619
1782408392676010289|1419000.0|0.0300126317164368
1782408392776369242|1414000.0|-0.0498211654320467
1782408392875997889|1411000.0|-0.0301118211511996
1782408392976675035|1411000.0|0.0
1782408393076004784|1408000.0|-0.030202432103196
1782408393176278121|1408000.0|0.0
1782408393276325248|1411000.0|0.0299858685597239
1782408393376342296|1410000.0|-0.00999829549058476
1782408393476002350|1409000.0|-0.0100341105574757
1782408393576148982|1413000.0|0.0399414330778493
1782408393676017101|1415000.0|0.020026411031132
1782408393776404518|1413000.0|-0.0199228156253886
1782408393876794559|1409000.0|-0.03984458976364
1782408393976358997|1411000.0|0.0200874934883879
1782408394076259564|1411000.0|0.0
1782408394175990113|1413000.0|0.0200540358000035
1782408394276306425|1411000.0|-0.0199369370755974
1782408394376767378|1410000.0|-0.00995411620273998
1782408394476400008|1411000.0|0.0100368724583502
1782408394576158942|1405000.0|-0.0601449891194707
1782408394675988164|1408000.0|0.0300513210450543
1782408394776729070|1413000.0|0.0496322715223546
1782408394875986803|1415000.0|0.020149563560957
1782408394975989849|1414000.0|-0.00999969540927783
1782408395076551394|1414000.0|0.0
1782408395175989462|1411000.0|-0.0301695322559968
1782408395276235533|1413000.0|0.019950906604609
1782408395376457429|1410000.0|-0.0299335785864598
1782408395476156186|1405000.0|-0.0501510766077053
1782408395576175169|1409000.0|0.0399924082411436
1782408395676045735|1410000.0|0.0100129601748727
1782408395776083757|1412000.0|0.019992398490246
1782408395876410069|1409000.0|-0.029902424799588
1782408395976171578|1413000.0|0.0400956244557207
1782408396076063680|1411000.0|-0.0200216029091069
1782408396176151430|1408000.0|-0.0299736980799349
1782408396276186028|1411000.0|0.0299896241898228
1782408396376664628|1415000.0|0.0398094718676415
1782408396476316265|1416000.0|0.0100349580810198
1782408396576312159|1414000.0|-0.0200008212337199
1782408396675979908|1415000.0|0.010033335858724
1782408396775985002|1413000.0|-0.019998981251895
1782408396876237201|1415000.0|0.0199496870886593
1782408396976233399|1415000.0|0.0
1782408397076009723|1414000.0|-0.0100224177431111
1782408397176018417|1415000.0|0.00999913067557907
1782408397276092214|1416000.0|0.00999262574198119
1782408397376008316|1415000.0|-0.0100083968447848
1782408397476459043|1420000.0|0.0497756477163177
1782408397576068392|1417000.0|-0.030117654920122
1782408397675982413|1415000.0|-0.0200172105974996
1782408397776046499|1417000.0|0.0199871910087701
1782408397876160120|1416000.0|-0.00998865079508012
1782408397976446304|1418000.0|0.0199429265351247
1782408398076003395|1413000.0|-0.0502224397054751
1782408398176293561|1418000.0|0.0498553367635267
1782408398276063757|1422000.0|0.0400921333260686
1782408398375988594|1415000.0|-0.0700526536760826
1782408398476614073|1416000.0|0.00993784089216609
1782408398576128189|1417000.0|0.010048825635953
1782408398676087170|1413000.0|-0.0400164143329952
1782408398776376504|1414000.0|0.0099711500726488
1782408398876312333|1415000.0|0.0100064212205614
1782408398976191649|1416000.0|0.0100120829822263
1782408399076435558|1420000.0|0.0399026737873919
1782408399176543259|1419000.0|-0.00998924148702606
1782408399276049198|1419000.0|0.0
1782408399376582549|1415000.0|-0.0397877914166016
1782408399476458537|1410000.0|-0.050062082990358
1782408399575976044|1414000.0|0.0401939329127286
1782408399676995925|1416000.0|0.0197980831119767
1782408399776470439|1413000.0|-0.0301584785827654
1782408399876806766|1407000.0|-0.0597988802201221
1782408399976113424|1410000.0|0.0302094548383654
1782408400076491846|1412000.0|0.0199246009266812
1782408400176023784|1419000.0|0.0703291841860851
1782408400276000556|1412000.0|-0.0700162633776574
1782408400375981473|1409000.0|-0.0300057259926912
1782408400476490583|1415000.0|0.0596960812805924
1782408400576380571|1413000.0|-0.0200220266319383
1782408400676591120|1419000.0|0.0598739360264357
1782408400775993505|1414000.0|-0.0503006039543216
1782408400876030246|1417000.0|0.0299889817482159
1782408400976047562|1421000.0|0.0399930747991678
1782408401076329935|1420000.0|-0.00997184220999637
1782408401176063938|1416000.0|-0.0401066825724422
1782408401276045317|1413000.0|-0.0300055873404187
1782408401376602459|1418000.0|0.0497229724369056
1782408401476007676|1418000.0|0.0
1782408401576191777|1413000.0|-0.0499081186544759
1782408401676320581|1414000.0|0.00998713616912872
1782408401775999864|1415000.0|0.0100321748903431
1782408401876120732|1415000.0|0.0
1782408401975988544|1416000.0|0.010013236296796
1782408402076163396|1409000.0|-0.0698778172390013
1782408402175998470|1414000.0|0.0500825992276021
1782408402276015258|1415000.0|0.00999832148178964
1782408402375982349|1417000.0|0.0200065839667176
1782408402476496258|1415000.0|-0.0198977437043066
1782408402576598182|1416000.0|0.00998981797792418
1782408402676384377|1421000.0|0.0501071315526161
1782408402776017898|1415000.0|-0.060220696205246
1782408402876357983|1419000.0|0.039864427063222
1782408402976349090|1420000.0|0.0100008893790925
1782408403076945159|1414000.0|-0.0596444777578734
1782408403176116518|1414000.0|0.0
1782408403276557435|1410000.0|-0.0398244074175468
1782408403376413950|1411000.0|0.0100143691175283
1782408403476074719|1414000.0|0.0301021157081379
1782408403576013506|1409000.0|-0.0500306252466322
1782408403676052645|1409000.0|0.0
1782408403776001304|1410000.0|0.0100051367372523
1782408403876118459|1411000.0|0.00998829820923297
1782408403976127934|1411000.0|0.0
1782408404076133905|1410000.0|-0.00999940293565071
1782408404176124627|1408000.0|-0.0200018557721785
1782408404276174198|1409000.0|0.00999504535606654
1782408404376135417|1410000.0|0.0100038796045494
1782408404476003003|1412000.0|0.0200265179134299
1782408404576081853|1414000.0|0.019984242424848
1782408404676004256|1416000.0|0.0200155314519408
1782408404776110403|0.0|-14.1449855222177
1782408404876387414|1410000.0|14.0610493465945
1782408404976310856|1411000.0|0.010007661665618
1782408405076188330|1412000.0|0.0100122676310376
1782408405176168300|1416000.0|0.0400080136051251
1782408405276043629|1414000.0|-0.0200249653245197
1782408405376117552|1408000.0|-0.0599556789634399
1782408405476187394|1412000.0|0.0399720826980021
1782408405576347141|1412000.0|0.0
1782408405676001061|1416000.0|0.0401389127492426
1782408405776085592|1416000.0|0.0
1782408405875990809|1414000.0|-0.0200189745846806
1782408405976062188|1412000.0|-0.019985734382655
1782408406076000397|1416000.0|0.0400247316819536
1782408406176547169|1412000.0|-0.0397824805355263
1782408406276044992|1413000.0|0.0100504711545297
1782408406376057266|1413000.0|0.0
1782408406476002740|1411000.0|-0.0200109111494133
1782408406576371111|1411000.0|0.0
1782408406676389224|1406000.0|-0.0499909451401068
1782408406776558714|1411000.0|0.0499153983912666
1782408406875997578|1409000.0|-0.0201128605009003
1782408406976396333|1410000.0|0.00996028287402568
1782408407075999997|1407000.0|-0.0301193739218268
1782408407176347439|1411000.0|0.0398615043919107
1782408407275995519|1412000.0|0.0100353162850704
1782408407376055712|1412000.0|0.0
1782408407476189762|1409000.0|-0.0299598388360403
1782408407576538420|1404000.0|-0.0498262767001827
1782408407676002707|1406000.0|0.0201077196682665
1782408407776056500|1407000.0|0.00999462359213108
1782408407876061734|1405000.0|-0.0199989532547866
1782408407976015334|1410000.0|0.0500232107697972
1782408408076426553|1406000.0|-0.0398361860341522
1782408408176054312|1411000.0|0.0501868159053944
1782408408276631979|1408000.0|-0.0298276952476935
1782408408375990185|1409000.0|0.0100645939601607
1782408408476438459|1409000.0|0.0
1782408408576253851|1409000.0|0.0
1782408408676504765|1409000.0|0.0
1782408408776354237|1409000.0|0.0
1782408408876137741|1408000.0|-0.010021696572211
1782408408976141709|1408000.0|0.0
1782408409076526895|1410000.0|0.0199232583979074
1782408409176164798|1405000.0|-0.0501817064536174
1782408409276051518|1412000.0|0.0700793859283797
1782408409376051662|1411000.0|-0.00999998560002074
1782408409476020622|1406000.0|-0.0500155248189038
1782408409576017278|1409000.0|0.0300010032335481
1782408409676387168|1414000.0|0.0498157365719939
1782408409776003295|1414000.0|0.0
1782408409876112720|1410000.0|-0.0399562778429703
1782408409976762050|1411000.0|0.00993548590934485
1782408410075987935|1411000.0|0.0
1782408410176129328|1410000.0|-0.0099858806637531
1782408410276391840|1410000.0|0.0
1782408410376507200|1406000.0|-0.039953909170381
1782408410476376640|1411000.0|0.0500653653409892
1782408410576908066|1408000.0|-0.0298414149621234
1782408410676034718|1411000.0|0.0302643127702931
1782408410776268719|1411000.0|0.0
1782408410876328143|1413000.0|0.0199881222582293
1782408410976117054|1411000.0|-0.0200423071056462
1782408411075992157|1410000.0|-0.010012505318768
1782408411176140365|1412000.0|0.0199704022662093
1782408411275992124|1417000.0|0.0500742305400949
1782408411376472557|1411000.0|-0.0597131184735241
1782408411476384892|1415000.0|0.0400350967675813
1782408411576365067|1414000.0|-0.0100019828931086
1782408411675993561|1416000.0|0.0200745782627207
1782408411776197833|1413000.0|-0.0299388433259612
1782408411876472250|1413000.0|0.0
1782408411975976151|1413000.0|0.0
1782408412076109223|1415000.0|0.0199734209692478
1782408412176377831|1416000.0|0.00997321115697547
1782408412275987908|1420000.0|0.0401565797404212
1782408412375972531|1415000.0|-0.0500076896824425
1782408412475990034|1416000.0|0.0099982500063014
1782408412575977553|1409000.0|-0.0700087377905636
1782408412675992416|1410000.0|0.00999851392087594
1782408412775982111|1411000.0|0.010001030606204
1782408412876022158|1414000.0|0.0299879907093606
1782408412976000285|1412000.0|-0.0200043755570656
1782408413076456701|1412000.0|0.0
1782408413176428779|1416000.0|0.0400111719194233
1782408413277167261|1413000.0|-0.0297800794735025
1782408413376043591|1415000.0|0.0202272879666954
1782408413476152005|1414000.0|-0.00998917034086665
1782408413576252468|1418000.0|0.03995985513074
1782408413676830821|1411000.0|-0.069597480881398
1782408413776003040|1414000.0|0.0302504071225834
1782408413875973758|1413000.0|-0.0100029290576867
1782408413976003901|1414000.0|0.00999698660832665
1782408414076323964|1410000.0|-0.0398723832539858
1782408414176437995|1411000.0|0.00998860988825832
1782408414275979687|1414000.0|0.0301381254399413
1782408414376032597|1409000.0|-0.0499735589899384
1782408414476420085|1412000.0|0.0298842023021833
1782408414576050305|1418000.0|0.0602226914685123
1782408414676543089|1414000.0|-0.0398038529811255
1782408414776023773|1408000.0|-0.0603132161817464
1782408414876503885|1410000.0|0.0199044364122524
1782408414976377898|1405000.0|-0.0500630729637348
1782408415075977799|1410000.0|0.0502008531112897
1782408415176530726|1408000.0|-0.0198900226942175
1782408415276354403|1404000.0|-0.0400706537788625
1782408415376352176|1407000.0|0.0300006681148789
1782408415475987740|1408000.0|0.0100365768993891
1782408415575985242|1408000.0|0.0
1782408415676336889|1404000.0|-0.0398598340892203
1782408415776034117|1412000.0|0.0802429531942453
1782408415876020483|1417000.0|0.0500068179295565
1782408415975980336|1417000.0|0.0
1782408416075980621|1412000.0|-0.0499998575004061
1782408416176005931|1413000.0|0.00999746964043401
1782408416276513018|1414000.0|0.00994954713989472
1782408416376568471|1417000.0|0.0299833733199929
1782408416476216963|1414000.0|-0.0301058243811657
1782408416576436032|1412000.0|-0.0199562819726453
1782408416676118124|1412000.0|0.0
1782408416776188089|1416000.0|0.039972033566715
1782408416876052214|1416000.0|0.0
1782408416976249460|1417000.0|0.00998031422939509
1782408417076203344|1415000.0|-0.0200092274553333
1782408417176109469|1418000.0|0.0300281889623884
1782408417276065209|1416000.0|-0.02000885591963
1782408417376220022|1414000.0|-0.0199690852600364
1782408417476145491|1416000.0|0.0200149173180263
1782408417576164175|1413000.0|-0.0299943958470799
1782408417676083212|1411000.0|-0.0200162057206376
1782408417776334601|1412000.0|0.00997492413795883
1782408417876673735|1411000.0|-0.0099662012231439
1782408417976053378|1407000.0|-0.0402496917804384
1782408418076232958|1404000.0|-0.0299462225735025
1782408418176052426|1412000.0|0.0801446868059846
1782408418276430279|1411000.0|-0.0099623569354487
1782408418376526420|1415000.0|0.0399615805368561
1782408418476160415|1412000.0|-0.0301102048552806
1782408418576055691|1412000.0|0.0
1782408418676184552|1415000.0|0.0299613914513619
1782408418776626517|1409000.0|-0.059735987841337
1782408418876462081|1409000.0|0.0
1782408418976665566|1409000.0|0.0
1782408419075988647|1409000.0|0.0
1782408419176017315|1411000.0|0.0199942680432374
1782408419275990735|1411000.0|0.0
1782408419376443836|1410000.0|-0.00995489427449333
1782408419476400408|1410000.0|0.0
1782408419576570772|1414000.0|0.0399319702981213
1782408419676276479|1409000.0|-0.0501475808200227
1782408419776060858|1406000.0|-0.030064826078639
1782408419876597400|1409000.0|0.0298398964229345
1782408419976495011|1417000.0|0.0800819951540182
1782408420076381134|1419000.0|0.020022801365511
1782408420176058152|1415000.0|-0.0401296114215616
1782408420276362533|1415000.0|0.0
1782408420376644881|1411000.0|-0.0398873787837517
1782408420476234331|1410000.0|-0.0100412242461425
1782408420576535879|1408000.0|-0.0199398717156389
1782408420676469474|1411000.0|0.0300199347376625
1782408420776259757|1410000.0|-0.01002101577365
1782408420876629465|1417000.0|0.0697421576637445
1782408420976438756|1420000.0|0.0300573220182478
1782408421076141806|1419000.0|-0.0100297834419308
1782408421176097001|1414000.0|-0.0500224125419394
1782408421276046867|1417000.0|0.030015047744036
1782408421376816865|1416000.0|-0.00992358856650965
1782408421476261146|1414000.0|-0.0201117648987778
1782408421576012164|1415000.0|0.0100249603467706
1782408421676264656|1416000.0|0.00997481439164625
1782408421775984506|1418000.0|0.0200561874090264
1782408421876057717|1418000.0|0.0
1782408421976287393|1415000.0|-0.0299312550905582
1782408422076764606|1418000.0|0.0298575160519231
1782408422175978741|1416000.0|-0.0201584179512325
1782408422276584179|1412000.0|-0.0397592821970518
1782408422376147595|1414000.0|0.0200876996827831
1782408422476403671|1411000.0|-0.0299233734222752
1782408422576063248|1417000.0|0.0602049515020518
1782408422676091066|1415000.0|-0.0199944379472518
1782408422776586631|1407000.0|-0.079605502989112
1782408422876182895|1414000.0|0.0702837608446839
1782408422975995801|1412000.0|-0.0200374889395566
1782408423076383077|1412000.0|0.0
1782408423175989262|0.0|-14.1758265312541
1782408423276385241|1412000.0|14.0643082926658
1782408423376355731|1417000.0|0.0500147593554858
1782408423477183649|1418000.0|0.0099178880198637
1782408423576414408|1412000.0|-0.0604651225130708
1782408423676475714|1417000.0|0.0499693657806145
1782408423776543900|1416000.0|-0.00999318604616256
1782408423876242452|1415000.0|-0.0100302359456535
1782408423976151726|1416000.0|0.0100090808386817
1782408424076196008|1417000.0|0.00999557376002758
1782408424175990417|1414000.0|-0.0300618043642104
1782408424276506365|1415000.0|0.00994867003592306
1782408424376010724|1419000.0|0.04019924393463
1782408424476609985|1419000.0|0.0
1782408424576702058|1417000.0|-0.0199816023392782
1782408424676304706|1412000.0|-0.0501994685924414
1782408424776754925|1415000.0|0.0298655396659713
1782408424876449718|1419000.0|0.0401224565459502
1782408424976171646|1419000.0|0.0
1782408425076385576|1416000.0|-0.0299359580050398
1782408425176144192|1422000.0|0.0601451808433269
1782408425276479547|1419000.0|-0.0298997297612591
1782408425376542100|1415000.0|-0.0399749944417269
1782408425476111436|1414000.0|-0.0100432526736946
1782408425576288342|1416000.0|0.0199646812809332
1782408425675983454|1417000.0|0.0100305820409731
1782408425776529337|1420000.0|0.0298371242112419
1782408425876223025|1416000.0|-0.0401229012613116
1782408425976191946|1417000.0|0.0100031088662045
1782408426076048626|1419000.0|0.0200287051402069
1782408426176566445|1414000.0|-0.0497424242760381
1782408426276445173|1415000.0|0.010012141924755
1782408426376505646|1410000.0|-0.0499697817738679
1782408426476088293|1414000.0|0.040167640854134
1782408426576605280|1424000.0|0.0994856720088516
1782408426676260215|1415000.0|-0.0903116338393076
1782408426776406048|1416000.0|0.00998543793629436
1782408426876105399|1419000.0|0.0300904666871904
1782408426976164480|1417000.0|-0.019988190777007
1782408427076009736|1419000.0|0.020030996765635
1782408427176077168|1419000.0|0.0
1782408427276248522|1414000.0|-0.0499144695598304
1782408427376835300|1414000.0|0.0
1782408427475997929|1414000.0|0.0
1782408427576534100|1414000.0|0.0
1782408427676369163|1416000.0|0.0200330418983158
1782408427776374148|1417000.0|0.00999950152484899
1782408427876151067|1418000.0|0.0100223579763973
1782408427976517204|1415000.0|-0.0298905596017908
1782408428076660972|1415000.0|0.0
1782408428176247267|1420000.0|0.0502077118141608
1782408428276230187|1413000.0|-0.0700119580424337
1782408428376563812|1413000.0|0.0
1782408428476803421|1413000.0|0.0
1782408428576475251|1412000.0|-0.010032925050137
1782408428675981321|1414000.0|0.0200992763557037
1782408428775977393|1415000.0|0.0100003928154298
1782408428876391722|1418000.0|0.0298762141805479
1782408428976466098|1418000.0|0.0
1782408429075984647|1416000.0|-0.0200967560328879
1782408429176181007|1416000.0|0.0
1782408429276272647|1414000.0|-0.0199816887804016
1782408429376145998|1412000.0|-0.0200253619206188
1782408429476005861|1417000.0|0.0500701668296901
1782408429576504095|1416000.0|-0.00995042360644865
1782408429676426070|1420000.0|0.0400312343706177
1782408429776771342|1417000.0|-0.029896774807686
1782408429876220148|1416000.0|-0.0100554248987162
1782408429976436348|1417000.0|0.00997842664160086
1782408430076645124|1419000.0|0.0199583317932154
1782408430176530522|1415000.0|-0.0400458933947482
1782408430276135328|1417000.0|0.0200793523959075
1782408430376135079|1420000.0|0.030000074700186
1782408430476667504|1416000.0|-0.0397881579002993
1782408430576167222|1415000.0|-0.0100502797404913
1782408430676468078|1416000.0|0.00997000464283176
1782408430775983443|1414000.0|-0.020097399029788
1782408430876482700|1411000.0|-0.029850966957895
1782408430976046018|1413000.0|0.0200877194550708
1782408431076099737|1413000.0|0.0
1782408431176356304|1417000.0|0.0398976358326732
1782408431276003909|1418000.0|0.0100353641213956
1782408431376169004|1424000.0|0.0599011062686058
1782408431476367844|1420000.0|-0.0399206218355422
1782408431576311802|1412000.0|-0.0800448587397349
1782408431676858899|1420000.0|0.0795647038919483
1782408431775998166|1418000.0|-0.0201736411869981
1782408431876911248|1419000.0|0.00990951797508276
1782408431975978643|1422000.0|0.0302824153193894
1782408432076294043|1419000.0|-0.0299056774931865
1782408432176442993|1418000.0|-0.00998512715310545
1782408432276457160|1420000.0|0.0199971670013509
1782408432376160077|1417000.0|-0.0300893904638718
1782408432476269955|1423000.0|0.0599341455595421
1782408432576358346|1421000.0|-0.019982337412138
1782408432676379376|1417000.0|-0.0399915897686716
1782408432776543623|1415000.0|-0.0199672044656813
1782408432876751822|1418000.0|0.0299376700702904
1782408432976236530|1420000.0|0.0201035922023312
1782408433076262183|1423000.0|0.0299923060737229
1782408433176355565|1424000.0|0.00999067051206243
1782408433276476148|1424000.0|0.0
1782408433376394409|1422000.0|-0.0200163611734596
1782408433476546336|1422000.0|0.0
1782408433576044004|1422000.0|0.0
1782408433676342074|1426000.0|0.0398811263267578
1782408433776347856|1426000.0|0.0
1782408433876409510|1430000.0|0.0399753535954942
1782408433976164043|1426000.0|-0.0400984284092634
1782408434076273105|1416000.0|-0.0998910568156157
1782408434176447143|1423000.0|0.0698783850562159
1782408434276310188|1422000.0|-0.0100137142823955
1782408434376503794|1421000.0|-0.00998067681085358
1782408434476129270|1423000.0|0.0200751863910793
1782408434576150027|1420000.0|-0.0299937741922909
1782408434676179361|1423000.0|0.0299912023806936
1782408434776132614|1421000.0|-0.0200093537726081
1782408434875999979|1423000.0|0.0200265622308148
1782408434976231857|1425000.0|0.019953731686041
1782408435076133525|1425000.0|0.0
1782408435176038074|1424000.0|-0.0100095542195981
1782408435276128224|1424000.0|0.0
1782408435376349526|1422000.0|-0.0199558373328656
1782408435476128362|1418000.0|-0.0400886616877351
1782408435576004782|1423000.0|0.0500618664545645
1782408435676619958|1423000.0|0.0
1782408435776417146|1422000.0|-0.0100203224162989
1782408435876409198|1423000.0|0.0100007948631757
1782408435976046530|1426000.0|0.0301091964204742
1782408436076377144|1424000.0|-0.0199340950908563
1782408436176242796|1420000.0|-0.0400538114946669
1782408436276195936|1418000.0|-0.0200093763937781
1782408436376337509|1419000.0|0.00998586271457909
1782408436475981352|1419000.0|0.0
1782408436576347374|1417000.0|-0.0199270625670508
1782408436676409331|1418000.0|0.009993808136293
1782408436776003734|1418000.0|0.0
1782408436877179695|1418000.0|0.0
1782408436975968175|1415000.0|-0.0303679133437421
1782408437076623446|1418000.0|0.0298046984543909
1782408437176914571|1417000.0|-0.00997097200774246
1782408437276236269|1415000.0|-0.020136586871481
1782408437376364529|1418000.0|0.0299615712886652
1782408437476508374|1421000.0|0.0299569084849898
1782408437576246537|1415000.0|-0.0601575146315859
1782408437676589614|1415000.0|0.0
1782408437775977360|1419000.0|0.0402464102566528
1782408437875978340|1416000.0|-0.0299997060028812
1782408437976000344|1419000.0|0.0299934002522085
1782408438075993884|1421000.0|0.0200012920834686
1782408438176007840|1418000.0|-0.0299958137842283
1782408438275964371|1417000.0|-0.0100043487903757
1782408438376034520|1414000.0|-0.029978970052298
1782408438476106603|1413000.0|-0.00999279689221618
1782408438575992830|1414000.0|0.0100113902590394
1782408438676054274|1415000.0|0.00999385937304683
1782408438776376231|1423000.0|0.0797432609892169
1782408438876349674|1415000.0|-0.0800212512436928
1782408438976597119|1420000.0|0.0498765828894692
1782408439076193888|1415000.0|-0.050202431767641
1782408439176038899|1416000.0|0.0100155229588787
1782408439276021318|1419000.0|0.0300052752274377
1782408439376335307|1418000.0|-0.00996869938050216
1782408439476145837|1417000.0|-0.0100189829670276
1782408439576796627|1416000.0|-0.00993534178917026
1782408439675999267|1412000.0|-0.0403215075727823
1782408439775994310|1410000.0|-0.0200009914491461
1782408439875984249|1415000.0|0.0500050310061695
1782408439975982413|1416000.0|0.010000183603371
1782408440076022400|1417000.0|0.00999600289832105
1782408440175997362|1415000.0|-0.0200050088541169
1782408440276189958|1416000.0|0.00998077742191649
1782408440376592410|1415000.0|-0.00995991611838325
1782408440476799358|1414000.0|-0.00997934793902714
1782408440576374719|1419000.0|0.050213224936237
1782408440676351250|1417000.0|-0.0200046949018465
1782408440776284564|1414000.0|-0.0300200191499704
1782408440876576552|1419000.0|0.0498544310438836
1782408440976052473|1419000.0|0.0
1782408441076343452|1422000.0|0.0299129595693746
1782408441176008142|1418000.0|-0.0401345752442515
1782408441276464802|1419000.0|0.0099545415903734
1782408441376406004|1422000.0|0.0300176497777163
1782408441476565639|1421000.0|-0.00998406194271774
1782408441576152328|1421000.0|0.0
1782408441676411979|0.0|-14.1731991466836
1782408441776597854|1418000.0|14.1536918253197
1782408441876569200|1420000.0|0.0200057324425741
1782408441976774292|1420000.0|0.0
1782408442076256483|1421000.0|0.0100520504217685
1782408442176012356|1421000.0|0.0
1782408442276012118|1429000.0|0.0800001904004532
1782408442376409706|1423000.0|-0.0597623919012875
1782408442475995482|1419000.0|-0.0401663787808412
1782408442576128205|1422000.0|0.0299602358761381
1782408442675991822|1422000.0|0.0
1782408442775984320|1420000.0|-0.0200015005125685
1782408442876343923|1418000.0|-0.0199283371019313
1782408442975991604|1423000.0|0.0501767823377646
1782408443076000693|1420000.0|-0.0299972735478072
1782408443175992295|1421000.0|0.0100008398705323
1782408443275981192|1420000.0|-0.0100011104232903
1782408443376438587|1420000.0|0.0
1782408443476062028|1423000.0|0.0301133946979406
1782408443576658895|1424000.0|0.00994066743649183
1782408443675984462|1426000.0|0.0201358024968536
1782408443777234021|1420000.0|-0.0592595173673793
1782408443875996290|1426000.0|0.0607519456645938
1782408443976554389|1429000.0|0.0298334995374167
1782408444076139557|1430000.0|0.010041656002428
1782408444176338087|1433000.0|0.029940559008201
1782408444276252615|1427000.0|-0.0600513270702735
1782408444376156776|1425000.0|-0.0200191861878506
1782408444476051289|1418000.0|-0.0700739188748035
1782408444576637148|1423000.0|0.0497087766581583
1782408444676405164|1421000.0|-0.0200465046834248
1782408444776653070|1429000.0|0.0798021656432405
1782408444876252510|1419000.0|-0.100402170935901
1782408444976351967|1416000.0|-0.0299701925455999
1782408445076504657|1424000.0|0.0798780342295349
1782408445176070784|1420000.0|-0.0401743054643473
1782408445276002784|1424000.0|0.0400272185085858
1782408445376071425|1419000.0|-0.0499657030417751
1782408445476337747|1418000.0|-0.00997343853901413
1782408445576079347|1422000.0|0.0401036277741685
1782408445676653702|1424000.0|0.0198857849995657
1782408445776718102|1422000.0|-0.0199871282893816
1782408445876330869|1419000.0|-0.0301166214969212
1782408445976690919|1418000.0|-0.00996412417092259
1782408446076267926|1419000.0|0.0100424789831251
1782408446176442039|1414000.0|-0.0499130948132278
1782408446276041813|1420000.0|0.0602411005470755
1782408446376697064|1425000.0|0.0496745072942096
1782408446476222823|1421000.0|-0.0401906003047914
1782408446576445943|1420000.0|-0.00997773767170689
1782408446675993462|1417000.0|-0.0301363613090146
1782408446776046183|1419000.0|0.0199894613560785
1782408446876608393|1414000.0|-0.0497204665649253
1782408446976653850|1419000.0|0.0499772818269999
1782408447076672362|1417000.0|-0.0199962982852614
1782408447176016775|1421000.0|0.0402639653223378
1782408447277659837|1420000.0|-0.00983834981279883
1782408447376035414|1414000.0|-0.0609907477340641
1782408447476080630|1418000.0|0.0399819217742506
1782408447576211175|1421000.0|0.0299608875593357
1782408447676693976|1418000.0|-0.0298558556304576
1782408447775977989|1415000.0|-0.0302163451028113
1782408447876813224|1420000.0|0.0495858416951178
1782408447976232710|1420000.0|0.0
1782408448076382054|1418000.0|-0.0199701757407417
1782408448176068100|1426000.0|0.080251954220353
1782408448276046515|1421000.0|-0.0500107948300641
1782408448376773733|1425000.0|0.0397112129116879
1782408448475997426|1421000.0|-0.0403129522703816
1782408448576349027|1421000.0|0.0
1782408448676060753|1424000.0|0.0300867322264585
1782408448776066560|1427000.0|0.0299982580011579
1782408448876030704|1423000.0|-0.0400143475444555
1782408448976092959|1416000.0|-0.069956448612916
1782408449075993950|1418000.0|0.0200198214249947
1782408449176405103|1419000.0|0.00995905305459444
1782408449275995388|1415000.0|-0.0401645602279379
1782408449376543837|1416000.0|0.00994545425558976
1782408449476200299|1416000.0|0.0
1782408449576018825|1415000.0|-0.0100181803926858
1782408449676424457|1419000.0|0.0398384026903989
1782408449776123448|1416000.0|-0.030090575339925
1782408449876807785|1421000.0|0.049660157170226
1782408449976067286|1419000.0|-0.0201492046590079
1782408450076610582|1417000.0|-0.0198919279511187
1782408450176000019|1415000.0|-0.0201228627545199
1782408450276617220|1419000.0|0.039754634001397
1782408450376005568|1415000.0|-0.0402461664822118
1782408450476325024|1416000.0|0.00996815612716241
1782408450576002781|1415000.0|-0.0100323284762517
1782408450676619646|1414000.0|-0.00993869168950951
1782408450777045134|1414000.0|0.0
1782408450876413882|1414000.0|0.0
1782408450976519449|1412000.0|-0.0199789088652782
1782408451076140790|1413000.0|0.0100380098276332
1782408451176723734|1414000.0|0.00994204345420631
1782408451276195698|1414000.0|0.0
1782408451376712355|1411000.0|-0.0298457995872266
1782408451476713105|1413000.0|0.019999850001125
1782408451576922367|1410000.0|-0.0299373524974169
1782408451676817229|1416000.0|0.0600631491937994
1782408451776008089|1415000.0|-0.010081574048254
1782408451876402488|1417000.0|0.0199214300789828
1782408451976521255|1421000.0|0.0399525495554695
1782408452076913014|1414000.0|-0.0697268388334544
1782408452176396098|1414000.0|0.0
1782408452277117762|1419000.0|0.0496417533371967
1782408452376438557|1417000.0|-0.0201367699483275
1782408452476628700|1419000.0|0.0199620435714919
1782408452576645129|1416000.0|-0.0299950721096031
1782408452676148645|1415000.0|-0.0100498961262836
1782408452776307460|1418000.0|0.0299524310466333
1782408452876430850|1419000.0|0.00998767620632901
1782408452976090734|1418000.0|-0.0100341276736786
1782408453076497309|1419000.0|0.00995950713387047
1782408453176186554|1414000.0|-0.0501558618484873
1782408453276228951|1417000.0|0.0299872862902315
1782408453376108612|1412000.0|-0.0500602419946139
1782408453476396274|1413000.0|0.00997131631207037
1782408453576570160|1414000.0|0.0099826415838555
1782408453676541997|1412000.0|-0.020005634186756
1782408453776253802|1413000.0|0.0100289027964141
1782408453876085478|1412000.0|-0.0100168607807406
1782408453976407285|1412000.0|0.0
1782408454075974928|1412000.0|0.0
1782408454176815840|1412000.0|0.0
1782408454276768461|1418000.0|0.0600284408750022
1782408454376054039|1416000.0|-0.020143912542867
1782408454476934583|1411000.0|-0.0495635709498157
1782408454576455859|1409000.0|-0.0200962053581387
1782408454676607248|1412000.0|0.0299546519519565
1782408454776470797|1410000.0|-0.0200273274886315
1782408454876250201|1414000.0|0.0400884334807211
1782408454976094710|1411000.0|-0.0300467199453102
1782408455076421875|1410000.0|-0.00996739018789178
1782408455176531504|1415000.0|0.0499452455267814
1782408455276081339|1413000.0|-0.0200904401298104
1782408455376241319|1414000.0|0.00998402755272116
1782408455476103012|1410000.0|-0.0400553994212776
1782408455576231585|1411000.0|0.0099871592097892
1782408455676138909|1414000.0|0.0300278285904245
1782408455776523851|1410000.0|-0.0398466136484892
1782408455876070278|1410000.0|0.0
1782408455975992530|1417000.0|0.0700544659461838
1782408456076470464|1413000.0|-0.0398097357375999
1782408456176655533|1415000.0|0.0199630545745295
1782408456276721049|1418000.0|0.0299803580686078
1782408456376141715|1413000.0|-0.0502913549181012
1782408456476372976|1413000.0|0.0
1782408456575981227|1419000.0|0.0602359738251001
1782408456676310664|1416000.0|-0.0299014934171314
1782408456776768774|1418000.0|0.0199087958154897
1782408456876707794|1418000.0|0.0
1782408456976381213|1416000.0|-0.0200655302092125
1782408457076329993|1410000.0|-0.060030747748997
1782408457176311541|1411000.0|0.0100018455405391
1782408457276537569|1411000.0|0.0
1782408457376273340|1414000.0|0.0300794787057895
1782408457476545865|1417000.0|0.0299184647040652
1782408457576138867|1417000.0|0.0
1782408457676414624|1414000.0|-0.0299175003984263
1782408457775996106|1417000.0|0.0301260830803864
1782408457876322359|1412000.0|-0.0498374039744114
1782408457976019889|1411000.0|-0.0100303387656645
1782408458076190558|1411000.0|0.0
1782408458176022408|1413000.0|0.020033686644092
1782408458276022292|1412000.0|-0.0100000116000135
1782408458376002991|1411000.0|-0.0100019304726005
1782408458476744365|1412000.0|0.00992640819054146
1782408458575976934|1409000.0|-0.0302320098152452
1782408458676518147|1416000.0|0.069623190243388
1782408458776000173|1412000.0|-0.0402082683760381
1782408458876132088|1411000.0|-0.00998682587864219
1782408458976512757|1414000.0|0.0298862323780687
1782408459076808353|1416000.0|0.0199410550389471
1782408459175983865|1422000.0|0.0604988053905888
1782408459276612550|1415000.0|-0.0695626699285596
1782408459376050159|1418000.0|0.0301696715173431
1782408459476815197|1417000.0|-0.00992407703949856
1782408459575977653|1415000.0|-0.0201689236095564
1782408459675979216|1412000.0|-0.0299995311073288
1782408459776332141|1418000.0|0.0597889897080728
1782408459876077623|1413000.0|-0.0501275837235415
1782408459976500868|1415000.0|0.0199157077626798
1782408460076124557|0.0|-14.2034491414989
1782408460176236967|1413000.0|14.1141343016315
1782408460276071026|1411000.0|-0.0200332433643713
1782408460376370365|1413000.0|0.0199403108728364
1782408460476070887|1414000.0|0.0100300377564723
1782408460576515331|1413000.0|-0.00995575225644138
1782408460676156684|1411000.0|-0.0200719875813007
1782408460776027302|1411000.0|0.0
1782408460876436243|1406000.0|-0.0497963622582176
1782408460976404541|1411000.0|0.0500158560266776
1782408461076784169|1410000.0|-0.00996218077237744
1782408461176083569|1413000.0|0.0302116629103499
1782408461276457724|1413000.0|0.0
1782408461375976565|1413000.0|0.0
1782408461476420961|1417000.0|0.0398230280562392
1782408461576119466|1413000.0|-0.0401209626964818
1782408461676624694|1413000.0|0.0
1782408461776578655|1412000.0|-0.0100046060205658
1782408461876263832|1406000.0|-0.0601894903592336
1782408461976273234|1409000.0|0.0299971796651679
1782408462076259388|1412000.0|0.0300041543752148
1782408462176462247|1409000.0|-0.0299392655053884
1782408462276751169|1414000.0|0.049855955177183
1782408462376126105|1412000.0|-0.020125799125043
1782408462476136770|1415000.0|0.0299968008411903
1782408462576014795|1414000.0|-0.0100122123960701
1782408462676520663|1410000.0|-0.0397986712576822
1782408462776057087|1405000.0|-0.0502328675179249
1782408462876374682|1409000.0|0.0398733641890039
1782408462976015699|1413000.0|0.0401441105323122
1782408463076344013|1416000.0|0.0299018281120522
1782408463176506599|1414000.0|-0.0199675355825977
1782408463276573216|1413000.0|-0.00999334273487031
1782408463376548234|1414000.0|0.0100024988242563
1782408463476361954|1412000.0|-0.0200373255299973
1782408463576532876|1414000.0|0.0199658739289631
1782408463675985332|1410000.0|-0.0402202234201235
1782408463776647711|1411000.0|0.00993419795890181
1782408463876114231|1407000.0|-0.0402145365093702
1782408463975986768|1411000.0|0.0400510502702059
1782408464076369338|1412000.0|0.00996188880201015
1782408464176463027|1412000.0|0.0
1782408464276489676|1410000.0|-0.01999467161996
1782408464376040116|1411000.0|0.0100451590168763
1782408464476187517|1413000.0|0.0199705631901521
1782408464576115158|1409000.0|-0.0400289645584649
1782408464676012895|1413000.0|0.040040947073706
1782408464775975831|1415000.0|0.0200074155484989
1782408464876003168|1413000.0|-0.0199945340942147
1782408464976247546|1417000.0|0.0399024871000746
1782408465075982226|1413000.0|-0.0401064103278819
1782408465175989514|1410000.0|-0.0299978137593332
1782408465276006771|1415000.0|0.0499913729887633
1782408465375997628|1409000.0|-0.0600054863016126
1782408465475997300|1410000.0|0.0100000328001076
1782408465576053421|1408000.0|-0.0199887820956001
1782408465676415815|1406000.0|-0.0199277829103997
1782408465776018638|1409000.0|0.0301196282358383
1782408465875997271|1411000.0|0.0200042743132925
1782408465975997151|1407000.0|-0.0400000480000576
1782408466076009528|1407000.0|0.0
1782408466176011072|1407000.0|0.0
1782408466276000584|1410000.0|0.030003146730029
1782408466375965904|1410000.0|0.0
1782408466477080765|1413000.0|0.029669229333164
1782408466576153857|1410000.0|-0.0302806739896641
1782408466676398954|1407000.0|-0.0299266506769902
1782408466776775252|1410000.0|0.0298875338080311
1782408466876682892|1408000.0|-0.0200184890765111
1782408466976100385|1410000.0|0.0201171840050322
1782408467076530539|1409000.0|-0.00995716883994821
1782408467176325874|1406000.0|-0.0300615254210029
1782408467276500970|1413000.0|0.0698776470351473
1782408467376029744|1406000.0|-0.0703314199369119
1782408467476511850|1411000.0|0.0497601035551544
1782408467576000063|1413000.0|0.0201028839466641
1782408467676329368|1416000.0|0.0299015327575527
1782408467776645105|1415000.0|-0.0099685256760861
1782408467876224472|1410000.0|-0.0502112048974965
1782408467976522513|1407000.0|-0.0299108533934377
1782408468076582792|1409000.0|0.0199879514627378
1782408468176252207|1413000.0|0.0401326725957005
1782408468276794360|1411000.0|-0.0198921540898373
1782408468376202269|1412000.0|0.0100595617598193
1782408468476258341|1414000.0|0.0199887918846145
1782408468576084476|1415000.0|0.0100174167816875
1782408468676040867|1413000.0|-0.0200087256051492
1782408468776306683|1415000.0|0.0199469777416463
1782408468876695860|1415000.0|0.0
1782408468976340330|1415000.0|0.0
1782408469076719555|1412000.0|-0.0298866623048743
1782408469176046567|1408000.0|-0.040271019126197
1782408469276009038|1412000.0|0.0400150172358184
1782408469376348262|1413000.0|0.00996619228388691
1782408469476672206|1411000.0|-0.0199354204017338
1782408469576405029|1412000.0|0.0100267892747807
1782408469676830781|1414000.0|0.0199152105925978
1782408469776002961|1405000.0|-0.0907512570561623
1782408469876576858|1412000.0|0.0696005644486462
1782408469976048416|1410000.0|-0.0201062498689324
1782408470076454632|1406000.0|-0.0398381709753906
1782408470176886960|1412000.0|0.0597417198175472
1782408470276945175|1411000.0|-0.00999418188701448
1782408470376164955|1418000.0|0.0705504487109324
1782408470476318130|1413000.0|-0.0499235296334839
1782408470576142104|1412000.0|-0.0100176336397908
1782408470676642400|1411000.0|-0.00995021945009993
1782408470776462582|1416000.0|0.0500900709638057
1782408470876291740|1413000.0|-0.0300513403108138
1782408470976629828|1417000.0|0.0398652204734059
1782408471076389353|1413000.0|-0.0400964218704931
1782408471176338239|1410000.0|-0.0300153420419313
1782408471276622982|1412000.0|0.019943213096732
1782408471376771981|1414000.0|0.0199702445353448
1782408471476341650|1412000.0|-0.0200864381702424
1782408471576551352|1410000.0|-0.0199581473658109
1782408471676466942|1410000.0|0.0
1782408471776649445|1408000.0|-0.0199635658933377
1782408471876187850|1412000.0|0.0401854942321007
1782408471976057920|1410000.0|-0.0200260198075359
1782408472076359286|1414000.0|0.0398798157943333
1782408472176087739|1415000.0|0.0100272286385511
1782408472276275393|1413000.0|-0.0199625394961339
1782408472376535448|1404000.0|-0.0897665575786887
1782408472476437614|1412000.0|0.0800783438469192
1782408472576455427|1415000.0|0.0299946570517394
1782408472676523273|1416000.0|0.00999321999995883
1782408472776766528|1415000.0|-0.00997573352940305
1782408472876621125|1420000.0|0.0500728073640916
1782408472976114505|1421000.0|0.0100509199707558
1782408473076325375|1420000.0|-0.00997895737258842
1782408473176485941|1420000.0|0.0
1782408473276434682|1421000.0|0.0100051285288326
1782408473376608560|1418000.0|-0.0299479271432419
1782408473476202276|1418000.0|0.0
1782408473576027657|1414000.0|-0.0400699697805311
1782408473676423999|1413000.0|-0.00996052226683717
1782408473776071076|1418000.0|0.050177086478914
1782408473876830556|1415000.0|-0.0297738733864049
1782408473976006446|1415000.0|0.0
1782408474076626469|1422000.0|0.0695686583176392
1782408474175973816|1415000.0|-0.0704598583795096
1782408474276361518|1415000.0|0.0
1782408474376281203|1420000.0|0.0500401897784205
1782408474476608153|1425000.0|0.04983705773972
1782408474575986780|1417000.0|-0.0805002065484362
1782408474676831348|1420000.0|0.0297487515638919
1782408474776228679|1420000.0|0.0
1782408474876320524|1422000.0|0.0199816478555271
1782408474976564546|1414000.0|-0.0798052576142645
1782408475076281318|1416000.0|0.0200568064918909
1782408475176095017|1421000.0|0.0500933243642238
1782408475276395679|1418000.0|-0.0299100717799849
1782408475376418196|1422000.0|0.0399909952276046
1782408475476529433|1426000.0|0.0399555546396855
1782408475576569869|1418000.0|-0.0799676642752736
1782408475676566498|1423000.0|0.0500016855568201
1782408475776708023|1427000.0|0.0399434700040767
1782408475876061545|1422000.0|-0.0503253422661755
1782408475976504447|1420000.0|-0.0199118101944127
1782408476076532195|1420000.0|0.0
1782408476176680760|1424000.0|0.039940662155269
1782408476276159819|1423000.0|-0.0100523669006559
1782408476376338911|1426000.0|0.0299463684498159
1782408476476544052|1420000.0|-0.0598771673800649
1782408476576737897|1422000.0|0.0199613060063719
1782408476675999323|1426000.0|0.0402976278015591
1782408476776308944|1426000.0|0.0
1782408476876876294|1422000.0|-0.039774340280419
1782408476976440633|1424000.0|0.0200875134620238
1782408477076408925|1417000.0|-0.0700222026400131
1782408477176195136|1417000.0|0.0
1782408477277054598|1421000.0|0.0396591447215929
1782408477376386856|1420000.0|-0.0100672230767169
1782408477476234523|1419000.0|-0.0100152565407462
1782408477576477647|1419000.0|0.0
1782408477676793156|1419000.0|0.0
1782408477775980581|1419000.0|0.0
1782408477876304522|1424000.0|0.0498385524946633
1782408477976092093|1419000.0|-0.050106440610725
1782408478076068608|1418000.0|-0.0100023490516748
1782408478176932086|1414000.0|-0.0396575656453171
1782408478276788346|1417000.0|0.0300431840727862
1782408478376057946|1421000.0|0.040294309637593
1782408478476319407|1421000.0|0.0
1782408478576844884|1415000.0|-0.0596863618960992
1782408478676073957|0.0|-14.2599336789128
1782408478776055656|1419000.0|14.1925973872478
1782408478876266044|1412000.0|-0.0698530375912725
1782408478976336000|1413000.0|0.00999300929042079
1782408479076145858|1411000.0|-0.0200381008457101
1782408479176110325|1415000.0|0.0400142182521715
1782408479276580858|1415000.0|0.0
1782408479376210011|1417000.0|0.0200744454788249
1782408479476991921|1416000.0|-0.00992241563987029
1782408479576375186|1407000.0|-0.0905585060019914
1782408479676362357|1412000.0|0.0500064153230218
1782408479776502712|1409000.0|-0.0299579525157465
1782408479876065402|1411000.0|0.0200878461600425
1782408479976013644|1415000.0|0.0400207139211113
1782408480075994911|1411000.0|-0.0400074946039642
1782408480176015185|1414000.0|0.0299939190328553
1782408480276522021|1418000.0|0.0397982879492893
1782408480376713929|1415000.0|-0.029942537874416
1782408480476375178|1416000.0|0.0100339902422856
1782408480576134940|1408000.0|-0.0801926532262577
1782408480676426336|1408000.0|0.0
1782408480776522467|1407000.0|-0.00999039613229406
1782408480876514917|1409000.0|0.0200015101140136
1782408480976010438|1410000.0|0.0100507036894656
1782408481076183001|1411000.0|0.0099827734266917
1782408481176270764|1407000.0|-0.0399649255823612
1782408481276472063|1417000.0|0.0997991053988232
1782408481376576625|1412000.0|-0.049947773608959
1782408481476203026|1416000.0|0.0401499999984944
1782408481576102212|1418000.0|0.0200201831474383
1782408481676250663|1417000.0|-0.00998517690503271
1782408481776205545|1416000.0|-0.0100045138365528
1782408481876375675|1418000.0|0.0199660317901155
1782408481976874143|1420000.0|0.01990080087589
1782408482075988094|1422000.0|0.020178794002471
1782408482176025552|1417000.0|-0.0499812780128819
1782408482276237843|1419000.0|0.0199576317439944
1782408482376512054|1416000.0|-0.0299179616581575
1782408482476285479|1417000.0|0.0100227089528098
1782408482576053432|1414000.0|-0.0300697760131452
1782408482676076394|1416000.0|0.0199954086542648
1782408482776359421|1416000.0|0.0
1782408482876309134|1413000.0|-0.030015093690164
1782408482976505777|1413000.0|0.0
1782408483076054673|1413000.0|0.0
1782408483176128819|1414000.0|0.00999259089355606
1782408483276072900|1414000.0|0.0
1782408483376482007|1414000.0|0.0
1782408483476757129|1414000.0|0.0
1782408483576046312|1413000.0|-0.0100715905779988
1782408483676272971|1414000.0|0.00997738535812114
1782408483776260572|1416000.0|0.0200024801075085
1782408483876419134|1419000.0|0.0299525067063163
1782408483976197119|1417000.0|-0.0200445018006728
1782408484076668994|1413000.0|-0.0398121364809804
1782408484176865892|1411000.0|-0.0199606977852748
1782408484276120466|1417000.0|0.0604506145983761
1782408484376523508|1410000.0|-0.0697190031353831
1782408484476571733|1410000.0|0.0
1782408484575989588|1410000.0|0.0
1782408484676933384|1413000.0|0.0297195084678607
1782408484776019174|1411000.0|-0.0201845289824101
1782408484876349976|1412000.0|0.00996702886916024
1782408484976384537|1414000.0|0.0199930901881001
1782408485076380234|1412000.0|-0.0200008606370332
1782408485176181386|1412000.0|0.0
1782408485276209530|1408000.0|-0.0399887455674475
1782408485376218699|1410000.0|0.0199981663681257
1782408485476335660|1407000.0|-0.0299649526916823
1782408485576371405|1414000.0|0.0699749874407393
1782408485676054141|1415000.0|0.0100318273768088
1782408485776018845|1411000.0|-0.04001412338499
1782408485876686737|1414000.0|0.0298009617604787
1782408485976535441|1416000.0|0.0200303050503289
1782408486076305361|1412000.0|-0.0400922442355371
1782408486176054688|1411000.0|-0.010025130294864
1782408486276203345|1416000.0|0.0499257818305042
1782408486376073297|1415000.0|-0.0100130217345053
1782408486476192818|1414000.0|-0.00998806216821593
1782408486576398995|1412000.0|-0.0199588494429839
1782408486676482516|1410000.0|-0.0199833097398722
1782408486776066674|1409000.0|-0.0100417578466647
1782408486876047907|1414000.0|0.050009385261332
1782408486976330852|1417000.0|0.0299153559959772
1782408487076688149|1418000.0|0.0099643975066407
1782408487177039254|1415000.0|-0.029895037030235
1782408487276500340|1408000.0|-0.0703792838135711
1782408487376543477|1415000.0|0.069969817119989
1782408487476985878|1414000.0|-0.00995595475659727
1782408487576383444|1417000.0|0.0301818255791093
1782408487676128435|1420000.0|0.0300766982875361
1782408487776004562|1416000.0|-0.0400496106542057
1782408487876749205|1417000.0|0.00992608609472168
1782408487975980802|1411000.0|-0.0604646118917143
1782408488075982258|1412000.0|0.00999985440211991
1782408488175984337|1411000.0|-0.00999979210432215
1782408488276576835|1413000.0|0.0198821983722882
1782408488375976816|1416000.0|0.0301810922881364
1782408488476370129|1409000.0|-0.0697257595234455
1782408488575991967|1412000.0|0.030113879248042
1782408488676386881|1413000.0|0.0099606639435938
1782408488776136895|1411000.0|-0.0200501224992309
1782408488876543808|1415000.0|0.0398378944286436
1782408488975994414|1413000.0|-0.0201104858023691
1782408489076979472|1416000.0|0.0297073652222886
1782408489175983053|1415000.0|-0.0101006447433452
1782408489275982140|1412000.0|-0.0300002739025007
1782408489376025371|1415000.0|0.0299870363043353
1782408489475986634|1421000.0|0.06002325120682
1782408489576396331|1419000.0|-0.0199183949335093
1782408489676612939|1415000.0|-0.0399135440704599
1782408489776773451|1417000.0|0.0199679490456279
1782408489876051479|1414000.0|-0.0302181667025054
1782408489976018326|1413000.0|-0.0100033163994859
1782408490076126966|1410000.0|-0.0299674433695233
1782408490176100389|1413000.0|0.0300079752195741
1782408490276387252|1422000.0|0.0897425617949581
1782408490376026898|1417000.0|-0.0501808286231768
1782408490476577187|1415000.0|-0.0198905445214583
1782408490576150704|1413000.0|-0.0200856619335842
1782408490675983662|1419000.0|0.0601003928983052
1782408490776018525|1418000.0|-0.00999651491500518
1782408490876550574|1414000.0|-0.0397883067120218
1782408490976867613|1419000.0|0.0498419814803346
1782408491076303338|1417000.0|-0.0201134954263168
1782408491175986023|1412000.0|-0.0501591625466349
1782408491276355495|1415000.0|0.0298895664211524
1782408491376772983|1415000.0|0.0
1782408491476473637|1416000.0|0.0100300244770711
1782408491576908629|1416000.0|0.0
1782408491676145456|1414000.0|-0.0201538084243665
1782408491776377104|1419000.0|0.0498844436838951
1782408491876239486|1418000.0|-0.0100137807648129
1782408491976580685|1421000.0|0.0298979883626864
1782408492076000905|1413000.0|-0.0804665288409138
1782408492176276633|1412000.0|-0.00997250301688161
1782408492276510216|1414000.0|0.0199533922677392
1782408492376378805|1416000.0|0.0200263167831479
1782408492476004530|1420000.0|0.0401502724321454
1782408492576080000|1419000.0|-0.00999245869142558
1782408492676516576|1421000.0|0.019913064340226
1782408492775979676|1421000.0|0.0
1782408492876351980|1415000.0|-0.059777446176786
1782408492976057640|1415000.0|0.0
1782408493076576344|1415000.0|0.0
1782408493176062244|1412000.0|-0.030155026993775
1782408493276286643|1410000.0|-0.0199552206843366
1782408493377374948|1409000.0|-0.00989234115657593
1782408493476281470|1416000.0|0.0707738969933651
1782408493576509213|1414000.0|-0.0199545548980386
1782408493676537770|1415000.0|0.00999714511526943
1782408493776295143|1414000.0|-0.0100243217110378
1782408493876382069|1413000.0|-0.00999131494956694
1782408493976590995|1413000.0|0.0
1782408494076463489|1416000.0|0.0300383006356084
1782408494176289933|1418000.0|0.020034771548108
1782408494276006553|1415000.0|-0.0300852555973117
1782408494376046199|1415000.0|0.0
1782408494476007812|1416000.0|0.0100038401741276
1782408494576452563|1411000.0|-0.0497786091380723
1782408494676576513|1406000.0|-0.0499381017229144
1782408494776203069|1410000.0|0.0401499375327197
1782408494876003369|1412000.0|0.0200400199197798
1782408494976340568|1418000.0|0.059798360526289
1782408495076839830|1417000.0|-0.00995032182425379
1782408495176049457|1411000.0|-0.0604780017971441
1782408495276045502|1411000.0|0.0
1782408495376071050|1412000.0|0.00999744585253359
1782408495476059175|1411000.0|-0.0100011876410324
1782408495576212693|1417000.0|0.059908030389906
1782408495676618419|1418000.0|0.00995959134840577
1782408495775991789|1411000.0|-0.0704414069886127
1782408495876091419|1412000.0|0.00999004691625733
1782408495975996535|1414000.0|0.0200189948230479
1782408496076340981|1419000.0|0.0498283681789424
1782408496176320498|1414000.0|-0.0500102435981962
1782408496276009789|1413000.0|-0.0100311677409763
1782408496376075626|1413000.0|0.0
1782408496476047863|1412000.0|-0.0100027770709982
1782408496576465797|1413000.0|0.00995838054186616
1782408496676038112|1413000.0|0.0
1782408496776466942|1412000.0|-0.00995730010993855
1782408496876016233|1416000.0|0.0401810998332474
1782408496976210198|1412000.0|-0.0399225641983527
1782408497076781989|1414000.0|0.0198862919722688
1782408497176389439|0.0|-14.1957253197426
1782408497276281675|1417000.0|14.1852866322864
1782408497376060631|1409000.0|-0.0801772269495383
1782408497476822998|1409000.0|0.0
1782408497575993087|1409000.0|0.0
1782408497676395788|1414000.0|0.0497994570883108
1782408497776154232|1417000.0|0.030072642271766
1782408497876524453|1413000.0|-0.0398524578320895
1782408497976390417|1416000.0|0.0300402647692862
1782408498076133132|1412000.0|-0.0401031794652873
1782408498176156296|1407000.0|-0.0499884206822332
1782408498276662534|1409000.0|0.0198992623721525
1782408498376711121|1408000.0|-0.00999514365955013
1782408498476800654|1407000.0|-0.0099910547089874
1782408498576462808|1406000.0|-0.0100338991268441
1782408498675996754|1415000.0|0.0904214126103269
1782408498776384191|1411000.0|-0.0398456233124071
1782408498876079930|1414000.0|0.0300915568718539
1782408498976053158|1416000.0|0.0200053558338638
1782408499077039669|1411000.0|-0.0495115629848822
1782408499176049421|1407000.0|-0.0404000607940115
1782408499276355465|1411000.0|0.039877955908619
1782408499376407605|1413000.0|0.0199895774343257
1782408499476163087|1413000.0|0.0
1782408499576817245|1409000.0|-0.0397400373663649
1782408499676234823|1414000.0|0.0502929170131262
1782408499776139073|1415000.0|0.0100095841768493
1782408499876378590|1412000.0|-0.0299283165939437
1782408499976072664|1412000.0|0.0
1782408500076699797|1417000.0|0.0496883877234185
1782408500176753905|1410000.0|-0.0699621448826469
1782408500276001209|1408000.0|-0.0201516808960372
1782408500376905159|1409000.0|0.00991041480536689
1782408500476426401|1412000.0|0.030144318335577
1782408500576703596|1416000.0|0.0398894284986731
1782408500675984997|1411000.0|-0.0503619001105756
1782408500775993680|1408000.0|-0.0299973953261638
1782408500877105087|1410000.0|0.0197801618960757
1782408500976579448|1410000.0|0.0
1782408501076601811|1411000.0|0.00999776419999196
1782408501176305901|1415000.0|0.0401187152904159
1782408501276239431|1418000.0|0.030019954263599
1782408501376289202|1411000.0|-0.0699651776314411
1782408501476395533|1414000.0|0.0299681345828167
1782408501576403480|1417000.0|0.0299976160894494
1782408501676510530|1420000.0|0.029967919342344
1782408501776482861|1417000.0|-0.0300083029973563
1782408501876283271|1418000.0|0.0100199989158361
1782408501976344754|1418000.0|0.0
1782408502076432237|1418000.0|0.0
1782408502176615848|1415000.0|-0.029945017653636
1782408502276562098|1419000.0|0.0400215115624648
1782408502376067402|1415000.0|-0.0401988621631667
1782408502476341558|1416000.0|0.00997265935601592
1782408502576072943|1419000.0|0.0300808015450703
1782408502676502187|1415000.0|-0.039829036251632
1782408502776057379|1416000.0|0.0100446795381601
1782408502876268590|1412000.0|-0.0399156936642548
1782408502976536746|1415000.0|0.0299197683459941
1782408503076086418|1409000.0|-0.060271419076097
1782408503175984460|1411000.0|0.0200204124120871
1782408503276672152|1418000.0|0.0695219034318514
1782408503376161984|1414000.0|-0.0402051136240737
1782408503476241258|1416000.0|0.0199841577587783
1782408503577079239|1414000.0|-0.0198337965533047
1782408503676453199|1418000.0|0.0402519935806121
1782408503776298504|1416000.0|-0.0200309869352395
1782408503876200802|1413000.0|-0.0300293392650487
1782408503976140220|1420000.0|0.0700424331068248
1782408504076353045|1416000.0|-0.0399150507931495
1782408504176079422|1419000.0|0.0300823121249055
1782408504276619625|1418000.0|-0.00994626995133479
1782408504376892020|1416000.0|-0.0199456689949412
1782408504475997338|1421000.0|0.050451379410336
1782408504576365349|1421000.0|0.0
1782408504676366782|1422000.0|0.00999985670205346
1782408504776592233|1416000.0|-0.0598650336829115
1782408504876490146|1420000.0|0.0400408765296228
1782408504976122442|1419000.0|-0.0100369061052252
1782408505076634085|1419000.0|0.0
1782408505176567214|1421000.0|0.0200133831494459
1782408505276474295|1418000.0|-0.0300279016259118
1782408505376233311|1416000.0|-0.0200483132271473
1782408505476749082|1411000.0|-0.0497434377735609
1782408505576771747|1417000.0|0.0599864040815149
1782408505676342139|1421000.0|0.0401725846374091
1782408505776823718|1422000.0|0.00995207290681608
1782408505876488110|1421000.0|-0.010033673812007
1782408505976228742|1420000.0|-0.0100260042466946
1782408506076230591|1418000.0|-0.0199996302068375
1782408506175993527|1424000.0|0.0601425763973105
1782408506276360369|1423000.0|-0.00996344988118686
1782408506376080089|1420000.0|-0.0300843203330294
1782408506476508867|1423000.0|0.0298719157968844
1782408506576089178|1423000.0|0.0
1782408506676148724|1425000.0|0.0199880978872321
1782408506776410061|1424000.0|-0.0099739344190074
1782408506876744007|1422000.0|-0.0199334330975082
1782408506976507919|1424000.0|0.0200473293388896
1782408507076377079|1419000.0|-0.0500655057076679
1782408507176347888|1421000.0|0.0200058399047266
1782408507276239896|1425000.0|0.04004324349952
1782408507376009903|1425000.0|0.0
1782408507476175896|1424000.0|-0.00998342820801467
1782408507576561698|1421000.0|-0.0298847042134504
1782408507676066505|1427000.0|0.0602985944186596
1782408507776212402|1424000.0|-0.0299562946647729
1782408507876231002|1422000.0|-0.0199962806917913
1782408507976393555|1416000.0|-0.0599026264835722
1782408508076491035|1420000.0|0.0399610459723861
1782408508176013362|1424000.0|0.0401919862665591
1782408508276284267|1425000.0|0.0099729826912403
1782408508376330435|1425000.0|0.0
1782408508476653244|1423000.0|-0.0199356459406953
1782408508576565460|1424000.0|0.0100087861128013
1782408508676009242|1421000.0|-0.0301677987267218
1782408508776135970|1420000.0|-0.00998734323965924
1782408508876557147|1426000.0|0.0597483536764362
1782408508976251411|1425000.0|-0.0100306673611633
1782408509076281434|1424000.0|-0.00999699860110999
1782408509176557987|1428000.0|0.0398896838825323
1782408509276003481|1425000.0|-0.0301672793741665
1782408509376338162|1421000.0|-0.0398665741509658
1782408509476010328|1426000.0|0.0501644561431523
1782408509576492786|1423000.0|-0.0298559575443507
1782408509676427257|1422000.0|-0.0100065571968655
1782408509776193808|1418000.0|-0.0400935981038374
1782408509876158232|1423000.0|0.050017794330511
1782408509976521088|1419000.0|-0.0398553823538063
1782408510076395431|1419000.0|0.0
1782408510176529215|1419000.0|0.0
1782408510276156533|1418000.0|-0.0100374076114344
1782408510376093676|1425000.0|0.0700440275744124
1782408510476257380|1415000.0|-0.0998365635520028
1782408510576400924|1416000.0|0.00998566617534526
1782408510676440131|1423000.0|0.0699725658561048
1782408510776703467|1416000.0|-0.0698161489460115
1782408510876125649|1413000.0|-0.0301743528421052
1782408510976437625|1417000.0|0.0398755977053029
1782408511076242111|1420000.0|0.0300587691018217
1782408511176448759|1417000.0|-0.0299381334459965
1782408511276066781|1415000.0|-0.0200766885333258
1782408511376191828|1418000.0|0.02996253275167
1782408511476011242|1420000.0|0.0200361825406028
1782408511576008050|1419000.0|-0.0100003192101892
1782408511676639707|1421000.0|0.0198744615722665
1782408511776006591|1418000.0|-0.0301911449693844
1782408511876159415|1418000.0|0.0
1782408511976023549|1422000.0|0.0400544203387374
1782408512076386997|1422000.0|0.0
1782408512176416348|1425000.0|0.0299911972836853
1782408512276713828|1426000.0|0.00997034023187821
1782408512375982152|1421000.0|-0.0503685344783297
1782408512476004846|1420000.0|-0.00999773111490078
1782408512576323830|1419000.0|-0.00996820302725554
1782408512675997020|1417000.0|-0.0200655763099385
1782408512776376035|1415000.0|-0.019924483219924
1782408512876252586|1415000.0|0.0
1782408512975983279|1416000.0|0.010027003422106
1782408513075984597|1416000.0|0.0
1782408513176393245|1418000.0|0.0199186030271018
1782408513276052514|1417000.0|-0.0100341895945474
1782408513376440905|1415000.0|-0.0199226223279144
1782408513476184238|1416000.0|0.010025732747471
1782408513576251189|1416000.0|0.0
1782408513677138014|1419000.0|0.029736291136132
1782408513776401586|1421000.0|0.0201483782993423
1782408513876192647|1416000.0|-0.0501046882345504
1782408513977017344|1420000.0|0.0396728194481953
1782408514076122371|1415000.0|-0.050451527549657
1782408514176193241|1418000.0|0.0299787540569998
1782408514276493488|1414000.0|-0.0398802607136152
1782408514376473574|1414000.0|0.0
1782408514476306443|1414000.0|0.0
1782408514575974079|1416000.0|0.020066694468403
1782408514675979445|1416000.0|0.0
1782408514776135227|1415000.0|-0.0099844460302851
1782408514875977505|1415000.0|0.0
1782408514976480296|1420000.0|0.0497498621704943
1782408515076030732|1418000.0|-0.0200903188409943
1782408515175993682|1420000.0|0.0200074127464226
1782408515276243560|1414000.0|-0.0598504469002945
1782408515376429342|1416000.0|0.0199629125018957
1782408515475997826|1415000.0|-0.0100433386130495
1782408515575990744|0.0|-14.151002173974
1782408515676133454|1417000.0|14.1498068107004
1782408515775986291|1416000.0|-0.0100147379888666
1782408515875990296|1422000.0|0.0599975970962363
1782408515976034366|1416000.0|-0.0599735696478562
1782408516076004707|1417000.0|0.0100029667799173
1782408516176446905|1422000.0|0.0497798743910403
1782408516276380702|1421000.0|-0.0100066246857407
1782408516376593540|1418000.0|-0.0299362842114101
1782408516476451417|1416000.0|-0.0200284650553907
1782408516576779439|1425000.0|0.0897057454197592
1782408516676246946|1420000.0|-0.0502676718337778
1782408516775996838|1423000.0|0.0300752205325696
1782408516876304780|1421000.0|-0.0199386006743115
1782408516976754259|1422000.0|0.00995525322734626
1782408517076940632|1424000.0|0.0199627947405582
1782408517176189723|1428000.0|0.0403026361218764
1782408517276278672|1429000.0|0.00999111300489328
1782408517376348757|1428000.0|-0.00999299640846713
1782408517476239161|1425000.0|-0.0300329148733846
1782408517576262750|1422000.0|-0.0299929249689291
1782408517676028130|1421000.0|-0.0100235171759983
1782408517776420440|1424000.0|0.0298827669171075
