1782420691499659206|1648000.0|
1782420691599556581|1653000.0|0.0500513652135504
1782420691699644099|1647000.0|-0.059947535116217
1782420691799587218|1689000.0|0.420239036166162
1782420691899585521|1719000.0|0.300005091086396
1782420691999979856|1651000.0|-0.677329054473044
1782420692100203807|1654000.0|0.0299329648259427
1782420692199546828|1659000.0|0.0503306618791067
1782420692299673882|1655000.0|-0.0399492428889399
1782420692400102873|1666000.0|0.109530125618807
1782420692500256296|1660000.0|-0.0599080872153516
1782420692600485687|1663000.0|0.0299313401994032
1782420692699654851|1662000.0|-0.0100837796716729
1782420692799646049|1711000.0|0.490043133596619
1782420692899783535|1722000.0|0.109848973040925
1782420692999593613|1655000.0|-0.671274898713134
1782420693099655851|1654000.0|-0.00999378007115931
1782420693199548952|1670000.0|0.160171221434001
1782420693299611638|1658000.0|-0.119924823924874
1782420693399486676|1656000.0|-0.0200250236700786
1782420693499528433|1659000.0|0.0299874781287578
1782420693599498591|1666000.0|0.0700208956356756
1782420693699809406|1704000.0|0.378822562651894
1782420693799583211|1727000.0|0.230521427943938
1782420693899626248|1661000.0|-0.659716077991515
1782420694000207320|1649000.0|-0.119306741928541
1782420694099526371|1656000.0|0.0704799323948434
1782420694199548417|1659000.0|0.029993387657757
1782420694299542222|1641000.0|-0.180011151690847
1782420694399720044|1665000.0|0.23957398474884
1782420694499547464|1648000.0|-0.170293893200886
1782420694599500822|1647000.0|-0.0100046663764913
1782420694699513571|1661000.0|0.139982153675228
1782420694800087970|1746000.0|0.84514549274115
1782420694899554877|1647000.0|-0.995305906114081
1782420694999549883|1640000.0|-0.070003495974589
1782420695099510759|1647000.0|0.0700273975190053
1782420695199511300|1640000.0|-0.0699996213020488
1782420695299678337|1757000.0|1.16804892611528
1782420695399559662|1722000.0|-0.350415856017128
1782420695499601259|1774000.0|0.51978378553873
1782420695599547335|1674000.0|-1.00053953093666
1782420695699553492|1580000.0|-0.939942127763194
1782420695799547953|1691000.0|1.11006148630573
1782420695899580318|1792000.0|1.00967321926259
1782420695999668699|1746000.0|-0.459593806397967
1782420696099542999|1743000.0|-0.0300377574611286
1782420696199498723|1739000.0|-0.0400177182449301
1782420696299529136|1743000.0|0.0399878384986774
1782420696399585692|1742000.0|-0.00999434759677317
1782420696499595401|1756000.0|0.139986408719577
1782420696599601605|1750000.0|-0.0599962778309234
1782420696699585617|1587000.0|-1.63026064607209
1782420696799649150|1701000.0|1.13927618366223
1782420696899554122|1572000.0|-1.29122702721943
1782420696999669127|1734000.0|1.618139059175
1782420697099629347|1598000.0|-1.36054122329863
1782420697200219904|1542000.0|-0.556712296562788
1782420697299547626|1551000.0|0.0906091453501773
1782420697399651558|1545000.0|-0.0599377055438741
1782420697499913539|1562000.0|0.169555796030003
1782420697599579758|1579000.0|0.170569328008721
1782420697699587562|1539000.0|-0.399968786435907
1782420697799595910|1708000.0|1.68985893057648
1782420697900412292|1535000.0|-1.71599095869161
1782420698000213423|1549000.0|0.140278971387609
1782420698099806569|1572000.0|0.230939586947078
1782420698200293430|1545000.0|-0.268691844200407
1782420698299727600|1585000.0|0.402276199419174
1782420698399493963|1544000.0|-0.410960154977284
1782420698499816951|1563000.0|0.189388298522369
1782420698599816306|1545000.0|-0.180001161007489
1782420698699543661|1761000.0|2.16590523232066
1782420698799626553|1716000.0|-0.449627294942676
1782420698899609236|1872000.0|1.56027019198915
1782420699000232065|1597000.0|-2.73297821908784
1782420699099594842|1541000.0|-0.56359133360373
1782420699200159911|1538000.0|-0.0298314318264924
1782420699299786705|1591000.0|0.531985401437288
1782420699399838108|1648000.0|0.569707153431921
1782420699499527014|1548000.0|-1.00312064814915
1782420699600270019|1543000.0|-0.049631237424375
1782420699699568604|1538000.0|-0.0503531847911025
1782420699799498839|1571000.0|0.330230385228254
1782420699900481013|1532000.0|-0.386206777445691
1782420699999565885|1542000.0|0.100923579938621
1782420700099582424|1534000.0|-0.0799867709879463
1782420700199511458|1593000.0|0.59041899674523
1782420700299521853|1609000.0|0.159983369728717
1782420700399504168|1566000.0|-0.430076058951025
1782420700499563554|1535000.0|-0.30981601266272
1782420700600493312|1573000.0|0.376499466094033
1782420700699988169|1542000.0|-0.311573893713923
1782420700799537490|1751000.0|2.09946183359704
1782420700899582749|1702000.0|-0.489778331225071
1782420701000321129|1638000.0|-0.635309005366177
1782420701100303556|1541000.0|-0.970170488059867
1782420701199663308|1546000.0|0.0503221867945081
1782420701299520870|1580000.0|0.340484979995806
1782420701399538704|1612000.0|0.319942941375835
1782420701499591546|1540000.0|-0.719619738537762
1782420701599607413|1579000.0|0.389938128517148
1782420701699566159|1621000.0|0.420173338308986
1782420701800014378|1700000.0|0.786474870201531
1782420701900155460|0.0|-16.9760498493515
1782420701999564061|1610000.0|16.1957816909625
1782420702099541814|1738000.0|1.28028482496501
1782420702199543968|1740000.0|0.0199995692092792
1782420702299618794|1633000.0|-1.0691999604376
1782420702399550836|1614000.0|-0.190129208007178
1782420702499642477|1540000.0|-0.739322477488405
1782420702599606599|1583000.0|0.430154330770794
1782420702699623105|1587000.0|0.0399933986896123
1782420702799532986|1565000.0|-0.220198440632714
1782420702899585956|1710000.0|1.44923234162864
1782420702999537374|1541000.0|-1.69082143486949
1782420703100071225|1596000.0|0.547079411093085
1782420703200364931|1564000.0|-0.319062893139077
1782420703299583674|1592000.0|0.282204744319327
1782420703399613779|1625000.0|0.329900683399263
1782420703499655532|1614000.0|-0.10995409086844
1782420703600253927|1546000.0|-0.675955118369433
1782420703700263168|1548000.0|0.0199981519707764
1782420703799688968|1546000.0|-0.0201155032194863
1782420703900124338|1667000.0|1.20475485877137
1782420703999837466|1536000.0|-1.31376883493215
1782420704100028756|1547000.0|0.109789982742013
1782420704199610860|1542000.0|-0.0502098248496537
1782420704299609396|1573000.0|0.310004538466443
1782420704399919358|1541000.0|-0.319011186545958
1782420704499916263|1626000.0|0.850026308314242
1782420704599606927|1537000.0|-0.892761633125445
1782420704700279034|1677000.0|1.39065332167926
1782420704799604065|1631000.0|-0.463125956638262
1782420704899595290|1600000.0|-0.310027204887229
1782420704999621971|1533000.0|-0.669821284982954
1782420705099591611|1538000.0|0.0500151846100476
1782420705200333205|1590000.0|0.516172098686467
1782420705300655599|1569000.0|-0.209325148281449
1782420705399553444|1584000.0|0.151671656748436
1782420705500210286|1580000.0|-0.039738977704069
1782420705600033494|1537000.0|-0.430761551962946
1782420705699625149|1584000.0|0.471927090678431
1782420705800354551|1626000.0|0.416958694939934
1782420705899999631|1534000.0|-0.923276894353439
1782420705999582518|1586000.0|0.522178072624064
1782420706100287872|1561000.0|-0.248248965988442
1782420706199773159|1567000.0|0.0603104256009233
1782420706300247792|1627000.0|0.597165654737948
1782420706399586310|1542000.0|-0.855660037126787
1782420706499792815|1592000.0|0.498969602821693
1782420706599803335|1587000.0|-0.0499947405532938
1782420706699517422|1535000.0|-0.521491010593117
1782420706800044519|1583000.0|0.477483200375318
1782420706900443280|1530000.0|-0.527894960775462
1782420707000309256|1581000.0|0.510684439713482
1782420707099584766|1540000.0|-0.412992086366517
1782420707200304663|1586000.0|0.456712142984022
1782420707300120494|1610000.0|0.240442821139264
1782420707399568948|1551000.0|-0.593272168916774
1782420707499608012|1580000.0|0.289886758636606
1782420707600099589|1538000.0|-0.417945476166624
1782420707700151309|1584000.0|0.459762210984479
1782420707799701267|1572000.0|-0.120542491841132
1782420707899937644|1580000.0|0.0798113443385928
1782420708000470933|1577000.0|-0.0298408619656321
1782420708100590124|1539000.0|-0.379547613404108
1782420708199673601|1590000.0|0.514717504312046
1782420708300209194|1569000.0|-0.208881246664552
1782420708400489858|1537000.0|-0.319104388858055
1782420708500603241|1531000.0|-0.0599320472468701
1782420708600685760|1536000.0|0.0499587745188548
1782420708699931445|1545000.0|0.0906840433415317
1782420708799577468|1603000.0|0.582060359799809
1782420708899588851|1623000.0|0.199977236591159
1782420708999685674|1602000.0|-0.20979686837813
1782420709099629537|1584000.0|-0.180101103356391
1782420709200561354|1615000.0|0.307138035571083
1782420709300278976|1543000.0|-0.722038878945589
1782420709399777573|1582000.0|0.391965325903038
1782420709500218109|1581000.0|-0.00995613962076029
1782420709600180100|1553000.0|-0.280106465666535
1782420709700106682|1606000.0|0.53038940129064
1782420709799601503|1550000.0|-0.562843366490403
1782420709900154952|1528000.0|-0.218789113837358
1782420709999575677|1534000.0|0.0603495900879822
1782420710099530483|1586000.0|0.520235115057899
1782420710199547897|1669000.0|0.829855488965152
1782420710299594064|1729000.0|0.599723125824501
1782420710399477878|1754000.0|0.250290802872225
1782420710499593180|1639000.0|-1.1486755541126
1782420710600285860|1548000.0|-0.903739973948454
1782420710700110154|1638000.0|0.901584137424503
1782420710800114016|1708000.0|0.699972967044013
1782420710899585173|1725000.0|0.170903812850996
1782420710999927804|1674000.0|-0.508258548652168
1782420711100472228|1625000.0|-0.487346767235943
1782420711199594471|1579000.0|-0.464073437079102
1782420711300401039|1624000.0|0.446399484605011
1782420711399773555|1590000.0|-0.342146917161683
1782420711499807321|1578000.0|-0.119959494477095
1782420711599567198|1615000.0|0.370890593620118
1782420711699619124|1619000.0|0.0399792403796405
1782420711799701418|1580000.0|-0.389679317302619
1782420711899653328|1530000.0|-0.500240565688039
1782420711999701686|1552000.0|0.219893663822049
1782420712099506795|1674000.0|1.22238231311385
1782420712199619217|1736000.0|0.619303766319828
1782420712299750471|1707000.0|-0.289619862345877
1782420712399620572|1733000.0|0.260338176688136
1782420712499660049|1723000.0|-0.0999605385781855
1782420712599517846|1717000.0|-0.0600854433029401
1782420712699665900|1718000.0|0.00998521648758148
1782420712800041875|1704000.0|-0.13947560658813
1782420712899583015|1623000.0|-0.813733899370652
1782420712999575084|1640000.0|0.170013483769398
1782420713099640609|1696000.0|0.559633300279992
1782420713199606614|1725000.0|0.290098619025538
1782420713299528891|1674000.0|-0.51039669562374
1782420713399517712|1811000.0|1.37015316942281
1782420713499705301|1637000.0|-1.73674206293157
1782420713599629578|1650000.0|0.130098514498133
1782420713699493871|1545000.0|-1.05142685984869
1782420713799679364|1542000.0|-0.0299444551318423
1782420713899627001|1536000.0|-0.0600314342599215
1782420713999598670|1548000.0|0.120034006834476
1782420714100287525|1585000.0|0.367468673668004
1782420714199602343|1548000.0|-0.372552663792829
1782420714299598652|1596000.0|0.480017717453951
1782420714399558144|1742000.0|1.4605916564682
1782420714499588277|1754000.0|0.11996385129269
1782420714599611658|1609000.0|-1.44966105474879
1782420714700335632|1542000.0|-0.665184239057129
1782420714799674259|1531000.0|-0.110732353890899
1782420714899496471|1578000.0|0.470837091848856
1782420714999567340|1745000.0|1.66881732584934
1782420715099530352|1706000.0|-0.390144306576116
1782420715199662740|1551000.0|-1.54795069902857
1782420715300315658|1622000.0|0.705394353296345
1782420715399654973|1554000.0|-0.684522537728391
1782420715499700641|1544000.0|-0.0999543528461422
1782420715599774517|1581000.0|0.369726860584475
1782420715699593481|1573000.0|-0.0801450914677896
1782420715799726013|1541000.0|-0.319576458927454
1782420715899573985|1572000.0|0.310472004378817
1782420715999978758|1552000.0|-0.199193717613405
1782420716099513224|1642000.0|0.90420940219843
1782420716199502044|1560000.0|-0.820091686250523
1782420716299714576|1547000.0|-0.129724294362705
1782420716399617524|1547000.0|0.0
1782420716500456170|1545000.0|-0.0198336657554882
1782420716599592443|1634000.0|0.897754144943496
1782420716699674351|1635000.0|0.00999181590342982
1782420716799897091|1534000.0|-1.00775532578734
1782420716900520008|1538000.0|0.0397523756938988
1782420717000443868|1611000.0|0.730556245525343
1782420717099713357|1544000.0|-0.674930441114691
1782420717199685120|1549000.0|0.0500141224877669
1782420717300356245|1614000.0|0.645666768897238
1782420717400508089|1541000.0|-0.728893219379965
1782420717499596842|1539000.0|-0.0201839254148248
1782420717600448191|1542000.0|0.0297467513300194
1782420717699717985|1533000.0|-0.0906620195061551
1782420717799649556|1537000.0|0.0400273903429378
1782420717899705815|1738000.0|2.00886982992238
1782420717999513562|1731000.0|-0.0701348363268835
1782420718099536781|1715000.0|-0.159962858223949
1782420718199541376|1707000.0|-0.0799963241689044
1782420718299783459|1706000.0|-0.00997585016265075
1782420718399649877|1711000.0|0.0500668803400959
1782420718499813929|1693000.0|-0.179705190041633
1782420718599578011|1708000.0|0.150354713833782
1782420718699551902|1586000.0|-1.22031861298666
1782420718799776609|1536000.0|-0.49887898400142
1782420718900297510|1569000.0|0.328289934448558
1782420718999598198|1582000.0|0.1309155078563
1782420719099556873|1754000.0|1.7207110838554
1782420719199614187|1744000.0|-0.0999427188301297
1782420719299540765|1748000.0|0.0400293903790041
1782420719399595840|1752000.0|0.0399779821263439
1782420719499576722|1739000.0|-0.130024858152382
1782420719599554244|1752000.0|0.130029227969863
1782420719699620327|0.0|-17.5084299042664
1782420719799615065|1737000.0|17.3709140574977
1782420719900203037|1744000.0|0.0695908254318916
1782420719999561662|1584000.0|-1.61032824276705
1782420720099794001|1549000.0|-0.349188698469862
1782420720200402100|1569000.0|0.1987911529866
1782420720299874468|1543000.0|-0.261379119877794
1782420720399710870|1583000.0|0.400655464326529
1782420720499876920|1608000.0|0.249585563172352
1782420720599774522|1543000.0|-0.650666269246383
1782420720699730508|1547000.0|0.0400176133523409
1782420720799983551|1582000.0|0.349116584920021
1782420720899516111|1540000.0|-0.42197246810491
1782420720999704770|1570000.0|0.299435088755904
1782420721100123573|1616000.0|0.458081540764831
1782420721199535653|1542000.0|-0.744376337362622
1782420721299582902|1543000.0|0.00999527733141368
1782420721400533306|1541000.0|-0.0198117087277828
1782420721499972778|1581000.0|0.402254750507927
1782420721599571371|1536000.0|-0.451813611463367
1782420721700135854|1537000.0|0.00994386855247891
1782420721800461617|1535000.0|-0.0199350589539
1782420721899600048|1538000.0|0.0302607169564747
1782420722000628436|1596000.0|0.574096064959485
1782420722100265124|1582000.0|-0.140510491476794
1782420722199545652|1540000.0|-0.423043680831351
1782420722299541637|1541000.0|0.0100004015161209
1782420722399504310|1541000.0|0.0
1782420722500596442|1685000.0|1.42444319999107
1782420722599596824|1543000.0|-1.4343378998275
1782420722699523849|1537000.0|-0.0600438169754378
1782420722799596794|1537000.0|0.0
1782420722900332318|1625000.0|0.873574648800159
1782420723001001696|1582000.0|-0.427140813366305
1782420723100578896|1540000.0|-0.421783299791519
1782420723199620462|1542000.0|0.0201935417701291
1782420723299586287|1630000.0|0.880300842813031
1782420723400165537|1741000.0|1.10360735439964
1782420723499992529|1570000.0|-1.71296356400281
1782420723599600657|1539000.0|-0.31121958240195
1782420723699597825|1537000.0|-0.0200005664160409
1782420723799586418|1657000.0|1.20013689961614
1782420723899518899|1725000.0|0.680459439408895
1782420723999684164|1750000.0|0.249587519186417
1782420724099756628|1755000.0|0.0499637942361447
1782420724199603780|1787000.0|0.320489862344797
1782420724299717173|1799000.0|0.119864082520907
1782420724399551797|1779000.0|-0.200331299890507
1782420724499615125|1801000.0|0.219860766573744
1782420724599528565|1789000.0|-0.120103961989498
1782420724699603606|1787000.0|-0.0199850030538584
1782420724799721334|1788000.0|0.00998824104358421
1782420724899584470|1728000.0|-0.6008223094456
1782420724999643671|1568000.0|-1.59905334442956
1782420725099611127|1664000.0|0.960312524107846
1782420725199743559|1677000.0|0.129828066095508
1782420725299553350|1690000.0|0.130247742929348
1782420725399597702|1680000.0|-0.0999556676622784
1782420725499525254|1788000.0|1.08078300567195
1782420725599589174|1726000.0|-0.6196039491557
1782420725699640870|1695000.0|-0.309839825203963
1782420725799543637|1696000.0|0.0100097327634579
1782420725899594485|1709000.0|0.129933931194666
1782420725999720438|1709000.0|0.0
1782420726099576005|1699000.0|-0.100144641910651
1782420726199570948|1687000.0|-0.120006068706895
1782420726299707188|1683000.0|-0.0399455781443362
1782420726399571219|1691000.0|0.0801089233019244
1782420726499568898|1683000.0|-0.0800018568430973
1782420726599804386|1688000.0|0.0498825326215801
1782420726699538145|1793000.0|1.05280299321717
1782420726799621121|1661000.0|-1.31890562486871
1782420726899622848|1692000.0|0.309994646392457
1782420726999590927|1696000.0|0.0400127724771024
1782420727099609406|1698000.0|0.0199963048828207
1782420727199612813|1679000.0|-0.189993526920538
1782420727299684141|1665000.0|-0.139900211976801
1782420727399685436|1659000.0|-0.059999223010062
1782420727499830315|1660000.0|0.00998553305955864
1782420727599548329|1657000.0|-0.0300848350228876
1782420727700655339|1790000.0|1.3154379701269
1782420727800260345|1650000.0|-1.40555184545644
1782420727899934391|1653000.0|0.0300981059803672
1782420727999563397|1653000.0|0.0
1782420728100288966|1655000.0|0.0198559315162568
1782420728199678131|1656000.0|0.0100614589125485
1782420728300231891|1656000.0|0.0
1782420728400556546|1653000.0|-0.0299029186793615
1782420728500063247|1654000.0|0.0100495744502674
1782420728599825581|1665000.0|0.110262055416626
1782420728700217725|1755000.0|0.896484489862075
1782420728800127963|1642000.0|-1.13101522188347
1782420728899696296|1649000.0|0.0703034769096717
1782420729000093576|1648000.0|-0.00996042920684704
1782420729100070966|1652000.0|0.0400090460453108
1782420729199726708|1648000.0|-0.0401381788918896
1782420729299599985|1643000.0|-0.0500634418954732
1782420729399529247|1644000.0|0.0100070788074068
1782420729499786926|1646000.0|0.0199485966556238
1782420729599665628|1667000.0|0.210255035152539
1782420729700167084|1757000.0|0.895509414311371
1782420729799944537|1657000.0|-1.00223043376343
1782420729899486486|1654000.0|-0.030138047628543
1782420730000464183|1667000.0|0.128741300170472
1782420730100050852|1665000.0|-0.0200830093031829
1782420730199584464|1661000.0|-0.0401874293479875
1782420730299587470|1681000.0|0.199993988180715
1782420730399574876|1692000.0|0.110013855144917
1782420730499555930|1858000.0|1.66031456319714
1782420730599579895|1689000.0|-1.68959508853703
1782420730700157975|1750000.0|0.606493979602713
1782420730800329653|1537000.0|-2.12634952566134
1782420730899682545|1538000.0|0.0100651322761697
1782420731000302464|1585000.0|0.467104331499213
1782420731100768415|1544000.0|-0.408098461139337
1782420731200111883|1555000.0|0.110726957911314
1782420731300314504|1543000.0|-0.119757346467015
1782420731399546195|1544000.0|0.0100774257691527
1782420731499645537|1586000.0|0.419583177679629
1782420731599744655|1568000.0|-0.179821764263697
1782420731699684124|1680000.0|1.12067835781677
1782420731800335579|1532000.0|-1.47042086972315
1782420731900060551|1530000.0|-0.0200551572980136
1782420731999670131|1570000.0|0.401567801008698
1782420732100697107|1536000.0|-0.336543776189045
1782420732199903694|1536000.0|0.0
1782420732299491578|1537000.0|0.0100413821424301
1782420732399586327|1543000.0|0.0599432044132505
1782420732500408214|1573000.0|0.297554438749991
1782420732599548641|1568000.0|-0.0504335128594917
1782420732700701473|1647000.0|0.78099642331319
1782420732800263789|1536000.0|-1.11487964984663
1782420732899662424|1531000.0|-0.0503025016389813
1782420732999505813|1564000.0|0.33051762696076
1782420733099679361|1535000.0|-0.289497582735115
1782420733200422912|1540000.0|0.0496309684378705
1782420733299671690|1542000.0|0.0201513816119731
1782420733399483446|1552000.0|0.100188599026351
1782420733500656134|1576000.0|0.237218170975155
1782420733599627263|1642000.0|0.666861140888875
1782420733699669052|1867000.0|2.24906014025799
1782420733799676505|1608000.0|-2.58980698168565
1782420733900073495|1534000.0|-0.737073890362649
1782420734000219892|1544000.0|0.0998538170075155
1782420734099569582|1585000.0|0.412683723522439
1782420734199544474|1726000.0|1.41035411171037
1782420734299569158|1721000.0|-0.0499876610457475
1782420734399556370|1729000.0|0.0800102317084309
1782420734499639327|1720000.0|-0.0899254005854363
1782420734599458922|1728000.0|0.0801445848382775
1782420734699582503|1852000.0|1.23846948702324
1782420734799708531|1702000.0|-1.49811195945973
1782420734899585455|1670000.0|-0.320394328523774
1782420734999570956|1542000.0|-1.28018561411219
1782420735099699720|1549000.0|0.0699099811119211
1782420735199560659|1541000.0|-0.0801114037191259
1782420735299634143|1548000.0|0.0699485989715318
1782420735399635179|1582000.0|0.339996477636492
1782420735500264760|1542000.0|-0.397497431694563
1782420735599671538|1540000.0|-0.0201193524248417
1782420735699569245|1535000.0|-0.050051198872863
1782420735799749546|1590000.0|0.549010129246867
1782420735899662053|1523000.0|-0.670586716435811
1782420735999903602|1584000.0|0.608530101624826
1782420736100308446|1590000.0|0.0597580730268352
1782420736199608647|1543000.0|-0.473312234282386
1782420736299653155|1541000.0|-0.0199911023601615
1782420736399508974|1540000.0|-0.0100144389181766
1782420736499717593|1562000.0|0.219541993688188
1782420736600130054|1666000.0|1.03572802582739
1782420736699638512|1530000.0|-1.36671799295694
1782420736799630363|1526000.0|-0.0400032598656464
1782420736900289720|1530000.0|0.0397379848154603
1782420736999971618|1566000.0|0.361148821624564
1782420737100100142|1536000.0|-0.299614922916471
1782420737199975512|1547000.0|0.110137264072213
1782420737299582914|1544000.0|-0.0301182436220955
1782420737399554173|1548000.0|0.0400114997051303
1782420737499578872|1571000.0|0.229943206327469
1782420737599589059|1541000.0|-0.299969442112932
1782420737699688206|0.0|-15.3947365805225
1782420737800365179|1539000.0|15.2865144247037
1782420737899649412|1531000.0|-0.0805767417269568
1782420737999673711|1529000.0|-0.0199951413805959
1782420738099627097|1621000.0|0.920429048796806
1782420738200319413|1700000.0|0.784568308072286
1782420738299679006|1541000.0|-1.60024810085524
1782420738399638297|1539000.0|-0.0200081451157952
1782420738499655715|1537000.0|-0.0199965170066678
1782420738599682446|1629000.0|0.919754140520697
1782420738699637912|1711000.0|0.820365341501184
1782420738799864675|1718000.0|0.06984162503582
1782420738899673421|1699000.0|-0.190364078915489
1782420738999562887|1707000.0|0.0800885250502791
1782420739099606690|1695000.0|-0.119947459414353
1782420739199517772|1709000.0|0.140124595988261
1782420739299508758|1699000.0|-0.100009014812595
1782420739399459504|1646000.0|-0.530261174839055
1782420739499560842|1539000.0|-1.06891678111236
1782420739599496452|1537000.0|-0.020012886297487
1782420739699469150|1535000.0|-0.0200054618912055
1782420739799625753|1529000.0|-0.0599061851169213
1782420739899594195|1563000.0|0.34010733107154
1782420740000322767|1525000.0|-0.377251451554381
1782420740100044856|1527000.0|0.0200557370995307
1782420740199687856|1528000.0|0.0100358279056231
1782420740299632778|1528000.0|0.0
1782420740399494723|1529000.0|0.0100138245855316
1782420740499584237|1567000.0|0.379660151012423
1782420740599537383|1716000.0|1.49069845185263
1782420740700538963|1701000.0|-0.148512528219856
1782420740800177260|1532000.0|-1.69613497107443
1782420740899539076|1527000.0|-0.0503211414735013
1782420740999804942|1526000.0|-0.0099734838973016
1782420741099573735|1534000.0|0.0801853942444708
1782420741199540976|1634000.0|1.00032769735037
1782420741299604793|1709000.0|0.74952167775091
1782420741399494690|1708000.0|-0.0100110224360327
1782420741499673292|1714000.0|0.0598930298508258
1782420741599641829|1723000.0|0.0900283256120873
1782420741699575534|1711000.0|-0.120079606775312
1782420741799602807|1710000.0|-0.00999727344361372
1782420741899498992|1705000.0|-0.0500519614437729
1782420741999573946|1668000.0|-0.369722877914088
1782420742099596259|1721000.0|0.529881767481222
1782420742199700796|1639000.0|-0.819143691758946
1782420742299527764|1578000.0|-0.611057324710092
1782420742399510829|1535000.0|-0.43007283283424
1782420742499503238|1575000.0|0.400030366305106
1782420742599611903|1537000.0|-0.379587521220066
1782420742699626392|1536000.0|-0.00999855130990071
1782420742799546145|1527000.0|-0.0900722803027746
1782420742899572890|1525000.0|-0.0199946524302075
1782420742999598291|1528000.0|0.0299923816351409
1782420743099557372|1571000.0|0.430176023727149
1782420743199479268|1660000.0|0.890695668945273
1782420743299499180|1563000.0|-0.969806892051655
1782420743399578405|1535000.0|-0.279778345605694
1782420743500316751|1537000.0|0.019853413118377
1782420743599569350|1536000.0|-0.0100753029147378
1782420743699736383|1574000.0|0.379366333032945
1782420743800692889|1529000.0|-0.445736503598886
1782420743899649087|1528000.0|-0.0101054812150321
1782420743999791880|1536000.0|0.0798859284861368
1782420744099614703|1541000.0|0.0500887457370345
1782420744199994280|1579000.0|0.378563061687339
1782420744300481890|1541000.0|-0.378156073171608
1782420744399467751|1550000.0|0.0909220762347059
1782420744499603727|1546000.0|-0.0399456834574619
1782420744600047161|1544000.0|-0.0199117047312421
1782420744700208977|1580000.0|0.359418403516166
1782420744800195369|1528000.0|-0.520070771230549
1782420744899526175|1550000.0|0.22148214522693
1782420744999679880|1540000.0|-0.099846530889696
1782420745100056832|1543000.0|0.0298873390776002
1782420745200229864|1578000.0|0.349395434092481
1782420745299571438|1541000.0|-0.372452322931787
1782420745399516006|1586000.0|0.450249582348487
1782420745499562301|1612000.0|0.259879688698117
1782420745599544245|1616000.0|0.040007223704312
1782420745699510012|1622000.0|0.0600205468337976
1782420745799548676|1707000.0|0.849671483017806
1782420745899582508|1733000.0|0.259912066549645
1782420745999574900|1738000.0|0.0500038042894303
1782420746099570123|1734000.0|-0.0400019108912833
1782420746199574146|1735000.0|0.00999959771618388
1782420746299563593|1723000.0|-0.120012664936531
1782420746399503712|1753000.0|0.300179750636479
1782420746500130265|1741000.0|-0.119252817891914
1782420746600650354|1815000.0|0.7361712542853
1782420746699714310|1775000.0|-0.403779554291169
1782420746799663629|1740000.0|-0.350177473445317
1782420746899690181|1696000.0|-0.439883202212149
1782420746999522203|1696000.0|0.0
1782420747099532898|1698000.0|0.0199978612287416
1782420747199532841|1689000.0|-0.0900000513000292
1782420747299567856|1695000.0|0.0599789983537264
1782420747399505415|1725000.0|0.300187440039435
1782420747499653406|1747000.0|0.219674900917383
1782420747599647781|1753000.0|0.0600033751898544
1782420747699635259|1841000.0|0.880110207400171
1782420747799473874|1725000.0|-1.16187509211741
1782420747899508553|1699000.0|-0.259909865857619
1782420747999477200|1721000.0|0.220068998233016
1782420748099494342|1708000.0|-0.129977719219371
1782420748199488589|1692000.0|-0.160009205329583
1782420748299680979|1704000.0|0.119769575314053
1782420748400263691|1756000.0|0.516987452078246
1782420748499488800|1767000.0|0.11085903669806
1782420748599483270|1785000.0|0.180009954550487
1782420748699495005|1824000.0|0.389954238870069
1782420748799483075|1637000.0|-1.87022311761793
1782420748899462601|1552000.0|-0.850174064637994
1782420748999619344|1565000.0|0.129796552988949
1782420749099629782|1539000.0|-0.259972864032452
1782420749200694591|1540000.0|0.00989464097240811
1782420749299628322|1541000.0|0.010107776082962
1782420749400719371|1543000.0|0.0197841452807558
1782420749499575422|1548000.0|0.0505785933124114
1782420749599482612|1562000.0|0.140130054703771
1782420749699612090|1705000.0|1.428150858831
1782420749799557216|1539000.0|-1.66091140852631
1782420749900168040|1533000.0|-0.0596357306446471
1782420749999496796|1531000.0|-0.02013515602672
1782420750100419108|1542000.0|0.108994728539314
1782420750200245577|1557000.0|0.150260748980313
1782420750299497837|1543000.0|-0.141054722582639
1782420750399486946|1574000.0|0.310033765777431
1782420750500147018|1556000.0|-0.178819661484049
1782420750599542718|1541000.0|-0.150911960980203
1782420750700553526|1695000.0|1.52458932909437
1782420750799696585|1526000.0|-1.70460748038852
1782420750899990896|1531000.0|0.0498532763239183
1782420750999611444|1559000.0|0.281066512503023
1782420751099958346|1550000.0|-0.0896888675247792
1782420751199554127|1630000.0|0.803246876491686
1782420751299513252|1560000.0|-0.700286242001418
1782420751399504921|1550000.0|-0.100008331694113
1782420751499627262|1550000.0|0.0
1782420751599742852|1563000.0|0.129849906493085
1782420751699578825|1865000.0|3.02496175401626
1782420751799807855|1962000.0|0.967783485483198
1782420751899569107|1851000.0|-1.11265644500933
1782420751999634169|1593000.0|-2.57832249182037
1782420752099624141|1672000.0|0.790079229145099
1782420752199580674|1617000.0|-0.550239172461094
1782420752299570023|1595000.0|-0.220023434696029
1782420752399580940|1635000.0|0.399956336766715
1782420752499589360|1693000.0|0.579951168111645
1782420752599779718|1801000.0|1.07794803967064
1782420752699661594|1785000.0|-0.160189221916497
1782420752799621887|1733000.0|-0.520206558418151
1782420752899653588|1571000.0|-1.61948660655086
1782420752999557321|1658000.0|0.870838329935079
1782420753099598381|1722000.0|0.639737323854825
1782420753199732850|1815000.0|0.928751117659594
1782420753299757670|1714000.0|-1.00974938020383
1782420753399549098|1726000.0|0.120250809518429
1782420753499575823|1735000.0|0.0899759539263132
1782420753599609795|1899000.0|1.6394430484076
1782420753699568616|1739000.0|-1.60065913542538
1782420753799593628|1707000.0|-0.319919981614199
1782420753899581456|1716000.0|0.0900109561335806
1782420753999601413|1728000.0|0.119976056378429
1782420754099511945|1721000.0|-0.0700626836818365
1782420754199500445|1644000.0|-0.770088560184421
1782420754299745057|1683000.0|0.389048341071937
1782420754399540981|1721000.0|0.380777074622807
1782420754499583449|1597000.0|-1.23947362034291
1782420754599699213|1733000.0|1.35842743006985
1782420754699641313|1542000.0|-1.91110653068126
1782420754799503509|1543000.0|0.0100137994161474
1782420754899623769|1564000.0|0.209747757347014
1782420754999579149|1663000.0|0.990441935191482
1782420755099588305|1581000.0|-0.819924927673622
1782420755199500004|1602000.0|0.210185595983109
1782420755299556152|1718000.0|1.15934904869614
1782420755399673580|1712000.0|-0.0599296258389698
1782420755499818112|0.0|-17.0952918328082
1782420755599552227|1712000.0|17.1656408642118
1782420755699714567|1893000.0|1.80706640839262
1782420755799661882|1707000.0|-1.86098045755406
1782420755899515534|1696000.0|-0.110161218740402
1782420755999609073|1709000.0|0.129878512937783
1782420756099591125|1692000.0|-0.170030517077205
1782420756199514824|1550000.0|-1.42108430153291
1782420756299535867|1552000.0|0.0199957922854294
1782420756399481246|1553000.0|0.0100054650850841
1782420756499511457|1555000.0|0.0199939596248577
1782420756599537205|1558000.0|0.0299922775883665
1782420756699581496|1560000.0|0.0199911457216484
1782420756800025884|1551000.0|-0.0896018202629698
1782420756899589614|1546000.0|-0.0502190908275534
1782420756999631266|1544000.0|-0.0199916730683336
1782420757099573124|1552000.0|0.0800465406596703
1782420757199495447|1555000.0|0.0300233212152203
1782420757300306796|1554000.0|-0.00991951808917863
1782420757399620077|1546000.0|-0.080553173950622
1782420757499562624|1548000.0|0.0200114972054895
1782420757599569938|1549000.0|0.00999926865349068
1782420757699906742|1553000.0|0.039865730624627
1782420757799754072|1536000.0|-0.170259935844053
1782420757899508123|1535000.0|-0.0100246555400542
1782420758000109551|1542000.0|0.0695815172722996
1782420758099584912|1548000.0|0.0603164435864676
1782420758199530675|1549000.0|0.0100054266432485
1782420758300025814|1546000.0|-0.0298521901641432
1782420758399592183|1546000.0|0.0
1782420758499656426|1550000.0|0.0399743192980534
1782420758599497772|1544000.0|-0.0600953436665407
1782420758699714847|1545000.0|0.00997833951948807
1782420758799526737|1554000.0|0.0901696180685487
1782420758899567172|1540000.0|-0.139943413880597
1782420758999524006|1574000.0|0.340146827779679
1782420759099489064|1543000.0|-0.310108358062474
1782420759199449706|1549000.0|0.0600236240979725
1782420759299616684|1549000.0|0.0
1782420759399570542|1548000.0|-0.010004616330067
1782420759499707697|1548000.0|0.0
1782420759599506370|1554000.0|0.0601210398859712
1782420759700260198|1544000.0|-0.0992518120502578
1782420759799614967|1544000.0|0.0
1782420759899809081|1530000.0|-0.139728766901417
1782420759999561739|1546000.0|0.160396728476147
1782420760099528412|1584000.0|0.38012668482025
1782420760199539550|1588000.0|0.0399955452961649
1782420760300266546|1550000.0|-0.3772573541258
1782420760399502417|1577000.0|0.272079034807887
1782420760499519474|1539000.0|-0.379935194453882
1782420760599612484|1546000.0|0.0699349534997499
1782420760699558518|1544000.0|-0.0200107990278033
1782420760799529624|1539000.0|-0.0500144511755227
1782420760900259947|1544000.0|0.0496374860229526
1782420760999960252|1546000.0|0.020060119174159
1782420761099579948|1553000.0|0.0702672290828914
1782420761199542238|1553000.0|0.0
1782420761299513727|1599000.0|0.460131188003012
1782420761399538096|1572000.0|-0.269934219729994
1782420761499542417|1541000.0|-0.309986605478777
1782420761599546018|1549000.0|0.0799971193037339
1782420761699538596|1543000.0|-0.060004453530541
1782420761799522469|1588000.0|0.450072583205494
1782420761899525078|1606000.0|0.179995303922521
1782420761999556647|1543000.0|-0.629801178066096
1782420762099522968|1541000.0|-0.0200067380693144
1782420762199521113|1585000.0|0.440008162151408
1782420762299624954|1573000.0|-0.119875520061213
1782420762399535403|1581000.0|0.0800717050125558
1782420762499860253|1588000.0|0.0697733413007844
1782420762599579453|1543000.0|-0.45126715818017
1782420762699553902|1580000.0|0.370094562861757
1782420762799693023|1571000.0|-0.089874965049873
1782420762899540175|1611000.0|0.400612327930996
1782420762999475216|1545000.0|-0.660429008079358
1782420763100223090|1546000.0|0.00992576776359569
1782420763199532225|1544000.0|-0.020139134229696
1782420763299554273|1546000.0|0.0199955913720143
1782420763399628738|1643000.0|0.969278226968288
1782420763499982947|1662000.0|0.189329378302409
1782420763599572355|1550000.0|-1.12461758985454
1782420763699532579|1545000.0|-0.0500198959137987
1782420763799967988|1535000.0|-0.0995664785912307
1782420763899949733|1541000.0|0.0600109549998352
1782420763999603156|1547000.0|0.0602086694001469
1782420764099520260|1554000.0|0.0700580753421356
1782420764199509636|1547000.0|-0.0700074375901696
1782420764299578549|1547000.0|0.0
1782420764399600117|1547000.0|0.0
1782420764499650021|1546000.0|-0.00999501208916702
1782420764599636261|1554000.0|0.0800110095149092
1782420764699506757|1545000.0|-0.090116704737303
1782420764799514037|1543000.0|-0.0199985441059891
1782420764899489333|1547000.0|0.0400098840417537
1782420764999690486|1540000.0|-0.0698594755691085
1782420765099576693|1620000.0|0.800911381087881
1782420765199539301|1551000.0|-0.690258101309242
1782420765299569429|1540000.0|-0.109966869181653
1782420765399526165|1542000.0|0.0200086565451677
1782420765499581220|1548000.0|0.0599669851763112
1782420765600053141|1540000.0|-0.0796242365068346
1782420765699491427|1545000.0|0.050282443524821
1782420765799655572|1541000.0|-0.0399344495977078
1782420765899535827|1539000.0|-0.0200239777121114
1782420765999698868|1544000.0|0.0499186121954903
1782420766099583970|1549000.0|0.0500575150836809
1782420766199721282|1553000.0|0.0399451505149249
1782420766299812178|1547000.0|-0.0599455119274784
1782420766399577696|1546000.0|-0.0100235033110338
1782420766500316145|1545000.0|-0.00992669640963005
1782420766599826112|1545000.0|0.0
1782420766699593870|1540000.0|-0.050116391309505
1782420766800552784|1537000.0|-0.0297150581473172
1782420766899531676|1534000.0|-0.030309492654252
1782420766999621244|1546000.0|0.11989261458297
1782420767099615931|1555000.0|0.0900047819540652
1782420767199603530|1570000.0|0.150018603807058
1782420767299531497|1546000.0|-0.240173003819842
1782420767399467079|1549000.0|0.0300193378570608
1782420767499589415|1545000.0|-0.0399511253912414
1782420767599519910|1550000.0|0.0500347766715255
1782420767699542181|1544000.0|-0.059986640375322
1782420767800519590|1538000.0|-0.0594192310876188
1782420767899518658|1537000.0|-0.0101011051942428
1782420767999814210|1546000.0|0.089734787042201
1782420768100317026|1543000.0|-0.0298499098771521
1782420768199603999|1542000.0|-0.0100718147586189
1782420768299790990|1542000.0|0.0
1782420768399577244|1543000.0|0.0100214203852166
1782420768500260060|1540000.0|-0.0297965444272039
1782420768599602249|1540000.0|0.0
1782420768700102409|1547000.0|0.0696516304053645
1782420768799552246|1535000.0|-0.120663847845221
1782420768899492724|1537000.0|0.0200119114899571
1782420768999475235|1547000.0|0.100017492059186
1782420769100128179|1541000.0|-0.0596107750211459
1782420769199555903|1541000.0|0.0
1782420769300280591|1558000.0|0.168776894101672
1782420769399478603|1541000.0|-0.171374402140236
1782420769499929610|1544000.0|0.0298653053821551
1782420769600219593|1547000.0|0.0299132566409947
1782420769699638022|1541000.0|-0.0603509838201125
1782420769800296966|1542000.0|0.00993453696474304
1782420769900455877|1538000.0|-0.039936536450561
1782420769999623712|1549000.0|0.110923062906435
1782420770099500622|1615000.0|0.660813395208162
1782420770199520780|1721000.0|1.05978636826389
1782420770299697642|1681000.0|-0.399293800997679
1782420770399616567|1545000.0|-1.36110351467452
1782420770500775928|1543000.0|-0.019770785226688
1782420770599526946|1549000.0|0.060758867316183
1782420770699648640|1542000.0|-0.0699149177400055
1782420770799525981|1651000.0|1.09133862504409
1782420770899503227|1535000.0|-1.16026400647203
1782420770999554489|1542000.0|0.0699641349851239
1782420771100198520|1541000.0|-0.00993600902173722
1782420771199516723|1545000.0|0.040274590952879
1782420771299508945|1548000.0|0.030002333581506
1782420771399524494|1539000.0|-0.0899860080756043
1782420771499492507|1546000.0|0.0700223980644689
1782420771600433995|1549000.0|0.0297201879964361
1782420771699847863|1552000.0|0.0301768763287633
1782420771799515908|1540000.0|-0.120399672733623
1782420771899609777|1539000.0|-0.00999062190312575
1782420771999571103|1717000.0|1.78068866353374
1782420772099576572|1705000.0|-0.1199934375589
1782420772199582489|1593000.0|-1.11993373352099
1782420772299692902|1540000.0|-0.529415456512001
1782420772399729507|1544000.0|0.0399853633577429
1782420772499537743|1542000.0|-0.0200384264881708
1782420772599607276|1541000.0|-0.00999305153147862
1782420772699935722|1541000.0|0.0
1782420772799596502|1687000.0|1.46496946943421
1782420772899608179|1728000.0|0.409952129889793
1782420772999900737|1663000.0|-0.648103920133336
1782420773099616892|1543000.0|-1.20341583567878
1782420773199842794|1544000.0|0.00997746071669178
1782420773299681126|1539000.0|-0.0500809648943254
1782420773399500754|0.0|-15.4178094111912
1782420773499732016|1553000.0|15.4941678774832
1782420773599665580|1607000.0|0.540358992900523
1782420773699737977|1560000.0|-0.469659980264088
1782420773799554597|1538000.0|-0.220404177180113
1782420773899894963|1586000.0|0.478371785089961
1782420773999595535|1543000.0|-0.431291407234855
1782420774099528779|1713000.0|1.70113561008787
1782420774199589831|1741000.0|0.279829158702029
1782420774299729923|1609000.0|-1.31815337257729
1782420774399486783|1708000.0|0.992412952853568
1782420774499518491|1609000.0|-0.989686190302779
1782420774599516440|1585000.0|-0.240004922500961
1782420774699544996|1718000.0|1.32962031362324
1782420774799501504|1705000.0|-0.130056564200902
1782420774899653293|1564000.0|-1.40786301880239
1782420774999680105|1573000.0|0.0899758756682158
1782420775099710709|1540000.0|-0.329899037698503
1782420775199556256|1546000.0|0.0600928151557926
1782420775300283726|1540000.0|-0.0595666703432539
1782420775399499304|1570000.0|0.302371871481714
1782420775499575892|1636000.0|0.659494906041361
1782420775599515872|1537000.0|-0.990594554851822
1782420775699699724|1720000.0|1.82664168273346
1782420775799766408|1686000.0|-0.339773425488947
1782420775899575875|1556000.0|-1.30248165737625
1782420775999706687|1595000.0|0.389490499687549
1782420776099584379|1545000.0|-0.500612288878281
1782420776199513878|1546000.0|0.0100070550738976
1782420776299497521|1703000.0|1.57025684691245
1782420776399658077|1722000.0|0.189695432601233
1782420776499989881|1616000.0|-1.05649450895949
1782420776599610452|1547000.0|-0.692628031614073
1782420776699667152|1687000.0|1.39920664982955
1782420776799586363|1707000.0|0.200161708642795
1782420776899518598|1707000.0|0.0
1782420776999516897|1710000.0|0.0300005103086803
1782420777099632317|1705000.0|-0.0499423565320907
1782420777199582152|1695000.0|-0.100050190177903
1782420777299665075|1700000.0|0.0499585728526334
1782420777399603982|1686000.0|-0.140085582484908
1782420777499498473|1703000.0|0.170179554746417
1782420777599521700|1569000.0|-1.33968883047535
1782420777699495423|1757000.0|1.8804941374445
1782420777800392189|1741000.0|-0.158577927066562
1782420777900495560|1571000.0|-1.69824450766998
1782420777999785297|1533000.0|-0.382718306525477
1782420778099918652|1543000.0|0.0998668225987235
1782420778199512006|1542000.0|-0.0100408306361487
1782420778299686049|1545000.0|0.0299478778150144
1782420778399508683|1538000.0|-0.0701243768021589
1782420778499545718|1543000.0|0.0499814893554172
1782420778599598993|1536000.0|-0.0699627273570006
1782420778699541836|1574000.0|0.380217320814058
1782420778799574919|1754000.0|1.79940470294213
1782420778899571217|1690000.0|-0.64002369367714
1782420778999586252|1696000.0|0.0599909803561035
1782420779099613318|1665000.0|-0.309916118103474
1782420779199502512|1602000.0|-0.630698852170136
1782420779300042460|1546000.0|-0.556992529974255
1782420779399586629|1562000.0|0.160732669333952
1782420779499660640|1542000.0|-0.199852087471541
1782420779599660714|1570000.0|0.279999792800153
1782420779700224934|1532000.0|-0.377867993208718
1782420779799638399|1571000.0|0.392300982568106
1782420779899553641|1584000.0|0.130110278870165
1782420779999589875|1699000.0|1.14958345992913
1782420780099525853|1737000.0|0.380243439454808
1782420780199527751|1740000.0|0.029999430610807
1782420780299677057|1754000.0|0.139791283226666
1782420780399518939|1767000.0|0.130205878931649
1782420780499741077|1715000.0|-0.518847442667807
1782420780599685887|1704000.0|-0.110060742523799
1782420780699554873|1718000.0|0.140183660220601
1782420780799654579|1718000.0|0.0
1782420780899610125|1734000.0|0.160071158032592
1782420780999597015|1719000.0|-0.15001966757842
1782420781099567504|1719000.0|0.0
1782420781199811963|1727000.0|0.079804909715758
1782420781299585220|1723000.0|-0.0400909033169079
1782420781399574221|1728000.0|0.0500055001049565
1782420781499648663|1725000.0|-0.0299776840124674
1782420781599563552|1725000.0|0.0
1782420781699649754|1717000.0|-0.0799310977950787
1782420781799552131|1705000.0|-0.120117262074755
1782420781899648541|1735000.0|0.299711048578066
1782420781999693943|1688000.0|-0.469786707439089
1782420782099580640|1645000.0|-0.430487755541661
1782420782199589497|1678000.0|0.329970774488504
1782420782300163780|1756000.0|0.775546170187462
1782420782399691660|1630000.0|-1.26597693028325
1782420782499566533|1542000.0|-0.881102497121573
1782420782599620222|1642000.0|0.999463398096196
1782420782699721896|1711000.0|0.689299161970059
1782420782799632368|1689000.0|-0.220197138093793
1782420782899627050|1707000.0|0.180009572909087
1782420782999557043|1714000.0|0.0700490392308944
1782420783099651420|1725000.0|0.109896283184819
1782420783199628261|1726000.0|0.0100023164364635
1782420783299513789|1713000.0|-0.130148984145131
1782420783399462038|1705000.0|-0.0800414222364216
1782420783500186465|1544000.0|-1.59842060953099
1782420783600437114|1544000.0|0.0
1782420783700400323|1553000.0|0.0900331240866827
1782420783799616442|1530000.0|-0.231817170756296
1782420783899892356|1531000.0|0.00997248451906407
1782420783999498875|1550000.0|0.19075056723948
1782420784099579524|1547000.0|-0.0299758247970594
1782420784199748269|1541000.0|-0.0598989235614363
1782420784299579381|1542000.0|0.0100169173714102
1782420784399465741|1541000.0|-0.0100113769287418
1782420784499494982|1545000.0|0.0399883070191445
1782420784599596734|1536000.0|-0.0899085162865082
1782420784699501527|1541000.0|0.050047648865055
1782420784799621343|1526000.0|-0.149820491080407
1782420784899482599|1525000.0|-0.0100138936766427
1782420784999716768|1546000.0|0.209509393947288
1782420785099635720|1542000.0|-0.0400324454964259
1782420785199590016|1544000.0|0.0200091449796215
1782420785299627832|1694000.0|1.49943297442639
1782420785399502016|1712000.0|0.18022675409293
1782420785500221066|1572000.0|-1.39000516784064
1782420785599582657|1574000.0|0.0201285021694147
1782420785699646857|1537000.0|-0.369762612402837
1782420785799681104|1538000.0|0.00999657647245548
1782420785900219610|1534000.0|-0.0397857513418789
1782420785999619009|1544000.0|0.100604230011491
1782420786099621496|1577000.0|0.329991793104105
1782420786199495168|1590000.0|0.130164434126343
1782420786299746056|1723000.0|1.32667154030596
1782420786399601007|1739000.0|0.160232415516382
1782420786499616871|1816000.0|0.769877866575246
1782420786599675167|1745000.0|-0.709586339547497
1782420786699569638|1691000.0|-0.540570458599255
1782420786799763071|1690000.0|-0.0099806940440897
1782420786899515030|1677000.0|-0.130323255105195
1782420786999534926|1690000.0|0.129974140345037
1782420787099514613|1708000.0|0.180036570828632
1782420787199551516|1730000.0|0.219918843349239
1782420787299823156|1674000.0|-0.558482936950069
1782420787399574187|1632000.0|-0.421048279691465
1782420787499635090|1767000.0|1.3491783099339
1782420787599600218|1657000.0|-1.10038372581287
1782420787699554673|1654000.0|-0.0300136697258767
1782420787799501320|1655000.0|0.0100053381480621
1782420787899486944|1648000.0|-0.0700100646468936
1782420787999624967|1638000.0|-0.0998621672409091
1782420788099524830|1634000.0|-0.04004009494988
1782420788199568181|1638000.0|0.0399826671139794
1782420788299690444|1646000.0|0.0799023090398985
1782420788403120636|1647000.0|0.0096683567985642
1782420788499562714|1797000.0|1.55533770228385
1782420788599687777|1679000.0|-1.17852609990368
1782420788699727785|1679000.0|0.0
1782420788799544831|1730000.0|0.510934775609368
1782420788899572326|1681000.0|-0.489865311532594
1782420788999538653|1679000.0|-0.0200067368685057
1782420789099760292|1678000.0|-0.0099778851152095
1782420789199650682|1680000.0|0.020021946055071
1782420789299566801|1673000.0|-0.070058765993503
1782420789399491319|1667000.0|-0.0600453234110171
1782420789499474350|1777000.0|1.10018669067954
1782420789599508709|1622000.0|-1.54946761842099
1782420789699590603|1613000.0|-0.0899263557102546
1782420789799520226|1611000.0|-0.0200140853128206
1782420789899711753|1608000.0|-0.0299426517374069
1782420789999942145|1615000.0|0.0698390963092312
1782420790099483894|1617000.0|0.0200920721214171
1782420790199518444|1611000.0|-0.0599792771597413
1782420790299835011|1615000.0|0.0398737727936802
1782420790399491625|1603000.0|-0.120413483042882
1782420790499698191|1766000.0|1.6266399149932
1782420790599536581|1615000.0|-1.51244426117048
1782420790699590812|1617000.0|0.0199891596788146
1782420790799548834|1621000.0|0.04001679825157
1782420790899525256|1621000.0|0.0
1782420790999644558|1624000.0|0.0299642520480217
1782420791099471204|1635000.0|0.11019102054175
1782420791200322699|1626000.0|-0.0892401247993399
1782420791300290961|1632000.0|0.0600190488457227
1782420791399488725|0.0|-16.4519837362463
1782420791499531163|1621000.0|16.2031237183564
1782420791599943906|1804000.0|1.82247785024656
1782420791699494967|1655000.0|-1.49671935691373
1782420791799775021|1635000.0|-0.199441456224186
1782420791899555987|1646000.0|0.110241466293281
1782420791999484520|1646000.0|0.0
1782420792099573230|1659000.0|0.129884779212361
1782420792199493187|1654000.0|-0.0500400535600711
1782420792300553179|1668000.0|0.138531576372973
1782420792399508558|1677000.0|0.0909500836735717
1782420792499618244|1676000.0|-0.00998904341783671
1782420792599572569|1793000.0|1.1705346416976
1782420792699617215|1678000.0|-1.14948680012322
1782420792799513108|1669000.0|-0.0900937939460634
1782420792899578602|1644000.0|-0.249836372166413
1782420792999590831|1645000.0|0.00999877724953016
1782420793099551653|1848000.0|2.03079562511001
1782420793199622842|1705000.0|-1.4289827214904
1782420793299551071|1760000.0|0.550395024012684
1782420793399485844|1739000.0|-0.210137066104108
1782420793499518729|1730000.0|-0.0899704132296094
1782420793599514462|1889000.0|1.59006784819508
1782420793699529475|1734000.0|-1.54976733343023
1782420793799811817|1769000.0|0.349014585239742
1782420793899648269|1778000.0|0.0901474343258913
1782420793999708147|1780000.0|0.0199880315664586
1782420794099702904|1645000.0|-1.35007078421122
1782420794199607405|1544000.0|-1.01096546190647
1782420794299445361|1635000.0|0.911476993779801
1782420794399487813|1771000.0|1.35942289779143
1782420794499805963|1763000.0|-0.0797462871873136
1782420794599557231|1869000.0|1.06264313351886
1782420794699491652|1754000.0|-1.15075465339415
1782420794799545145|1752000.0|-0.0199893071199423
1782420794899699454|1773000.0|0.209676450366204
1782420794999529554|1739000.0|-0.340578643114652
1782420795100187816|1601000.0|-1.37097538997842
1782420795200281213|1645000.0|0.439589436653848
1782420795299662879|1584000.0|-0.6137953050616
1782420795399744996|1542000.0|-0.419655391582095
1782420795499693737|1616000.0|0.740379511133612
1782420795599667581|1854000.0|2.38062267566705
1782420795699613857|1708000.0|-1.46078479202167
1782420795799550389|1683000.0|-0.250158770768631
1782420795899559338|1676000.0|-0.069993736260542
1782420795999522990|1696000.0|0.20007272243315
1782420796099548754|1684000.0|-0.119969091163353
1782420796199507830|1683000.0|-0.0100040940754594
1782420796299534954|1680000.0|-0.0299918650065356
1782420796399514302|1680000.0|0.0
1782420796499574546|1687000.0|0.0699578545900807
1782420796599488694|1729000.0|0.420360888229763
1782420796699529866|1641000.0|-0.879637835510364
1782420796799624990|1648000.0|0.0699334764798333
1782420796899513746|1684000.0|0.360400924404344
1782420796999667575|1662000.0|-0.219662095994353
1782420797099643179|1653000.0|-0.0900219617577904
1782420797199611566|1650000.0|-0.0300094868990934
1782420797299512946|1661000.0|0.110108589090561
1782420797399454693|1660000.0|-0.0100058286953899
1782420797499619065|1689000.0|0.289524103440692
1782420797599575388|1736000.0|0.470205371600154
1782420797699615072|1634000.0|-1.01959538376791
1782420797799515540|1636000.0|0.0200199262329782
1782420797899518887|1634000.0|-0.0199993306224041
1782420797999513499|1637000.0|0.0300016164870963
1782420798100211583|1637000.0|0.0
1782420798199970338|1644000.0|0.0701692798792447
1782420798299846085|1623000.0|-0.210261255918316
1782420798399567304|1622000.0|-0.010027956036117
1782420798499491051|1641000.0|0.190144991260186
1782420798599499118|1733000.0|0.919925789586554
1782420798699631618|1628000.0|-1.04861059096697
1782420798800218327|1597000.0|-0.308191810908139
1782420798899472536|1617000.0|0.201502789670109
1782420798999501659|1631000.0|0.139959239670631
1782420799099562191|1633000.0|0.0199879009238128
1782420799199558274|1625000.0|-0.0800031337227479
1782420799300200502|1642000.0|0.168915179421505
1782420799399593624|1631000.0|-0.110671641846606
1782420799499509258|1642000.0|0.110092880959951
1782420799599548957|1733000.0|0.909638882460052
1782420799699463072|1615000.0|-1.1810143141437
1782420799799486627|1618000.0|0.0299929351641221
1782420799899844438|1613000.0|-0.049821732361221
1782420799999543624|1613000.0|0.0
1782420800099710300|1629000.0|0.159733762154591
1782420800199474862|1624000.0|-0.0501179968093279
1782420800299488048|1626000.0|0.0199973631476953
1782420800399483411|1616000.0|-0.100004637215028
1782420800499915142|1669000.0|0.527721661991468
1782420800599705449|1719000.0|0.501050668177622
1782420800699990076|1617000.0|-1.0171050444252
1782420800799582349|1611000.0|-0.0602456377313529
1782420800899754464|1610000.0|-0.00998281807267422
1782420800999532354|1612000.0|0.0200445208853384
1782420801099609061|1625000.0|0.129900357332901
1782420801199716279|1639000.0|0.139850055567422
1782420801299476137|1638000.0|-0.010024072006999
1782420801399521755|1638000.0|0.0
1782420801499525101|1649000.0|0.109996319523149
1782420801599665520|1769000.0|1.19831733478167
1782420801699943475|1642000.0|-1.26647975619367
1782420801799554484|1647000.0|0.0501952550244722
1782420801899511382|1642000.0|-0.0500215602929175
1782420801999475016|1641000.0|-0.0100036379229671
1782420802099469418|1647000.0|0.0600033589880362
1782420802200163758|1647000.0|0.0
1782420802299725471|1645000.0|-0.0200880432822605
1782420802399487984|1653000.0|0.080190441874695
1782420802499641074|1690000.0|0.369434432826785
1782420802599553908|1745000.0|0.550479831249707
1782420802699458261|1647000.0|-0.980938237996496
1782420802799558359|1646000.0|-0.00999000020959021
1782420802899749001|1651000.0|0.0499048603760818
1782420802999793084|1643000.0|-0.0799647491396368
1782420803099699133|1649000.0|0.0600564236105463
1782420803200087023|1653000.0|0.0398454435091723
1782420803299637104|1659000.0|0.0602711714518846
1782420803399496513|1660000.0|0.0100140788936574
1782420803499598130|1690000.0|0.299695458465971
1782420803599603364|1786000.0|0.959949756229759
1782420803699581205|1684000.0|-1.02022607189527
1782420803799984840|1684000.0|0.0
1782420803899542632|1676000.0|-0.0803553377318774
1782420803999607482|1678000.0|0.019987038405594
1782420804099556923|1679000.0|0.0100050584575055
1782420804199912061|1684000.0|0.0498230593833671
1782420804299596669|1683000.0|-0.0100316389868334
1782420804399558110|1685000.0|0.02000771477474
1782420804499540351|1728000.0|0.430076377263838
1782420804599596032|1774000.0|0.459744009937826
1782420804699589729|1678000.0|-0.96006051261411
1782420804800024964|1680000.0|0.019913330217229
1782420804899547668|1662000.0|-0.180863253072384
1782420804999567893|1685000.0|0.229953491906262
1782420805099533173|1675000.0|-0.100034732058971
1782420805199553574|1688000.0|0.129973484109507
1782420805299583495|1681000.0|-0.0699790615649891
1782420805399548696|1670000.0|-0.110038292225311
1782420805499503816|1725000.0|0.550246950831533
1782420805599480089|1739000.0|0.140033225683458
1782420805699487610|1663000.0|-0.75994284469865
1782420805799476667|1652000.0|-0.110012038617386
1782420805899457099|1647000.0|-0.0500097859149078
1782420805999457452|1667000.0|0.199999294002492
1782420806099478956|1663000.0|-0.0399914002492904
1782420806199627277|1656000.0|-0.0698963290657664
1782420806299517997|1665000.0|0.0900984595966472
1782420806399484029|1655000.0|-0.100033979542171
1782420806499482510|1699000.0|0.440006683701525
1782420806599469822|1734000.0|0.350044413635202
1782420806699651247|1632000.0|-1.01815281625311
1782420806800054128|1630000.0|-0.019919747123591
1782420806899503631|1633000.0|0.0301660632733378
1782420806999599120|1640000.0|0.0699332214661542
1782420807099549392|1644000.0|0.0400199010964172
1782420807199570544|1628000.0|-0.159966163957
1782420807299627968|1643000.0|0.149913913434349
1782420807399523072|1646000.0|0.0300315018441745
1782420807499763633|1721000.0|0.748200122303785
1782420807599999857|1724000.0|0.0299292998108149
1782420807700222930|1649000.0|-0.748330676310434
1782420807799806833|1642000.0|-0.0702924849209817
1782420807899558833|1645000.0|0.0300745849707274
1782420807999652065|1665000.0|0.199813709682189
1782420808099637201|1675000.0|0.100014866209713
1782420808199651456|1694000.0|0.189972919360345
1782420808299685152|1682000.0|-0.119959578420455
1782420808399517743|1655000.0|-0.27045276226478
1782420808499754224|1741000.0|0.857971061454163
1782420808600016336|1695000.0|-0.458797436862292
1782420808699606255|1640000.0|-0.552264732738662
1782420808799459534|1649000.0|0.0901322429281466
1782420808899635502|1644000.0|-0.0499121705517235
1782420808999655726|1639000.0|-0.0499898900446374
1782420809099475341|0.0|-16.4196185288833
1782420809199521180|1643000.0|16.4224721030127
1782420809299667196|1638000.0|-0.0499270984479303
1782420809399496747|1649000.0|0.110187814027131
1782420809499631195|1649000.0|0.0
1782420809599538810|1794000.0|1.45134082121768
1782420809699625193|1658000.0|-1.3588262051592
1782420809799589001|1652000.0|-0.0600217230620106
1782420809899491896|1642000.0|-0.100097199385463
1782420810000019928|1650000.0|0.0795797932262317
1782420810099765799|1652000.0|0.0200509552921745
1782420810199598261|1671000.0|0.190318856405645
1782420810299604532|1658000.0|-0.129991848211199
1782420810399618371|1660000.0|0.0199972325829828
1782420810499518722|1655000.0|-0.0500498741991407
1782420810599650769|1784000.0|1.2882988400307
1782420810699595152|1674000.0|-1.10061212744692
1782420810799660639|1663000.0|-0.109928011443146
1782420810899613774|1658000.0|-0.0500234434867901
1782420810999456141|1659000.0|0.0100157881873934
1782420811099857868|1661000.0|0.0199199760777023
1782420811199770939|1672000.0|0.110095705095482
1782420811299942218|1664000.0|-0.079863211090676
1782420811399460999|1700000.0|0.361740765293337
1782420811499448966|1674000.0|-0.260031289565073
1782420811599575397|1785000.0|1.1085983879721
1782420811699508083|1655000.0|-1.30087567144948
1782420811799600994|1636000.0|-0.189823632964376
1782420811899586128|1639000.0|0.0300044604630924
1782420811999488367|1628000.0|-0.11010764233222
1782420812099669485|1639000.0|0.109801130388663
1782420812199759308|1639000.0|0.0
1782420812299827018|1642000.0|0.0299797007446258
1782420812399542584|1647000.0|0.0501426226673577
1782420812499508998|1637000.0|-0.100033597283984
1782420812599550692|1809000.0|1.7192831620784
1782420812699536146|1661000.0|-1.4802153121193
1782420812799550401|1652000.0|-0.0899871723285846
1782420812899495279|1652000.0|0.0
1782420812999490557|1656000.0|0.0400018888891934
1782420813099554635|1659000.0|0.0299807889100822
1782420813199517081|1669000.0|0.100037568108327
1782420813299521031|1668000.0|-0.00999960501560188
1782420813399504453|1669000.0|0.0100016580748757
1782420813499668803|1664000.0|-0.0499179598330144
1782420813599603393|1793000.0|1.29084434128363
1782420813699460798|1623000.0|-1.70242757660286
1782420813799461500|1628000.0|0.049999649002464
1782420813899528602|1641000.0|0.129912825895568
1782420813999615704|1647000.0|0.0599477842809356
1782420814099467510|1638000.0|-0.0901335725464996
1782420814199614724|1633000.0|-0.0499265012005227
1782420814299885058|1638000.0|0.0498651974172141
1782420814399504686|1633000.0|-0.0501909121764639
1782420814499532956|1628000.0|-0.0499858689948352
1782420814599568570|1756000.0|1.2795443030919
1782420814699582263|1646000.0|-1.09984939762198
1782420814799769381|1628000.0|-0.179663816659543
1782420814899486674|1630000.0|0.0200567016996741
1782420815000380194|1631000.0|0.00991143930749963
1782420815100207727|1637000.0|0.0601036589775288
1782420815199505530|1632000.0|-0.0503535813375448
1782420815299606360|1629000.0|-0.0299697814693445
1782420815399521637|1628000.0|-0.0100084794840733
1782420815499824243|1627000.0|-0.00996983069412972
1782420815599672575|1756000.0|1.29195948911796
1782420815699586892|1636000.0|-1.20102907774468
1782420815799629881|1639000.0|0.02998710884178
1782420815899761767|1637000.0|-0.0199736575420141
1782420816000020261|1637000.0|0.0
1782420816099553713|1652000.0|0.150703102309764
1782420816200383615|1638000.0|-0.138847700159423
1782420816299565802|1644000.0|0.0604947337973098
1782420816399484871|1636000.0|-0.0800647972410552
1782420816499479380|1654000.0|0.180009884342749
1782420816599732913|1651000.0|-0.0299241324492774
1782420816700152719|1642000.0|-0.089623754102851
1782420816799578939|1645000.0|0.0301731273702249
1782420816899754904|1640000.0|-0.0499121720464585
1782420816999558180|1644000.0|0.0400788447064603
1782420817099493937|1637000.0|-0.0700449990087132
1782420817199480301|1653000.0|0.160021820575454
1782420817300302252|1646000.0|-0.069429324969123
1782420817399551590|1646000.0|0.0
1782420817500137924|1645000.0|-0.0099417083835663
1782420817599947281|1644000.0|-0.0100191007141745
1782420817699711165|1644000.0|0.0
1782420817800054618|1638000.0|-0.0597946335372772
1782420817899507621|1648000.0|0.10055000551366
1782420817999728658|1645000.0|-0.0299338351488021
1782420818100224239|1642000.0|-0.0298520588681407
1782420818199585226|1659000.0|0.171093308483339
1782420818300345416|1643000.0|-0.158792872462825
1782420818399525362|1647000.0|0.0403307337957212
1782420818499627663|1649000.0|0.0199795607095985
1782420818599626843|1647000.0|-0.0200001640013448
1782420818699886072|1633000.0|-0.139638017762933
1782420818800155429|1645000.0|0.119677639899496
1782420818900227009|1641000.0|-0.0399713884801259
1782420818999578539|1640000.0|-0.0100652702580423
1782420819099607687|1637000.0|-0.029991258148075
1782420819199816628|1646000.0|0.0898123451878411
1782420819300118960|1652000.0|0.0598191475747543
1782420819399550730|1644000.0|-0.0804571818443944
1782420819499497654|1656000.0|0.120063725022693
1782420819599702371|1651000.0|-0.0498978506171521
1782420819700145696|1651000.0|0.0
1782420819799484586|1648000.0|-0.0301996529254555
1782420819899640614|1637000.0|-0.109828636574925
1782420820000123715|1643000.0|0.0597115329870244
1782420820099586269|1651000.0|0.0804322800719555
1782420820199584649|1653000.0|0.0200003240052489
1782420820299662772|1720000.0|0.669476984495403
1782420820400545426|1702000.0|-0.178425123510331
1782420820499582843|1653000.0|-0.494762499712609
1782420820599556407|1648000.0|-0.0500132214952345
1782420820699486962|1647000.0|-0.0100069493259594
1782420820800074495|1648000.0|0.00994158987873776
1782420820900176090|1647000.0|-0.0099898508110685
1782420820999575797|1656000.0|0.0905435264512399
1782420821099512303|1657000.0|0.0100063534340494
1782420821200305132|1654000.0|-0.0297640222004286
1782420821299572181|1789000.0|1.35996789831034
1782420821400100130|1685000.0|-1.03453816609747
1782420821499706412|1671000.0|-0.140553383972308
1782420821599492887|1670000.0|-0.0100213981904862
1782420821699503090|1663000.0|-0.0699928586286341
1782420821799593101|1670000.0|0.069937048962858
1782420821899665320|1674000.0|0.0399711332472801
1782420821999545747|1664000.0|-0.10011971614819
1782420822099542701|1674000.0|0.100003046092784
1782420822199655385|1700000.0|0.259707351368184
1782420822299891668|1788000.0|0.877925611028494
1782420822400985969|1667000.0|-1.19690228631187
1782420822500190138|1671000.0|0.0403208861111472
1782420822599450227|1671000.0|0.0
1782420822700356512|1663000.0|-0.0792814838045024
1782420822800227691|1660000.0|-0.0300386961487658
1782420822899573716|1660000.0|0.0
1782420822999524959|1655000.0|-0.0500243903920234
1782420823100125322|1657000.0|0.0198806439694457
1782420823199625492|1673000.0|0.160803745360435
1782420823299491758|1766000.0|0.931245391712152
1782420823399723561|1661000.0|-1.04757169737833
1782420823499569603|1661000.0|0.0
1782420823599589213|1666000.0|0.0499901969223835
1782420823699584055|1671000.0|0.0500025791330317
1782420823800663604|1666000.0|-0.0494659903953469
1782420823899508284|1658000.0|-0.0809350589227463
1782420823999592119|1665000.0|0.0699413646569399
1782420824099590353|1659000.0|-0.0600010596187129
1782420824199592715|1651000.0|-0.0799981104446313
1782420824299573781|1750000.0|0.99018748209786
1782420824399626447|1660000.0|-0.899526255502277
1782420824499543401|1668000.0|0.0800664920189621
1782420824599615443|1660000.0|-0.0799424078905075
1782420824699520685|1647000.0|-0.130123302238735
1782420824799612983|1646000.0|-0.00999077871106526
1782420824899729601|1649000.0|0.0299650553517499
1782420824999918556|1660000.0|0.109792541503203
1782420825099589205|1655000.0|-0.050165219652578
1782420825199574990|1662000.0|0.0700099519146647
1782420825299941401|1756000.0|0.936568310687128
1782420825399616210|1649000.0|-1.07349089577889
1782420825500471101|1646000.0|-0.0297457066311241
1782420825600002534|1651000.0|0.0502353864431953
1782420825699470671|1642000.0|-0.0904812362173829
1782420825800370203|1639000.0|-0.0297325462322263
1782420825900413605|1645000.0|0.0599739700974983
1782420825999558077|1656000.0|0.110949201484476
1782420826099611542|1642000.0|-0.139925188997702
1782420826199701648|1645000.0|0.0299729925353461
1782420826299601913|1759000.0|1.1411381140981
1782420826400177523|1668000.0|-0.904791927187914
1782420826500263741|1677000.0|0.0899224706442599
1782420826599554149|1668000.0|-0.090643196873559
1782420826699515582|1665000.0|-0.0300115745639621
1782420826799580216|1655000.0|-0.0999354077485558
1782420826900503267|1652000.0|-0.0297256173914124
1782420827000306716|1657000.0|0.0500984690418865
1782420827099638324|0.0|-16.6814977967537
1782420827199448764|1652000.0|16.5513747860444
1782420827299533717|1650000.0|-0.0199830238217727
1782420827399592927|1761000.0|1.1093431579162
1782420827500323385|1655000.0|-1.05231329336356
1782420827599551937|1665000.0|0.100777445588443
1782420827700612252|1669000.0|0.0395803238887589
1782420827799496898|1656000.0|-0.131466314800783
1782420827899472619|1653000.0|-0.030007285468839
1782420827999695557|1655000.0|0.0199555115815902
1782420828099705357|1663000.0|0.0799921607682447
1782420828200016631|1651000.0|-0.119627630290091
1782420828299686431|1669000.0|0.180596329078618
1782420828400103688|1796000.0|1.26472285535543
1782420828500267634|1659000.0|-1.36775761609871
1782420828599473657|1649000.0|-0.100800331447618
1782420828699496897|1660000.0|0.109974441939693
1782420828799917291|1646000.0|-0.13941391227762
1782420828899523074|1651000.0|0.0501978886105438
1782420829000111789|1657000.0|0.0596488383413587
1782420829099527924|1650000.0|-0.0704111058028961
1782420829199626220|1645000.0|-0.0499509002630774
1782420829299686789|1644000.0|-0.00999394676638307
1782420829400081166|1793000.0|1.48414686611383
1782420829500072967|1670000.0|-1.23010085596918
1782420829599610494|1661000.0|-0.0904181595751319
1782420829699525462|1666000.0|0.0500425521829722
1782420829799869791|1662000.0|-0.0398627410224648
1782420829900195416|1663000.0|0.00996754318749572
1782420829999501247|1658000.0|-0.0503495106948956
1782420830099914760|1648000.0|-0.099588189888347
1782420830199659760|1662000.0|0.140357912677327
1782420830299605480|1659000.0|-0.0300162928437556
1782420830399588480|1790000.0|1.31022273786544
1782420830499484280|1656000.0|-1.34139773644137
1782420830599515871|1656000.0|0.0
1782420830699492375|1665000.0|0.0900211513697258
1782420830799499856|1651000.0|-0.139989527383456
1782420830899555160|1666000.0|0.149917089852628
1782420830999633232|1660000.0|-0.0599531933428933
1782420831100267257|1659000.0|-0.00993699695505571
1782420831199631567|1668000.0|0.0905757811834048
1782420831299828791|1657000.0|-0.109783480628166
1782420831399587630|1774000.0|1.17282840470908
1782420831499912551|1654000.0|-1.19611357580835
1782420831599483630|1650000.0|-0.0401723074628929
1782420831699474837|1655000.0|0.0500043968866182
1782420831800527023|1659000.0|0.0395835078718634
1782420831899542805|1649000.0|-0.100994001138122
1782420831999907853|1657000.0|0.0797090238027884
1782420832100209413|1649000.0|-0.0797594773201932
1782420832199490891|1659000.0|0.100723722102526
1782420832299524498|1672000.0|0.129956325577663
1782420832400722637|1772000.0|0.988160464097072
1782420832499836866|1650000.0|-1.23090298164959
1782420832599799401|1647000.0|-0.0300112437124569
1782420832699848001|1655000.0|0.0799611388865012
1782420832800002072|1644000.0|-0.109830782614917
1782420832900331920|1647000.0|0.0299013709260279
1782420832999819702|1653000.0|0.0603089131085463
1782420833099504237|1652000.0|-0.0100316463331047
1782420833200045701|1650000.0|-0.0198922904086616
1782420833299697035|1646000.0|-0.0401399543733153
1782420833399620658|1758000.0|1.12085607624535
1782420833499597560|1642000.0|-1.16026799870234
1782420833600012896|1639000.0|-0.0298759145714555
1782420833699554342|1644000.0|0.0502303332021116
1782420833799560909|1640000.0|-0.0399973733724906
1782420833899496564|1653000.0|0.130083702358282
1782420833999693739|1645000.0|-0.0798425704117905
1782420834099629986|1648000.0|0.0300191381011136
1782420834199718392|1627000.0|-0.209814511383067
1782420834299505247|1646000.0|0.190405840528795
1782420834399647382|1763000.0|1.16833938082107
1782420834500555582|1654000.0|-1.08018971699029
1782420834599519554|1643000.0|-0.111151561297479
1782420834699500457|1652000.0|0.0900171905828856
1782420834799546224|1641000.0|-0.109949679330261
1782420834899507910|1636000.0|-0.0500191643426262
1782420834999521356|1641000.0|0.0499932779038531
1782420835099545891|1651000.0|0.0999754710181857
1782420835199501705|1659000.0|0.0800353644261253
1782420835299618144|1659000.0|0.0
1782420835399683974|1753000.0|0.93938160508937
1782420835499591052|1648000.0|-1.05097658846553
1782420835599541090|1656000.0|0.0800399895795938
1782420835699574440|1666000.0|0.099966661118517
1782420835799812943|1654000.0|-0.119714477380014
1782420835899748901|1653000.0|-0.0100064083040061
1782420835999497147|1658000.0|0.0501261947002056
1782420836099671633|1669000.0|0.109808399715672
1782420836199558583|1660000.0|-0.0901018601529029
1782420836301093632|1681000.0|0.206825132866189
1782420836399631427|1772000.0|0.923503514565147
1782420836500030522|1649000.0|-1.22511064467264
1782420836599494622|1651000.0|0.020107757472294
1782420836699611605|1660000.0|0.0898948383212866
1782420836799689627|1651000.0|-0.0899298349441798
1782420836899658673|1652000.0|0.0100030963584468
1782420836999945672|1659000.0|0.0697996756289417
1782420837100215966|1672000.0|0.129649565004766
1782420837199559138|1652000.0|-0.201322341509289
1782420837302180413|1654000.0|0.0194891361464764
1782420837399549565|1768000.0|1.17080202156839
1782420837499498866|1659000.0|-1.09055289941447
1782420837599915641|1659000.0|0.0
1782420837699680862|1654000.0|-0.0501176657544817
1782420837799942884|1662000.0|0.0797909302088482
1782420837899558169|1659000.0|-0.0301158602316903
1782420837999486895|1653000.0|-0.0600427949016382
1782420838099448820|1655000.0|0.0200076179005156
1782420838200568332|1661000.0|0.0593357293892004
1782420838300960898|1651000.0|-0.0996089690545413
1782420838399551652|1763000.0|1.13600916369906
1782420838500141467|1656000.0|-1.06372598458403
1782420838599532542|1654000.0|-0.0201225311226385
1782420838699499027|1655000.0|0.0100033526236318
1782420838799741001|1649000.0|-0.0598551660604768
1782420838899962959|1646000.0|-0.0299335600687426
1782420839000063909|1650000.0|0.0399596607225006
1782420839099611944|1652000.0|0.0200908033995849
1782420839199539677|1663000.0|0.110079551189258
1782420839305124527|1653000.0|-0.0947105574331924
1782420839399507447|1761000.0|1.14427483277695
1782420839499905901|1646000.0|-1.14543596458169
1782420839599680689|1643000.0|-0.0300677161047939
1782420839699573158|1650000.0|0.0700753527275415
1782420839799447899|1658000.0|0.0801003328759571
1782420839899623232|1650000.0|-0.0798599791028396
1782420839999670549|1650000.0|0.0
1782420840099648649|1708000.0|0.580127047823473
1782420840199682558|1704000.0|-0.0399864409977221
1782420840299592162|1668000.0|-0.360325720037885
1782420840399557703|1769000.0|1.01034815587103
1782420840499947580|1653000.0|-1.15549499079474
1782420840600060673|1647000.0|-0.0599322208534702
1782420840699833157|1652000.0|0.0501140174078456
1782420840800209147|1650000.0|-0.0199250836778795
1782420840899683742|1655000.0|0.0502640900422867
1782420840999500114|1659000.0|0.040073586325097
1782420841100053688|1662000.0|0.0298348420713519
1782420841199994140|1651000.0|-0.110065541828848
1782420841301087395|1644000.0|-0.0692429974680309
1782420841399695556|1737000.0|0.943126806715318
1782420841499683752|1617000.0|-1.2001416647221
1782420841600172526|1613000.0|-0.0398054413520858
1782420841699596769|1620000.0|0.0704053638105145
1782420841800182678|1617000.0|-0.0298252511691275
1782420841899493417|1625000.0|0.0805552358239928
1782420842000668896|1623000.0|-0.0197676355947868
1782420842099915906|1620000.0|-0.0302276108872197
1782420842199516006|1617000.0|-0.0301204516862935
1782420842300341067|1623000.0|0.0595090143312683
1782420842400307503|1742000.0|1.19039954570352
1782420842500428995|1607000.0|-1.34836184822336
1782420842599512805|1611000.0|0.0403698646630565
1782420842699580345|1617000.0|0.0599595033514364
1782420842799487517|1601000.0|-0.160148662800705
1782420842899698546|1605000.0|0.0399157661578348
1782420843000330167|1608000.0|0.0298117030232475
1782420843100322555|1617000.0|0.0900068513215226
1782420843199547484|1628000.0|0.110859237803032
1782420843299521248|1648000.0|0.200052485770167
1782420843399635908|1739000.0|0.908957788999134
1782420843499604263|1635000.0|-1.04032921217919
1782420843599986076|1649000.0|0.139467494973417
1782420843699551838|1632000.0|-0.17074142414538
1782420843799616226|1628000.0|-0.0399742613725874
1782420843899667638|1622000.0|-0.0599691686510131
1782420843999935898|1639000.0|0.169545178105215
1782420844099912109|1638000.0|-0.0100023794660512
1782420844199696848|1636000.0|-0.0200431450745189
1782420844299692483|1643000.0|0.0700030556333784
1782420844400146152|1723000.0|0.796387038884563
1782420844500257803|1638000.0|-0.849052024923653
1782420844599654701|1640000.0|0.0201213522780158
1782420844699608192|1634000.0|-0.0600279183845615
1782420844800020901|1626000.0|-0.0796711898291679
1782420844899580679|1626000.0|0.0
1782420845000234844|1638000.0|0.119220103807925
1782420845099621261|0.0|-16.4811253835622
1782420845199901777|1634000.0|16.2942919041222
1782420845299688051|1636000.0|0.0200428367532793
1782420845399868518|1638000.0|0.0199639716193377
1782420845499654601|1751000.0|1.13242244411979
1782420845600311725|1646000.0|-1.04314524225826
1782420845699583311|1646000.0|0.0
1782420845799678578|1648000.0|0.0199809647343265
1782420845899962261|1647000.0|-0.00997171194839344
1782420846000332377|1653000.0|0.0597787492842989
1782420846099649946|1648000.0|-0.0503435600603555
1782420846199615821|1654000.0|0.0600204819894789
1782420846299806816|1654000.0|0.0
1782420846399670659|1650000.0|-0.0400545370560194
1782420846499620405|1745000.0|0.950477653039759
1782420846599628311|1657000.0|-0.879930432699991
1782420846699604266|1660000.0|0.0300072152349032
1782420846799647805|1660000.0|0.0
1782420846899648943|1651000.0|-0.0899989758116553
1782420847000652180|1653000.0|0.0198013455746968
1782420847100204933|1658000.0|0.0502246281426291
1782420847199639942|1641000.0|-0.170965942186418
1782420847299899065|1656000.0|0.149612320067871
1782420847399607067|1651000.0|-0.0501464265626344
1782420847500105390|1753000.0|1.01494230903734
1782420847599639264|1643000.0|-1.10515139800547
1782420847699563938|1643000.0|0.0
1782420847799584740|1642000.0|-0.00999792023263321
1782420847900184136|1638000.0|-0.0397616701396497
1782420847999529720|1639000.0|0.0100658726813665
1782420848100360460|1640000.0|0.00991761044300577
1782420848199582236|1644000.0|0.0403137311309566
1782420848299551646|1644000.0|0.0
1782420848399676673|1651000.0|0.0699125903856186
1782420848500025763|1721000.0|0.69756487079255
1782420848599605300|1627000.0|-0.943969040546955
1782420848700194120|1627000.0|0.0
1782420848799521928|1616000.0|-0.110744415098741
1782420848899616506|1626000.0|0.0999055113654608
1782420848999642300|1628000.0|0.0199948425303177
1782420849099635166|1628000.0|0.0
1782420849199609247|1606000.0|-0.220057036583312
1782420849299489921|1677000.0|0.710848226755058
1782420849399666707|1645000.0|-0.319435283140348
1782420849499650437|1637000.0|-0.0800130181180478
1782420849599556566|1647000.0|0.100093959200441
1782420849699519400|1641000.0|-0.0600223078909507
1782420849799494137|1644000.0|0.0300075808151413
1782420849900256621|1657000.0|0.129016271571868
1782420849999994478|1640000.0|-0.170446814392653
1782420850099804942|1660000.0|0.200379791842266
1782420850199478703|1645000.0|-0.150490960203659
1782420850299616129|1651000.0|0.0599176575599217
1782420850399624386|1648000.0|-0.0299975231045173
1782420850499649587|1635000.0|-0.129967246954095
1782420850599648261|1649000.0|0.140001856424616
1782420850699466182|1646000.0|-0.0300547233397097
1782420850799652119|1649000.0|0.0299443224252122
1782420850899662025|1645000.0|-0.0399960379924765
1782420850999637818|1650000.0|0.0500121064306037
1782420851099470475|1647000.0|-0.0300502870518612
1782420851199824972|1670000.0|0.22918753705676
1782420851299889262|1657000.0|-0.129916476697131
1782420851400006287|1645000.0|-0.119859734146116
1782420851499637791|1632000.0|-0.130480816589901
1782420851599646336|1630000.0|-0.0199982911460216
1782420851699973234|1632000.0|0.0199348334282198
1782420851799654946|1625000.0|-0.0702235130151055
1782420851899648483|1628000.0|0.0300019390253192
1782420851999666404|1621000.0|-0.0699874575477329
1782420852099475668|1626000.0|0.0500955502487224
1782420852199663381|1623000.0|-0.0299437916104543
1782420852299675030|1634000.0|0.109987187592517
1782420852399571334|1625000.0|-0.0900934232762005
1782420852499555655|1618000.0|-0.0700109770210871
1782420852599522775|1620000.0|0.0200065781629
1782420852700797146|1634000.0|0.138238330801383
1782420852799490696|1633000.0|-0.0101323744054196
1782420852899963114|1615000.0|-0.179153645928975
1782420852999489322|1622000.0|0.0703332332323964
1782420853100220540|1630000.0|0.0794192719877566
1782420853199453227|1623000.0|-0.070541272353131
1782420853299605451|1677000.0|0.539179239794016
1782420853399518859|1707000.0|0.300260001140187
1782420853499516284|1677000.0|-0.300007725198924
1782420853599554652|1660000.0|-0.16993479941616
1782420853699475020|1635000.0|-0.250199238657728
1782420853799509085|1626000.0|-0.0899693519402616
1782420853900027406|1629000.0|0.0298453055140067
1782420853999909502|1641000.0|0.120141651813154
1782420854099496013|1633000.0|-0.080332164664349
1782420854200533183|1627000.0|-0.0593840860744615
1782420854299528605|1710000.0|0.838422609077822
1782420854399656701|1639000.0|-0.709091681919129
1782420854499471437|1619000.0|-0.200371215729108
1782420854599634142|1611000.0|-0.0798700474393139
1782420854699561517|1604000.0|-0.0700508744475676
1782420854799448205|1604000.0|0.0
1782420854899485421|1604000.0|0.0
1782420855000038126|1611000.0|0.0696152331257523
1782420855099567549|1611000.0|0.0
1782420855199614205|1610000.0|-0.00999533657576721
1782420855299462444|1748000.0|1.38209748496416
1782420855399580108|1621000.0|-1.2685074234253
1782420855500068460|1611000.0|-0.0995140212867657
1782420855599957852|1643000.0|0.32035433752565
1782420855699928028|1675000.0|0.320095465271563
1782420855800381372|1664000.0|-0.109503572125981
1782420855899604538|1631000.0|-0.332583622659249
1782420855999580954|1620000.0|-0.110025948519699
1782420856100124298|1615000.0|-0.0497297961364802
1782420856199484328|1615000.0|0.0
1782420856299570568|1629000.0|0.139879368033008
1782420856399487783|1741000.0|1.12092796021186
1782420856499664022|1639000.0|-1.01820552476521
1782420856599837958|1630000.0|-0.089843729410812
1782420856699454388|1652000.0|0.220847103233874
1782420856799471732|1685000.0|0.329942774725152
1782420856899432995|1661000.0|-0.24009300482728
1782420856999447618|1642000.0|-0.189972220362216
1782420857099452321|1633000.0|-0.0899957674990545
1782420857199440608|1631000.0|-0.0200023428744209
1782420857299454767|1653000.0|0.219968854609876
1782420857399454862|1727000.0|0.739999297000668
1782420857499453565|1627000.0|-1.00001297016822
1782420857599452492|1624000.0|-0.030000321903454
1782420857699434235|1639000.0|0.150027390500684
1782420857799440122|1630000.0|-0.0899947020118926
1782420857899444889|1631000.0|0.00999952332272321
1782420857999766024|1641000.0|0.0996798929756925
1782420858099444231|1629000.0|-0.120387398220355
1782420858199436325|1640000.0|0.110008697287608
1782420858299511172|1653000.0|0.129902771672486
1782420858399443507|1732000.0|0.79053491545054
1782420858499439778|1632000.0|-1.0000372913906
1782420858599442048|1634000.0|0.0199995460103056
1782420858699452319|1629000.0|-0.049994865027413
1782420858799627006|1627000.0|-0.0199651235246685
1782420858899885837|1623000.0|-0.0398967348821372
1782420859000778366|1630000.0|0.0693807566266874
1782420859099533241|1632000.0|0.0202521647665495
1782420859199460263|1633000.0|0.010007303129678
1782420859299663030|1681000.0|0.479028687900405
1782420859399620340|1728000.0|0.470200728691078
1782420859499512674|1630000.0|-0.981056264037238
1782420859599909377|1645000.0|0.149407296771489
1782420859699840495|1638000.0|-0.0700482506360031
1782420859799617517|1638000.0|0.0
1782420859899506523|1633000.0|-0.0500555586667866
1782420859999600858|1653000.0|0.199811507814104
1782420860099513704|1644000.0|-0.09007850702201
1782420860199971879|1644000.0|0.0
1782420860299700628|1676000.0|0.320870364071247
1782420860399900882|1722000.0|0.459080672589912
1782420860499461711|1649000.0|-0.73322009000146
1782420860600356432|1643000.0|-0.0594679279602746
1782420860699897037|1639000.0|-0.0401846060710601
1782420860800029803|1637000.0|-0.0199734820068787
1782420860899466456|1625000.0|-0.1206798462937
1782420861000413336|1649000.0|0.237748804123515
1782420861099529443|1631000.0|-0.181605195611648
1782420861199885202|1631000.0|0.0
1782420861299583151|1668000.0|0.371120974615034
1782420861399469148|1733000.0|0.650741865248639
1782420861499483034|1638000.0|-0.949868101315451
1782420861599659048|1638000.0|0.0
1782420861700280359|1644000.0|0.0596295152624279
1782420861799532851|1635000.0|-0.0906778239885403
1782420861900263922|1628000.0|-0.0694919644009344
1782420861999491935|1639000.0|0.110855792305344
1782420862099463996|1629000.0|-0.100027946808059
1782420862199503369|1632000.0|0.029988192748869
1782420862299517399|1661000.0|0.289959318707585
1782420862399522612|1732000.0|0.709962989629351
1782420862499537074|1639000.0|-0.929865522848086
1782420862600041632|1634000.0|-0.0497489875036314
1782420862699474540|1629000.0|-0.0502851631373388
1782420862799511609|0.0|-16.283963697497
1782420862899669015|1641000.0|16.3842102699824
1782420863000079382|1631000.0|-0.0995913101283655
1782420863099558321|1643000.0|0.120628548320163
1782420863199542991|1650000.0|0.0700107326453145
1782420863299556107|1642000.0|-0.0799895085760552
1782420863399530216|1665000.0|0.230059564721902
1782420863499574549|1743000.0|0.779654355834428
1782420863599631747|1676000.0|-0.669616992472646
1782420863699623856|1687000.0|0.110008680785001
1782420863799596253|1678000.0|-0.0900248495592238
1782420863899815706|1685000.0|0.0698467192791404
1782420863999925544|1673000.0|-0.119868339013794
1782420864099611444|1680000.0|0.0702205627877162
1782420864199529809|1673000.0|-0.0700571911880263
1782420864299543501|1678000.0|0.049993154937226
1782420864399518378|1665000.0|-0.130032668107209
1782420864499473734|1740000.0|0.75033497954827
1782420864599533251|1626000.0|-1.13932190977896
1782420864699772816|1603000.0|-0.229450317347247
1782420864799597517|1616000.0|0.130228288888138
1782420864899500457|1612000.0|-0.0400388617191846
1782420864999500742|1611000.0|-0.00999997150008122
1782420865099521506|1614000.0|0.0299937720931626
1782420865200109168|1619000.0|0.0497078856450605
1782420865299503867|1605000.0|-0.140852582087904
1782420865400240681|1631000.0|0.25809829562408
1782420865499507908|1740000.0|1.09804618597838
1782420865600325362|1648000.0|-0.912540401982379
1782420865700027966|1636000.0|-0.120357939698345
1782420865799618633|1632000.0|-0.0401644061687025
1782420865899524086|1629000.0|-0.0300283909427847
1782420865999459058|1635000.0|0.0600390421883542
1782420866099992799|1638000.0|0.0298407278010275
1782420866199484586|1635000.0|-0.0301532426993195
1782420866299509110|1635000.0|0.0
1782420866399674723|1673000.0|0.37937171112805
1782420866499696447|1719000.0|0.459900091304165
1782420866599534363|1629000.0|-0.901461124248627
1782420866699540214|1637000.0|0.0799953194738576
1782420866800401284|1626000.0|-0.109060909228903
1782420866899525583|1622000.0|-0.0403533749075996
1782420867000463005|1644000.0|0.217956824774066
1782420867100214136|1638000.0|-0.0601496939418161
1782420867199650242|1651000.0|0.1307372193356
1782420867299891599|1688000.0|0.369109129278846
1782420867399647194|1702000.0|0.140343005322158
1782420867499547397|1766000.0|0.640639338840983
1782420867599537057|1680000.0|-0.860088933195692
1782420867699499981|1671000.0|-0.0900333807762566
1782420867799514041|1671000.0|0.0
1782420867899506101|1644000.0|-0.270021439702312
1782420867999789057|1639000.0|-0.0498589211909549
1782420868099523292|1628000.0|-0.110293120511728
1782420868199666200|1730000.0|1.01854441854235
1782420868299562947|1685000.0|-0.450465118749062
1782420868399551534|1685000.0|0.0
1782420868499496682|1787000.0|1.0205597974601
1782420868599909254|1652000.0|-1.3444531626976
1782420868699524881|1650000.0|-0.020077171225354
1782420868799609117|1645000.0|-0.0499579174486579
1782420868899527592|1639000.0|-0.0600489549104908
1782420868999659827|1651000.0|0.119841527556036
1782420869099526382|1645000.0|-0.0600801739881785
1782420869199633514|1644000.0|-0.00998929826498276
1782420869299461204|1649000.0|0.0500863037099226
1782420869399625280|1669000.0|0.199672385536707
1782420869499555531|1744000.0|0.750523482623895
1782420869599583430|1649000.0|-0.949735033423025
1782420869699709714|1651000.0|0.0199747750550695
1782420869799614365|1639000.0|-0.120114528001304
1782420869899719544|1655000.0|0.159831890415979
1782420869999768692|1642000.0|-0.129936138986411
1782420870099924254|1652000.0|0.0998446796194903
1782420870199824441|1658000.0|0.0600599476355335
1782420870299490067|1649000.0|-0.0903019462296861
1782420870399645119|1661000.0|0.11981422564685
1782420870499814074|1764000.0|1.02826269875731
1782420870600242117|1676000.0|-0.876249276310204
1782420870699508462|1674000.0|-0.0201478154554799
1782420870799472617|1682000.0|0.080028686282598
1782420870899460068|1725000.0|0.430053967472378
1782420871000101984|1670000.0|-0.546491980538208
1782420871099653273|1668000.0|-0.0200901466981507
1782420871199562324|1669000.0|0.0100091031792505
1782420871299595023|1674000.0|0.0499836558443754
1782420871399777674|1715000.0|0.409252496223123
1782420871499617924|1708000.0|-0.0701120039262722
1782420871599537982|1625000.0|-0.830664049454415
1782420871700298698|1618000.0|-0.0694715190392256
1782420871799460643|1612000.0|-0.0605070826313461
1782420871899910318|1624000.0|0.119462805628789
1782420872000188745|1623000.0|-0.00997223460635257
1782420872099643314|1628000.0|0.0502742111325222
1782420872200001325|1626000.0|-0.0199286532292873
1782420872299629239|1627000.0|0.0100373475650609
1782420872399654401|1663000.0|0.359909439586811
1782420872499504187|1718000.0|0.550827419900529
1782420872599519989|1643000.0|-0.749881503724781
1782420872699509055|1632000.0|-0.11001202871522
1782420872799643865|1634000.0|0.0199730742985381
1782420872899636387|1644000.0|0.100007478559247
1782420872999643518|1680000.0|0.359974330230511
1782420873099996329|1638000.0|-0.418523403395247
1782420873199568050|1659000.0|0.210903254348692
1782420873299532891|1649000.0|-0.100035171365901
1782420873399661638|1673000.0|0.239691404507439
1782420873499778224|1761000.0|0.878975237929108
1782420873599623017|1637000.0|-1.24192755850573
1782420873699453299|1635000.0|-0.0200340013063371
1782420873799520269|1626000.0|-0.0899397673378139
1782420873899662440|1629000.0|0.0299574092516928
1782420873999469009|1628000.0|-0.0100193805880653
1782420874099534267|1630000.0|0.0199869569116586
1782420874199825461|1639000.0|0.089738686329729
1782420874300123087|1635000.0|-0.0398813028735097
1782420874399553703|1692000.0|0.573264073914618
1782420874499690945|1728000.0|0.359506605943871
1782420874599780315|1671000.0|-0.569491045852322
1782420874699568917|1652000.0|-0.190402507091942
1782420874799449070|1624000.0|-0.280335974255065
1782420874899541512|1642000.0|0.179833758077358
1782420875000217043|1647000.0|0.0496645009004224
1782420875099628299|1630000.0|-0.17100679222884
1782420875199458772|1634000.0|0.0400679259528301
1782420875300324703|1638000.0|0.0396566011966915
1782420875399671927|1672000.0|0.342234021556556
1782420875499548528|1750000.0|0.780963701397888
1782420875600168042|1656000.0|-0.934212423248238
1782420875699448754|1662000.0|0.0604346995416391
1782420875799787900|1655000.0|-0.0697634002186943
1782420875899940085|1648000.0|-0.0698936323755692
1782420876000138559|1657000.0|0.0898217272251072
1782420876099450198|1653000.0|-0.0402772529008408
1782420876199505087|1665000.0|0.119934169333794
1782420876299453928|1650000.0|-0.150076777778744
1782420876399466337|1706000.0|0.559930518221994
1782420876499579082|1700000.0|-0.0599324291827179
1782420876600416661|1616000.0|-0.833022776161653
1782420876700620446|1611000.0|-0.0498983147193492
1782420876800379703|1613000.0|0.0200482647941133
1782420876900030127|1606000.0|-0.0702455616245045
1782420876999461238|1625000.0|0.191087073340657
1782420877100593233|1613000.0|-0.118656810834197
1782420877199728344|1642000.0|0.292530060313343
1782420877299964849|1652000.0|0.0997640530263899
1782420877399614297|1724000.0|0.722532853368139
1782420877500389987|1666000.0|-0.575535627689575
1782420877599536234|1625000.0|-0.413530529299813
1782420877700178164|1606000.0|-0.188788112469624
1782420877799576859|1628000.0|0.221330873609558
1782420877899794788|1632000.0|0.0399130179590919
1782420878000463102|1643000.0|0.109269735062812
1782420878100090389|1638000.0|-0.0501870536733576
1782420878199524045|1637000.0|-0.0100569569723957
1782420878300727240|1636000.0|-0.00988111096690179
1782420878399633453|1749000.0|1.14249647795129
1782420878499843270|1646000.0|-1.02784340979287
1782420878599456878|1632000.0|-0.140543047090514
1782420878700508424|1647000.0|0.148439094637899
1782420878799490879|1625000.0|-0.222261611919001
1782420878899906840|1646000.0|0.209130100343311
1782420878999470863|1625000.0|-0.210919560773473
1782420879100286009|1654000.0|0.287655190223104
1782420879200282481|1636000.0|-0.18000635062405
1782420879300459353|1643000.0|0.0698764081992898
1782420879399674240|1748000.0|1.05830892091829
1782420879500070217|1644000.0|-1.03589808185242
1782420879600136273|1639000.0|-0.0499669938025738
1782420879700175913|1643000.0|0.0399841502828279
1782420879800262097|1635000.0|-0.0799311121702872
1782420879899643704|1644000.0|0.0905600168047192
1782420879999958336|1651000.0|0.0697804483796541
1782420880099643656|1646000.0|-0.0501578366804661
1782420880199683679|1648000.0|0.0199919986023994
1782420880299459735|1657000.0|0.0902020019712946
1782420880399514638|1766000.0|1.0894018856827
1782420880499986151|1640000.0|-1.25408681762362
1782420880599608478|0.0|-16.4621731833267
1782420880699575702|1634000.0|16.3453573543265
1782420880799487405|1631000.0|-0.0300265125097507
1782420880899835237|1626000.0|-0.0498266868386354
1782420880999587069|1632000.0|0.0601492712434595
1782420881099606660|1641000.0|0.0899823715535889
1782420881199506011|1653000.0|0.120120900485129
1782420881299638258|1647000.0|-0.0599207565970231
1782420881399546073|1657000.0|0.100092270059154
1782420881500152994|1674000.0|0.168974458526566
1782420881599453368|1746000.0|0.725072797812423
1782420881700696242|1688000.0|-0.572879825596417
1782420881799690839|1706000.0|0.181828105224773
1782420881899624495|1685000.0|-0.210139414893417
1782420881999658998|1691000.0|0.0599793053402784
1782420882099522173|1688000.0|-0.0300411037401925
1782420882199890581|1700000.0|0.119559533115241
1782420882299498219|1680000.0|-0.200787815087032
1782420882404270876|1685000.0|0.0477223747413412
1782420882499679546|1714000.0|0.303955604873226
1782420882599498016|1759000.0|0.450818370588129
1782420882699844200|1641000.0|-1.17592912152992
1782420882799445806|1639000.0|-0.0200799975052611
1782420882899486485|1645000.0|0.059975602524649
1782420883000583167|1654000.0|0.0890236931811471
1782420883099778836|1661000.0|0.0705675970591014
1782420883200245387|1657000.0|-0.0398142462360433
1782420883299833521|1670000.0|0.130537640157009
1782420883402568910|1655000.0|-0.14600616346525
1782420883500633136|1669000.0|0.142763580268303
1782420883599543813|1743000.0|0.748149767491734
1782420883699511676|1645000.0|-0.980315043845641
1782420883799488498|1649000.0|0.0400092733493769
1782420883900115130|1642000.0|-0.0695640891568347
1782420883999600320|1644000.0|0.0201034948015881
1782420884099506166|1650000.0|0.0600565456399819
1782420884199547005|1656000.0|0.0599755066028585
1782420884299570307|1653000.0|-0.0299930110285701
1782420884402343136|1643000.0|-0.0973019824140484
1782420884500169393|1675000.0|0.327110542520297
1782420884599547910|1737000.0|0.623877291306329
1782420884699485821|1655000.0|-0.820509446109995
1782420884799795940|1659000.0|0.0398763359058521
1782420884899470042|1644000.0|-0.150490445351592
1782420884999629312|1646000.0|0.0199681966531905
1782420885099518935|1651000.0|0.0500552494827215
1782420885199594925|1644000.0|-0.0699468473906678
1782420885299814083|1654000.0|0.0997813212519706
1782420885399458377|1647000.0|-0.0702498830489983
1782420885499613280|1674000.0|0.269582408761356
1782420885599566646|1744000.0|0.700326590302122
1782420885699503644|1647000.0|-0.970611504660166
1782420885799501938|1638000.0|-0.0900015354261944
1782420885899479720|1647000.0|0.090020000643743
1782420885999792719|1648000.0|0.00996879776269076
1782420886099529972|1655000.0|0.0701844074249769
1782420886199620890|1654000.0|-0.00999091645857419
1782420886299570016|1668000.0|0.140071259852737
1782420886401263209|1663000.0|-0.0491674993428518
1782420886499451595|1702000.0|0.397195652039743
1782420886600114963|1727000.0|0.248352508928571
1782420886699521335|1633000.0|-0.945613426068904
1782420886799747677|1650000.0|0.169616087555106
1782420886899497619|1647000.0|-0.0300752054572623
1782420886999767497|1660000.0|0.129650102895308
1782420887100055471|1660000.0|0.0
1782420887199676868|1649000.0|-0.110418046034829
1782420887299665482|1663000.0|0.140015942215181
1782420887399482719|1660000.0|-0.030054929290419
1782420887499904757|1720000.0|0.597478414050908
1782420887599451882|1704000.0|-0.160727896461098
1782420887699544576|1647000.0|-0.569472133500573
1782420887799848278|1658000.0|0.109666939311971
1782420887899567819|1656000.0|-0.0200562495569449
1782420887999558721|1659000.0|0.0300027296483434
1782420888099518486|1656000.0|-0.0300120753585205
1782420888199484363|1665000.0|0.0900307211829893
1782420888299476576|1656000.0|-0.0900070088457788
1782420888399527238|1660000.0|0.0399797454613544
1782420888499546043|1727000.0|0.669874030188623
1782420888599877777|1793000.0|0.657817794716874
1782420888699502453|1705000.0|-0.88331529429516
1782420888799523723|1695000.0|-0.0999787345231669
1782420888899633856|1693000.0|-0.0199779976318681
1782420888999887078|1665000.0|-0.279292769263815
1782420889100275772|1656000.0|-0.0896515298824388
1782420889199770496|1648000.0|-0.0804062736030104
1782420889299639268|1647000.0|-0.0100131400434162
1782420889399621769|1650000.0|0.0300052506188058
1782420889499540062|1719000.0|0.690564239323024
1782420889599646403|1693000.0|-0.259723807106285
1782420889699664072|1642000.0|-0.509909904019059
1782420889799662093|1638000.0|-0.0400007916156661
1782420889900271348|1635000.0|-0.0298183303315386
1782420889999654775|1641000.0|0.0603722389247052
1782420890099595804|1648000.0|0.0700413040574157
1782420890199639825|1656000.0|0.0799647986959661
1782420890299462773|1662000.0|0.0601064196180622
1782420890399909770|1670000.0|0.079643993737314
1782420890500271280|1756000.0|0.856902212810469
1782420890599513443|1677000.0|-0.796032629800703
1782420890700050472|1635000.0|-0.417756526304353
1782420890800053613|1643000.0|0.0799974872789246
1782420890899671968|1649000.0|0.060229864265476
1782420890999730085|1639000.0|-0.0999419167562388
1782420891100479131|1643000.0|0.0397026091939372
1782420891199970830|1641000.0|-0.0201021795798261
1782420891299754466|1643000.0|0.0200433666297748
1782420891399667334|1647000.0|0.040034883194425
1782420891500448412|1760000.0|1.12124222366425
1782420891600610225|1648000.0|-1.11819062220849
1782420891699531363|1633000.0|-0.15163594256265
1782420891800057240|1646000.0|0.129319936199114
1782420891899910444|1653000.0|0.070102908265217
1782420891999551056|1642000.0|-0.110396752681527
1782420892100265557|1638000.0|-0.0397162271597811
1782420892199619816|1643000.0|0.0503249689577978
1782420892300042989|1634000.0|-0.0896207491870427
1782420892400052625|1637000.0|0.0299971094785307
1782420892499500900|1755000.0|1.18654647353109
1782420892599555032|1633000.0|-1.21933994689994
1782420892699527596|1631000.0|-0.0200054887058813
1782420892799971057|1636000.0|0.0497792484470443
1782420892899993413|1634000.0|-0.0199955297993581
1782420893000175482|1641000.0|0.0698727833221332
1782420893099663868|1639000.0|-0.0201028489898308
1782420893200183425|1658000.0|0.189017944040482
1782420893300062741|1680000.0|0.220265825608978
1782420893399611975|1661000.0|-0.190860333490863
1782420893499674347|1779000.0|1.17926446916529
1782420893600058272|1666000.0|-1.12567823981778
1782420893699478034|1650000.0|-0.160933799056972
1782420893799498326|1639000.0|-0.109977683328499
1782420893899656762|1643000.0|0.0399367258490338
1782420893999950478|1652000.0|0.0897364297480014
1782420894100245426|1667000.0|0.149558879077339
1782420894200244726|1660000.0|-0.07000049000343
1782420894299480456|1649000.0|-0.110847171678991
1782420894399468971|1659000.0|0.100011486319204
1782420894499551742|1760000.0|1.00916470428262
1782420894599583266|1655000.0|-1.04966910231219
1782420894699594486|1652000.0|-0.0299966343776228
1782420894799599257|1650000.0|-0.0199990458455227
1782420894899590556|1648000.0|-0.020001740351428
1782420894999599168|1681000.0|0.329971582847285
1782420895099523651|1665000.0|-0.160120918514034
1782420895199497990|1658000.0|-0.0700179673105916
1782420895299557497|1649000.0|-0.089946475550794
1782420895399614572|1648000.0|-0.00999429575569744
1782420895499508511|1774000.0|1.26133778747077
1782420895599531170|1647000.0|-1.26971229589087
1782420895699781990|1645000.0|-0.0199499615065493
1782420895799557081|1639000.0|-0.060135249588497
1782420895899557340|1651000.0|0.119999689200805
1782420895999556415|1654000.0|0.0300002775025669
1782420896099594738|1670000.0|0.159938706689435
1782420896199473236|1647000.0|-0.230279794555981
1782420896299459623|1644000.0|-0.030004084456017
1782420896399562090|1643000.0|-0.00998976378873859
1782420896499557693|1762000.0|1.1900523266008
1782420896599538656|1662000.0|-1.00019040624764
1782420896699488339|1664000.0|0.0200100684661501
1782420896799784118|1654000.0|-0.0997050932721705
1782420896899600200|1648000.0|-0.0601105541289429
1782420896999506699|1657000.0|0.0900842296555703
1782420897099740350|1650000.0|-0.0698368255587138
1782420897199538880|1657000.0|0.0701413137047209
1782420897300208757|1657000.0|0.0
1782420897399509638|1647000.0|-0.100704041084993
1782420897499601672|1780000.0|1.32877707330835
1782420897599928715|1653000.0|-1.26586009317548
1782420897699898590|1645000.0|-0.0800241072623128
1782420897799495807|1642000.0|-0.0301213235707178
1782420897899577058|1640000.0|-0.0199837629927308
1782420897999649941|1649000.0|0.0899344530725671
1782420898099923991|1641000.0|-0.0797813591851531
1782420898199589529|1650000.0|0.0903020259620733
1782420898299617499|1651000.0|0.00999720378210215
1782420898400281183|1662000.0|0.109274760895896
1782420898499525471|0.0|-16.7465557312477
1782420898599596818|1775000.0|17.7373449365082
1782420898699600164|1648000.0|-1.26995750722181
1782420898799454661|1645000.0|-0.0300437145059175
1782420898899552664|1647000.0|0.0199804185903689
1782420898999524506|1649000.0|0.0200056331861926
1782420899099508940|1655000.0|0.0600093410540285
1782420899199635823|1647000.0|-0.0798986222311544
1782420899300110882|1644000.0|-0.0298581561420133
1782420899399501346|1648000.0|0.0402453096506321
1782420899499456036|1645000.0|-0.0300135991617802
1782420899599588087|1764000.0|1.188430665422
1782420899699515384|1657000.0|-1.07077848808419
1782420899799493466|1654000.0|-0.0300065768415121
1782420899899531052|1638000.0|-0.159939884994826
1782420899999662479|1645000.0|0.0699081218526927
1782420900099602672|1646000.0|0.0100059842790178
1782420900199546754|1664000.0|0.180100708714299
1782420900299589363|1647000.0|-0.169927595550812
1782420900399474196|1641000.0|-0.0600691798723836
1782420900499436006|1652000.0|0.110042025049366
1782420900600075673|1790000.0|1.37122870249561
1782420900700247051|1632000.0|-1.57729686018695
1782420900799945356|1635000.0|0.0300907823859192
1782420900899521549|1649000.0|0.14059585507552
1782420900999495022|1689000.0|0.400106136154738
1782420901099957233|1648000.0|-0.408113653799636
1782420901199599490|1650000.0|0.020071805479075
1782420901299922196|1640000.0|-0.0996783320418012
1782420901399482612|1636000.0|-0.0401766099490786
1782420901499594342|1636000.0|0.0
1782420901599565127|1774000.0|1.38040328481966
1782420901700134058|1711000.0|-0.626436011336344
1782420901799617290|1729000.0|0.180935014254463
1782420901899991227|1679000.0|-0.498137280397799
1782420902000068061|1708000.0|0.289777352469004
1782420902100197630|1754000.0|0.459404753854478
1782420902199514653|1702000.0|-0.523575902994998
1782420902300496512|1677000.0|-0.247569219338693
1782420902399723616|1675000.0|-0.0201557832424496
1782420902499569985|1676000.0|0.0100153867388007
1782420902599650386|1807000.0|1.30894759304572
1782420902700331461|1643000.0|-1.62890592894444
1782420902799981397|1642000.0|-0.0100351293752963
1782420902899817734|1638000.0|-0.0400655725179501
1782420902999606198|1645000.0|0.0701483890963589
1782420903099643815|1649000.0|0.0399849588580264
1782420903199444648|1641000.0|-0.0801596515732489
1782420903300265626|1677000.0|0.35706854579411
1782420903399636153|1687000.0|0.100633460462578
1782420903499558938|1668000.0|-0.190146821868506
1782420903599803803|1774000.0|1.05741077111531
1782420903699970573|1637000.0|-1.36771905493209
1782420903800265502|1639000.0|0.019941187654662
1782420903899524910|1637000.0|-0.0201492235375814
1782420903999510958|1633000.0|-0.0400055815787419
1782420904099484015|1640000.0|0.0700188651828462
1782420904200177441|1642000.0|0.019862269856624
1782420904300119585|1639000.0|-0.0300173668477634
1782420904399466240|1635000.0|-0.0402630566675848
1782420904509343333|1647000.0|0.109212936676437
1782420904599874658|1749000.0|1.12668184189285
1782420904699946722|1651000.0|-0.979294281369074
1782420904799574850|1650000.0|-0.0100373260049612
1782420904899644387|1632000.0|-0.179874920376618
1782420904999472099|1647000.0|0.150258878015756
1782420905099754035|1643000.0|-0.0398875426577325
1782420905200209988|1647000.0|0.0398184465981822
1782420905299474179|1671000.0|0.241779031876661
1782420905399494003|1672000.0|0.00999801799291308
1782420905504025501|1648000.0|-0.229595867840715
1782420905599953892|1770000.0|1.27178198996374
1782420905699553012|1640000.0|-1.30523241570809
1782420905800009013|1635000.0|-0.0497730344651088
1782420905900091846|1638000.0|0.0299751706668815
1782420905999799637|1644000.0|0.0601758392180206
1782420906099870485|1645000.0|0.00999292021588545
1782420906199821765|1651000.0|0.0600292462487724
1782420906299592964|1648000.0|-0.0300687977098481
1782420906399629028|1645000.0|-0.0299891847004296
1782420906503017227|1636000.0|-0.0870505539998816
1782420906600090308|1764000.0|1.31859418369548
1782420906699949668|1650000.0|-1.14160555405122
1782420906799917140|1643000.0|-0.0700227770089055
1782420906899529555|1636000.0|-0.0702723651464529
1782420906999523170|1646000.0|0.100006385407708
1782420907099485202|1651000.0|0.0500189912105828
1782420907199449106|1647000.0|-0.0400144436135667
1782420907299459281|1640000.0|-0.0699928782246406
1782420907399569313|1642000.0|0.0199780177874681
1782420907500117618|1643000.0|0.00994546849894685
1782420907599537728|1770000.0|1.2774075586921
1782420907699872033|1617000.0|-1.52490217578125
1782420907799616703|1644000.0|0.27069115572792
1782420907899613118|1661000.0|0.170006094718496
1782420907999623279|1656000.0|-0.0499949200161772
1782420908099446174|1665000.0|0.0901596772964759
1782420908199583309|1623000.0|-0.419424821770665
1782420908299569565|1615000.0|-0.080010996711388
1782420908399543148|1781000.0|1.66043863807502
1782420908499526540|1659000.0|-1.22020265125632
1782420908599508299|1867000.0|2.08037948202132
1782420908699750011|1632000.0|-2.34433346469581
1782420908799557529|1555000.0|-0.771484969699377
1782420908900136683|1559000.0|0.0397696723517877
1782420908999510713|1581000.0|0.221385808747014
1782420909100398906|1574000.0|-0.0693837384915795
1782420909199478774|1567000.0|-0.0706500739383302
1782420909299617702|1555000.0|-0.119833517690543
1782420909399446053|1703000.0|1.48254477327788
1782420909499494260|1718000.0|0.149927724341926
1782420909600606886|1806000.0|0.870316630882478
1782420909699535986|1539000.0|-2.69890254737989
1782420909799864882|1563000.0|0.239213237231276
1782420909899531712|1730000.0|1.675582538343
1782420909999594095|1702000.0|-0.279825436497949
1782420910099497582|1680000.0|-0.220212533722672
1782420910199567884|1692000.0|0.119915696866789
1782420910299500827|1673000.0|-0.190127493793513
1782420910399444425|1671000.0|-0.0200112867659617
1782420910499586056|1671000.0|0.0
1782420910600307977|1868000.0|1.95588009088905
1782420910700368487|1556000.0|-3.11811322968472
1782420910799512709|1534000.0|-0.221898962503332
1782420910899874036|1557000.0|0.229171939904701
1782420910999444290|1539000.0|-0.180776881416814
1782420911099611937|1541000.0|0.0199665267169548
1782420911199428527|1542000.0|0.0100183747010392
1782420911299441070|1551000.0|0.0899887127157641
1782420911399444988|1579000.0|0.279989030029803
1782420911499444667|1538000.0|-0.410001316104225
1782420911599628522|1728000.0|1.89651316571917
1782420911700435082|1536000.0|-1.90463795213327
1782420911800365016|1537000.0|0.0100070115126865
1782420911900448934|1547000.0|0.0999161523632598
1782420911999618019|1536000.0|-0.110921664750663
1782420912100042530|1534000.0|-0.0199154566956268
1782420912200756385|1539000.0|0.0496456023850939
1782420912299811549|1536000.0|-0.0302861544906432
1782420912400241868|1553000.0|0.169271592177259
1782420912499465048|1539000.0|-0.141096062432186
1782420912600102888|1700000.0|1.59979586207335
1782420912700057990|1538000.0|-1.62072767431121
1782420912800184788|1537000.0|-0.00998733625737238
1782420912899485729|1552000.0|0.15105597035581
1782420912999583471|1541000.0|-0.109892588785869
1782420913100198366|1539000.0|-0.0198777725703535
1782420913200233916|1542000.0|0.0299893387900601
1782420913299453176|1543000.0|0.010078688351435
1782420913399872023|1552000.0|0.0896246100097126
1782420913499541940|1534000.0|-0.180596117081145
1782420913599933955|1705000.0|1.70332271944138
1782420913699530992|1537000.0|-1.686797168474
1782420913800139663|1547000.0|0.099395011390221
1782420913900231661|1553000.0|0.0599448519351167
1782420913999467353|1539000.0|-0.141078272523156
1782420914100173512|1536000.0|-0.0297896377916667
1782420914199996038|1538000.0|0.0200355579060382
1782420914300103363|1570000.0|0.319656928201807
1782420914399648544|1543000.0|-0.27123362204746
1782420914499458381|1537000.0|-0.0601143151851856
1782420914599587098|1706000.0|1.68782747910372
1782420914699878665|1536000.0|-1.69505777090909
1782420914799467797|1565000.0|0.291196432960175
1782420914900388053|1534000.0|-0.307173220012442
1782420915000274066|1539000.0|0.0500570585393172
1782420915100667024|1538000.0|-0.00996085801157488
1782420915200178589|1539000.0|0.0100490832397219
1782420915299520729|1558000.0|0.191258211268652
1782420915399512534|1532000.0|-0.260021308746252
1782420915504697902|1533000.0|0.00950702573004261
1782420915599492481|1772000.0|2.5212412199225
1782420915699460686|1718000.0|-0.540171747607152
1782420915799523387|1597000.0|-1.20924179330318
1782420915899711513|1531000.0|-0.658760699845808
1782420915999521845|1539000.0|0.0801520227384876
1782420916099521410|0.0|-15.3900669467912
1782420916199514959|1603000.0|16.0310341620138
1782420916299647677|1672000.0|0.689085459559781
1782420916400327451|1678000.0|0.0595948894362834
1782420916499500534|1674000.0|-0.0403335247730475
1782420916599582772|1675000.0|0.00999178295753139
1782420916699444944|1871000.0|1.96270515726415
1782420916800404751|1663000.0|-2.06022580847446
1782420916899597546|1659000.0|-0.0403255095291951
1782420916999588871|1633000.0|-0.260022556956816
1782420917099515556|1542000.0|-0.910667655991991
1782420917200310530|1567000.0|0.248028239979505
1782420917299845165|1538000.0|-0.291355868236217
1782420917399596506|1548000.0|0.100249278854306
1782420917500343561|1548000.0|0.0
1782420917599824804|1541000.0|-0.0703650234848795
1782420917700424850|1567000.0|0.25844918599739
1782420917799487453|1533000.0|-0.343217308755757
1782420917900155002|1534000.0|0.0099336877666506
1782420918000061287|1536000.0|0.0200187605814789
1782420918099628066|1541000.0|0.0502175529852181
1782420918200466545|1561000.0|0.198336986022965
1782420918299622123|1556000.0|-0.0504258066046471
1782420918399617656|1544000.0|-0.12000536063946
1782420918500065141|1556000.0|0.119465410209126
1782420918599847937|1600000.0|0.440957777931979
1782420918699458573|1688000.0|0.883439796529359
1782420918800701339|1542000.0|-1.44207834068856
1782420918900037607|1530000.0|-0.120801800204534
1782420918999482722|1539000.0|0.0905021830383524
1782420919099591310|1547000.0|0.0799132238285091
1782420919200321420|1597000.0|0.496375909844633
1782420919300216311|1538000.0|-0.59062079561206
1782420919399498546|1539000.0|0.0100722954111579
1782420919499645438|1539000.0|0.0
1782420919599556138|1534000.0|-0.0500446899080879
1782420919700154567|1581000.0|0.467204115086131
1782420919799449794|1580000.0|-0.0100709775304708
1782420919899806783|1541000.0|-0.38861269542473
1782420919999527690|1532000.0|-0.0902518866981425
1782420920100041207|1571000.0|0.388007515446903
1782420920200245539|1571000.0|0.0
1782420920300266415|1541000.0|-0.299937385071492
1782420920400419355|1547000.0|0.0599083761295475
1782420920499646197|1584000.0|0.372882974548359
1782420920599485617|1644000.0|0.600965029644603
1782420920699522893|1736000.0|0.919657188586383
1782420920799506456|1766000.0|0.300049319106582
1782420920899554932|1774000.0|0.0799612379902718
1782420920999520432|1762000.0|-0.120041414287929
1782420921099537116|1754000.0|-0.0799866550264754
1782420921199532919|1729000.0|-0.250010492940389
1782420921299512163|1737000.0|0.0800166082472078
1782420921399499454|1719000.0|-0.180022879107706
1782420921499520666|1671000.0|-0.479898203992969
1782420921599555622|1663000.0|-0.0799720449719596
1782420921699846338|1665000.0|0.0199420253416079
1782420921800162014|1779000.0|1.13641261810368
1782420921899514616|1656000.0|-1.2380148835961
1782420921999527988|1656000.0|0.0
1782420922099455423|1667000.0|0.110079879464533
1782420922200165435|1664000.0|-0.0297884980889487
1782420922300071926|1667000.0|0.0300280789563513
1782420922399906353|1676000.0|0.0901492628389604
1782420922499449467|1653000.0|-0.231055660967166
1782420922599525527|1669000.0|0.159878396491628
1782420922699483698|1667000.0|-0.0200083693007948
1782420922799515757|1784000.0|1.16962502991166
1782420922899599736|1648000.0|-1.35885884393145
1782420922999535955|1661000.0|0.130082968217959
1782420923099487150|1651000.0|-0.100048828830911
1782420923199500697|1646000.0|-0.0499932274174818
1782420923299472964|1650000.0|0.0400110962773306
1782420923399541807|1663000.0|0.129910565669276
1782420923499545018|1652000.0|-0.109996468013412
1782420923599541893|1655000.0|0.0300009375292978
1782420923699472720|1652000.0|-0.0300207662646482
1782420923799468282|1758000.0|1.06004704488785
1782420923899535493|1644000.0|-1.13923430922842
1782420923999840017|1643000.0|-0.00996964005332402
1782420924099621195|1647000.0|0.0400877207523046
1782420924199867958|1649000.0|0.0199507688841783
1782420924299767937|1647000.0|-0.0200200242284335
1782420924399639659|1654000.0|0.070089909934666
1782420924499697910|1660000.0|0.0599650697472215
1782420924599561728|1651000.0|-0.0901227309374452
1782420924699528699|1708000.0|0.570188327502691
1782420924800120486|1884000.0|1.74964582347066
1782420924899599792|1716000.0|-1.68879344614648
1782420925000306012|1661000.0|-0.546143028702696
1782420925099456053|1549000.0|-1.12960114660971
1782420925200800770|1544000.0|-0.049336562852112
1782420925300152283|1584000.0|0.402610879212277
1782420925399458804|1562000.0|-0.221536307771773
1782420925499452382|1554000.0|-0.0800051379299579
1782420925599919305|1562000.0|0.0796281976307764
1782420925699726307|1574000.0|0.120232045443064
1782420925799450461|1726000.0|1.52420445702653
1782420925899648023|1540000.0|-1.85633259220419
1782420926000039875|1545000.0|0.0498048387432877
1782420926100574030|1544000.0|-0.00994686830560221
1782420926199654790|1545000.0|0.0100927768418409
1782420926299503680|1571000.0|0.260393480588517
1782420926400667084|1538000.0|-0.326204918925029
1782420926500256373|1555000.0|0.170701088146136
1782420926599981663|1547000.0|-0.0802203733877334
1782420926699722088|1564000.0|0.1704424259271
1782420926800002643|1732000.0|1.67529986247084
1782420926900082957|1536000.0|-1.9584271088518
1782420926999449670|1554000.0|0.181147181551633
1782420927099453695|1543000.0|-0.1099955726782
1782420927199667593|1544000.0|0.00997865585469991
1782420927300414501|1571000.0|0.267998299262941
1782420927399501485|1560000.0|-0.111013571671533
1782420927499478982|1768000.0|2.08046816775179
1782420927599460160|1648000.0|-1.20022590652013
1782420927699458058|1571000.0|-0.770016185740224
1782420927799779556|1680000.0|1.08650690204008
1782420927899540141|1553000.0|-1.2730478675521
1782420927999528135|1679000.0|1.26015129376433
1782420928099895265|1735000.0|0.557951592319119
1782420928199522810|1669000.0|-0.662467392928331
1782420928299459843|1675000.0|0.0600378040040472
1782420928399459261|1672000.0|-0.0300001746010162
1782420928499610343|1671000.0|-0.00998491459133712
1782420928599911105|1679000.0|0.0797601118922706
1782420928699655114|1728000.0|0.491257575179277
1782420928800207876|1859000.0|1.30279862426852
1782420928899454236|1673000.0|-1.87412414923832
1782420928999537318|1685000.0|0.119900384362664
1782420929099893360|1685000.0|0.0
1782420929199455336|1682000.0|-0.0301319853274105
1782420929300167586|1673000.0|-0.0893635084113402
1782420929400208540|1675000.0|0.019991812553087
1782420929500202132|1558000.0|-1.17007497840462
1782420929599595661|1576000.0|0.181098308723901
1782420929699583110|1589000.0|0.130016318348116
1782420929800091808|1707000.0|1.17402774434507
1782420929899581129|1538000.0|-1.69867477535604
1782420930000438979|1550000.0|0.118979335768113
1782420930099771115|1549000.0|-0.0100672354413077
1782420930200311253|1586000.0|0.368012226122069
1782420930300128253|1545000.0|-0.410751675566286
1782420930399485749|1555000.0|0.100646658808712
1782420930500402127|1546000.0|-0.0891827489092008
1782420930599459078|1552000.0|0.0605712162491252
1782420930700092192|1539000.0|-0.129182129850419
1782420930799643097|1583000.0|0.441984932231405
1782420930899970786|1542000.0|-0.408660863303649
1782420930999511850|1547000.0|0.0502305259666503
1782420931099699395|1543000.0|-0.0399251224291403
1782420931199611131|1551000.0|0.0800706735793281
1782420931300003749|1556000.0|0.0498044587302226
1782420931399535100|1580000.0|0.241130053584825
1782420931500194726|1548000.0|-0.317903028966152
1782420931599733454|1549000.0|0.0100463409578632
1782420931700295112|1544000.0|-0.0497207394890009
1782420931801226466|1538000.0|-0.0594463440964044
1782420931899779832|1535000.0|-0.0304403606062527
1782420932000399714|1580000.0|0.447227715890186
1782420932100440938|1555000.0|-0.249896982467947
1782420932199832306|1551000.0|-0.040244943605163
1782420932299536185|1548000.0|-0.0300891001442381
1782420932399545026|1544000.0|-0.0399964639126255
1782420932500181339|1549000.0|0.049683855170648
1782420932599524802|1566000.0|0.171123489021115
1782420932699819771|1679000.0|1.12667665314299
1782420932799824292|1668000.0|-0.109995027124824
1782420932899873308|1649000.0|-0.189906915226433
1782420932999556708|1688000.0|0.391238661602634
1782420933099450732|1712000.0|0.240254612227855
1782420933199595604|1679000.0|-0.329522613998648
1782420933299864861|1668000.0|-0.109704612651114
1782420933399569541|1700000.0|0.320947823111212
1782420933499951565|1719000.0|0.189276916751549
1782420933599447669|1699000.0|-0.201012895942137
1782420933699544221|1670000.0|-0.289720269285599
1782420933799446293|1675000.0|0.0500490119964679
1782420933899455389|1580000.0|-0.949913595859321
1782420933999464533|1544000.0|-0.359967084609783
1782420934100172478|1542000.0|-0.0198594063258862
1782420934199466836|0.0|-15.5295832619211
1782420934300210093|1551000.0|15.3955713383378
1782420934399463843|1543000.0|-0.0806014886087427
1782420934499823948|1636000.0|0.926663040059593
1782420934599470803|1547000.0|-0.893154129149385
1782420934700349741|1546000.0|-0.00991287200109105
1782420934799681571|1540000.0|-0.0604035987256049
1782420934899452602|1574000.0|0.340780281202066
1782420934999468402|1605000.0|0.309951027737617
1782420935100225819|1627000.0|0.218346208696477
1782420935199606417|1567000.0|-0.603739575002356
1782420935300554138|1553000.0|-0.138685646999401
1782420935399516208|1552000.0|-0.0101048815975656
1782420935499618296|1549000.0|-0.0299694048339931
1782420935600217776|1612000.0|0.626245781787341
1782420935699529126|1544000.0|-0.684715291857376
1782420935800518704|1538000.0|-0.0594120712139227
1782420935900133863|1528000.0|-0.100386327747567
1782420935999527629|1527000.0|-0.0100609931612814
1782420936100175142|1536000.0|0.08942098748133
1782420936199864525|1534000.0|-0.0200623169670937
1782420936300151029|1539000.0|0.0498571572501919
1782420936400435021|1540000.0|0.00997168122306101
1782420936500120787|1538000.0|-0.0200630449085379
1782420936599457209|1542000.0|0.0402672043090096
1782420936699995026|1535000.0|-0.0696255419987884
1782420936799559960|1536000.0|0.0100436967095263
1782420936900360449|1536000.0|0.0
1782420936999803159|1534000.0|-0.0201120826252623
1782420937100187183|1538000.0|0.0398469780410476
1782420937199744757|1547000.0|0.0903999528955979
1782420937299840060|1548000.0|0.009990478774014
1782420937399640610|1542000.0|-0.0601199091588173
1782420937500179402|1542000.0|0.0
1782420937599461040|1544000.0|0.0201447119556992
1782420937699890615|1544000.0|0.0
1782420937800249903|1532000.0|-0.119570397908762
1782420937899615637|1531000.0|-0.010063831461256
1782420938000470989|1540000.0|0.0892367119991808
1782420938099443058|1545000.0|0.0505193035825087
1782420938200080010|1544000.0|-0.00993670794004175
1782420938299564592|1623000.0|0.79409289773163
1782420938399927575|1722000.0|0.986419465033238
1782420938499465100|1577000.0|-1.45673704464723
1782420938600349173|1543000.0|-0.337020492818524
1782420938700175211|1542000.0|-0.0100174265155149
1782420938799483681|1605000.0|0.634386976256909
1782420938899968136|1669000.0|0.636914436168261
1782420939000377359|1654000.0|-0.149388667214365
1782420939099597140|1666000.0|0.120943625142652
1782420939199506507|1717000.0|0.51046264761141
1782420939299564177|1695000.0|-0.219873199126064
1782420939400606121|1664000.0|-0.306803281615405
1782420939499521262|1673000.0|0.0909870815429561
1782420939599888565|1665000.0|-0.0797072329421864
1782420939699494426|1683000.0|0.180712257484527
1782420939799447617|1541000.0|-1.42066499907942
1782420939899590440|1527000.0|-0.139800332970442
1782420939999617390|1571000.0|0.4398814519487
1782420940100371446|1682000.0|1.10169262069211
1782420940199453466|1542000.0|-1.41297078925117
1782420940299503696|1542000.0|0.0
1782420940400036568|1555000.0|0.129310938217303
1782420940499589965|1692000.0|1.37614590891359
1782420940600097780|1575000.0|-1.1640885835594
1782420940700095643|1571000.0|-0.0400008548182675
1782420940799505936|1538000.0|-0.331957577069006
1782420940900057431|1683000.0|1.44204718189421
1782420940999582268|1547000.0|-1.36649306946366
1782420941100553092|1548000.0|0.00990385103720655
1782420941199452824|1545000.0|-0.0303337525727572
1782420941299846302|1574000.0|0.288863386125541
1782420941399878308|1650000.0|0.759756832228277
1782420941499893178|1687000.0|0.369944989180109
1782420941599451551|1685000.0|-0.0200887171991049
1782420941699516421|1685000.0|0.0
1782420941799503756|1676000.0|-0.0900113999438029
1782420941899501057|1685000.0|0.0900024291655632
1782420941999512903|1699000.0|0.139983417564355
1782420942099550956|1705000.0|0.05997717688488
1782420942199565058|1544000.0|-1.60977298981298
1782420942299502215|1550000.0|0.0600377295103562
1782420942399508125|1541000.0|-0.0899946813143343
1782420942499526450|1601000.0|0.599890070144646
1782420942599521016|1647000.0|0.460024997758378
1782420942699504317|1652000.0|0.0500083508945159
1782420942799491683|1664000.0|0.120015162715658
1782420942899517273|1650000.0|-0.139964183165528
1782420942999571839|1657000.0|0.069961824630772
1782420943099548419|1718000.0|0.610142895466118
1782420943199757369|1629000.0|-0.88814422264678
1782420943299509582|1538000.0|-0.91226046283304
1782420943399505971|1528000.0|-0.100003611130398
1782420943499634729|1530000.0|0.0199742815146074
1782420943599592030|1649000.0|1.19050833515403
1782420943699452483|1652000.0|0.030041922601733
1782420943799464920|1661000.0|0.0899888080919376
1782420943899584781|1649000.0|-0.119856338993519
1782420943999980179|1655000.0|0.0597636955430965
1782420944099963655|1665000.0|0.100016526730877
1782420944199599740|1668000.0|0.0301095732535055
1782420944299652753|1672000.0|0.0399788060355564
1782420944399647494|1573000.0|-0.990052066838195
1782420944499841483|1538000.0|-0.349322353060521
1782420944599458096|1569000.0|0.311193073789811
1782420944699994310|1535000.0|-0.338186596125452
1782420944799504138|1533000.0|-0.0200985173042405
1782420944899754335|1562000.0|0.289276239526991
1782420944999595124|1539000.0|-0.23036676923697
1782420945099485225|1579000.0|0.400440079643127
1782420945199459053|1539000.0|-0.400104715406116
1782420945300147571|1545000.0|0.0595897140923258
1782420945399456135|1546000.0|0.0100696250124007
1782420945499459211|1579000.0|0.329989849512229
1782420945599828145|1569000.0|-0.0996324221197766
1782420945699836054|1537000.0|-0.319974693201515
1782420945799559754|1528000.0|-0.0902493589788586
1782420945899769248|1523000.0|-0.0498954719799304
1782420945999456644|1536000.0|0.130407659560091
1782420946099470777|1603000.0|0.669905322280802
1782420946200582751|1537000.0|-0.652741682206699
1782420946299957107|1536000.0|-0.0100629582947939
1782420946399618231|1540000.0|0.0401360113096858
1782420946499513292|1537000.0|-0.0300315147712858
1782420946599769025|1566000.0|0.289260266043838
1782420946699599444|1562000.0|-0.0400679476262641
1782420946799456472|1530000.0|-0.320458165448305
1782420946899859918|1530000.0|0.0
1782420946999606545|1529000.0|-0.0100254016609504
1782420947099646006|1590000.0|0.609759382849934
1782420947199457129|1539000.0|-0.51096509554351
1782420947299458046|1559000.0|0.199998166016818
1782420947399461282|1544000.0|-0.14999514615707
1782420947499527846|1532000.0|-0.119920176333825
1782420947599595595|1567000.0|0.349763039038682
1782420947699555743|1528000.0|-0.390155484763788
1782420947799627971|1539000.0|0.109920606544305
1782420947899553639|1547000.0|0.0800595098348504
1782420947999527979|1724000.0|1.77045429857301
1782420948099463119|1636000.0|-0.880571138440392
1782420948199780803|1538000.0|-0.976896555945211
1782420948300023272|1538000.0|0.0
1782420948399548283|1548000.0|0.100477255913089
1782420948499518655|1834000.0|2.86084761193046
1782420948600259044|1682000.0|-1.50882879755408
1782420948699781463|1549000.0|-1.33638230799032
1782420948799520907|1532000.0|-0.170444102335281
1782420948900247424|1533000.0|0.00992787231985794
1782420948999532963|1620000.0|0.87626053981537
1782420949100143240|1690000.0|0.695753973523003
1782420949199624683|1693000.0|0.0301563780091127
1782420949299848367|1695000.0|0.0199553630457248
1782420949399824610|1695000.0|0.0
1782420949500064439|1700000.0|0.0498803724016728
1782420949599456937|1697000.0|-0.0301833645432676
1782420949699503149|1689000.0|-0.0799630474765002
1782420949799536113|1633000.0|-0.559815462430964
1782420949899456996|1537000.0|-0.96076012458777
1782420950000340810|1542000.0|0.0495619644197829
1782420950100098429|1543000.0|0.0100242969912905
1782420950199606671|1691000.0|1.48731398550886
1782420950299590482|1687000.0|-0.0400064766485046
1782420950400225751|1540000.0|-1.46072049551534
1782420950500189866|1541000.0|0.0100035897881955
1782420950599816285|1657000.0|1.16434978958744
1782420950699523839|1552000.0|-1.05307968942855
1782420950799604051|1557000.0|0.0499599261440413
1782420950899451878|1540000.0|-0.170259088362534
1782420950999765898|1547000.0|0.0697808740991538
1782420951100229390|1589000.0|0.418062314616737
1782420951199520592|1670000.0|0.815782248260022
1782420951300168228|1664000.0|-0.059613918800835
1782420951399726743|1671000.0|0.0703104099132053
1782420951500014747|1671000.0|0.0
1782420951600063230|1657000.0|-0.139932156692471
1782420951699567184|1678000.0|0.211046889654254
1782420951799454003|1713000.0|0.350396582355876
1782420951899454662|1533000.0|-1.79998813807817
1782420951999898026|1560000.0|0.268808201206801
1782420952100248749|1538000.0|-0.219231106087796
1782420952199505103|1572000.0|0.34254733958896
1782420952299518098|0.0|-15.7179574514292
1782420952400662183|1652000.0|16.3331350518421
1782420952499838520|1659000.0|0.0705813524853212
1782420952599959515|1660000.0|0.00998791512209802
1782420952699501245|1651000.0|-0.090414341804186
1782420952800363138|1657000.0|0.0594872832696091
1782420952900228997|1664000.0|0.0700940248258416
1782420953000443896|1664000.0|0.0
1782420953099490857|1653000.0|-0.111058430152138
1782420953199577468|1553000.0|-0.999134639497385
1782420953299595839|1724000.0|1.70968591360081
1782420953399891282|1633000.0|-0.90731938837939
1782420953499949508|1544000.0|-0.889482090158184
1782420953599542310|1543000.0|-0.0100408862881476
1782420953699752377|1542000.0|-0.00997903733564014
1782420953800068460|1650000.0|1.07659705971574
1782420953899457166|1664000.0|0.140861075301655
1782420953999549824|1675000.0|0.109898170553129
1782420954099754211|1665000.0|-0.099796029888392
1782420954199448325|1685000.0|0.200613649066584
1782420954299816312|1693000.0|0.0797066897436132
1782420954400088715|1656000.0|-0.368994846967016
1782420954500146558|1670000.0|0.139919066614298
1782420954599460127|1577000.0|-0.936427931615266
1782420954699923586|1538000.0|-0.388200848230798
1782420954799500227|1562000.0|0.241020381476816
1782420954899497222|1532000.0|-0.300009015270909
1782420954999522312|1531000.0|-0.0099974916293502
1782420955099757083|1561000.0|0.299297336649774
1782420955199502524|1541000.0|-0.200510417313208
1782420955299606383|1659000.0|1.17877573530907
1782420955399470049|1659000.0|0.0
1782420955499503491|1654000.0|-0.0499832845899674
1782420955599549413|1710000.0|0.559742954840278
1782420955700137672|1652000.0|-0.576608051243834
1782420955799495609|1577000.0|-0.754846590665424
1782420955899452235|1532000.0|-0.45019526769541
1782420955999519213|1649000.0|1.16921688191683
1782420956099507871|1670000.0|0.210023820901767
1782420956199566721|1617000.0|-0.529688278448133
1782420956299558003|1546000.0|-0.710061903196721
1782420956399555157|1554000.0|0.0800022768647996
1782420956499626470|1546000.0|-0.0799429902553592
1782420956599592136|1547000.0|0.0100034345792284
1782420956699483562|1543000.0|-0.0400434768045057
1782420956799431772|1534000.0|-0.0900466351523454
1782420956900213087|1531000.0|-0.0297674226616313
1782420956999553967|1539000.0|0.0805307945731908
1782420957099440305|1543000.0|0.040045516535004
1782420957200683876|1567000.0|0.237052088966716
1782420957300085429|1545000.0|-0.2213245098897
1782420957399516678|1541000.0|-0.0402288017120252
1782420957499604152|1594000.0|0.529536792985704
1782420957599607545|1538000.0|-0.559980999844675
1782420957700374221|1540000.0|0.0198478314398304
1782420957799645421|1559000.0|0.191394885928648
1782420957899527934|1650000.0|0.91107038926824
1782420957999462832|1685000.0|0.350228005436099
1782420958099461153|1676000.0|-0.0900015111253718
1782420958199624770|1682000.0|0.0599019901607587
1782420958299666756|1684000.0|0.0199916063241687
1782420958399447141|1680000.0|-0.0400880393476133
1782420958499714855|1682000.0|0.0199466001588507
1782420958599502008|1688000.0|0.0601279806028738
1782420958699429097|1676000.0|-0.120087557038712
1782420958799466763|1671000.0|-0.0499811740909669
1782420958899637372|1664000.0|-0.069880777104989
1782420958999794670|1677000.0|0.129795833749429
1782420959099996735|1668000.0|-0.0898185082313423
1782420959199478687|1647000.0|-0.211093565996775
1782420959299441552|1546000.0|-1.01037520283157
1782420959399453777|1583000.0|0.369954773028997
1782420959500319908|1580000.0|-0.0297423919234099
1782420959599491299|1569000.0|-0.110919085525381
1782420959700073894|1621000.0|0.516988053450003
1782420959799493206|1678000.0|0.57332925417951
1782420959900165176|1580000.0|-0.973458649910198
1782420959999872680|1538000.0|-0.421232087005207
1782420960100209722|1561000.0|0.22922740736168
1782420960199446217|1546000.0|-0.151154068873553
1782420960299507802|1544000.0|-0.0199876905807558
1782420960399592219|1567000.0|0.229806004665042
1782420960500089180|1553000.0|-0.139307695085427
1782420960599440508|1544000.0|-0.0905876165037271
1782420960699526716|1532000.0|-0.119896639505016
1782420960799435101|1527000.0|-0.050045849505024
1782420960899436942|1574000.0|0.469991347459293
1782420960999465423|1544000.0|-0.299914581328092
1782420961099444992|1538000.0|-0.0600122611050664
1782420961199588672|1537000.0|-0.00998565261432374
1782420961299564945|1538000.0|0.0100023732631041
1782420961399982738|1564000.0|0.258918257643842
1782420961500405075|1539000.0|-0.248948597959834
1782420961599775059|1539000.0|0.0
1782420961700490437|1543000.0|0.0397158813225126
1782420961799494915|1535000.0|-0.0808044258361728
1782420961899519284|1702000.0|1.66959313684848
1782420961999524517|1675000.0|-0.269985871639337
1782420962099728677|1672000.0|-0.0299388767891473
1782420962199516485|1671000.0|-0.0100212643211884
1782420962299785734|1665000.0|-0.0598388844021361
1782420962399469062|1679000.0|0.140444749196175
1782420962499460918|1671000.0|-0.0800065157306411
1782420962599565543|1689000.0|0.179811871829099
1782420962699594375|1680000.0|-0.0899740586794016
1782420962799987192|1669000.0|-0.109569592015732
1782420962899636584|1654000.0|-0.150527762377115
1782420962999459144|1538000.0|-1.1620619627467
1782420963099942776|1534000.0|-0.0398074782965648
1782420963199589688|1540000.0|0.0602126034773662
1782420963299932936|1534000.0|-0.0597947556969653
1782420963399478215|1583000.0|0.492238310970026
1782420963499456087|1590000.0|0.0700154930282973
1782420963599560743|1556000.0|-0.339644541608534
1782420963699646135|1557000.0|0.00999146808557237
1782420963799572327|1553000.0|-0.0400295450065785
1782420963900027368|1547000.0|-0.059728212146168
1782420963999494471|1532000.0|-0.150803628009554
1782420964100016839|1531000.0|-0.00994803465035762
1782420964199746199|1655000.0|1.24336504315279
1782420964299898183|1563000.0|-0.918603869095594
1782420964399592566|1528000.0|-0.351072938582708
1782420964499604005|1561000.0|0.32996225561758
1782420964599511237|1551000.0|-0.100092854138928
1782420964699672229|1527000.0|-0.239614240242349
1782420964800121221|1558000.0|0.308614346274376
1782420964900004213|1530000.0|-0.280328006193487
1782420964999547140|1585000.0|0.552525444625513
1782420965099595683|1590000.0|0.0499757402763976
1782420965199522082|1540000.0|-0.500368276054859
1782420965300286531|1542000.0|0.0198482700977207
1782420965400188482|1539000.0|-0.0300294435691251
1782420965500060978|1644000.0|1.05134050119264
1782420965600138785|1620000.0|-0.239813408381341
1782420965700363617|1540000.0|-0.798205378882551
1782420965799605343|1534000.0|-0.0604584406361494
1782420965899627422|1532000.0|-0.0199955851747493
1782420966000151503|1544000.0|0.119374381547442
1782420966100227518|1541000.0|-0.0299772128216736
1782420966199504988|1541000.0|0.0
1782420966299914252|1533000.0|-0.0796739233144862
1782420966399903291|1585000.0|0.520057003448148
1782420966499775050|1613000.0|0.280359535872398
1782420966599559752|1699000.0|0.861855557778787
1782420966699566200|1761000.0|0.619960024977589
1782420966799560327|1746000.0|-0.150008810017412
1782420966899641862|1743000.0|-0.0299755594276207
1782420966999519445|1736000.0|-0.0700857969300278
1782420967099535780|1740000.0|0.0399934670671546
1782420967199516323|1746000.0|0.0600116764718911
1782420967299560722|1744000.0|-0.0199911241407927
1782420967399555329|1713000.0|-0.310016719201667
1782420967499504927|1681000.0|-0.320161367732565
1782420967599665631|1679000.0|-0.0199679107686783
1782420967699526589|1759000.0|0.801113884767659
1782420967799462060|1648000.0|-1.11071673440154
1782420967899529195|1668000.0|0.199865820081688
1782420967999936171|1698000.0|0.298784020743738
1782420968099499240|1652000.0|-0.462018702938938
1782420968199484663|1682000.0|0.300043737375597
1782420968299459814|1677000.0|-0.0500124275881314
1782420968399762533|1680000.0|0.0299094583866665
1782420968500122532|1673000.0|-0.0697489046407822
1782420968599646050|1677000.0|0.0401915052882275
1782420968699519072|1769000.0|0.921169682839876
1782420968799473855|1622000.0|-1.47066499058879
1782420968899465005|1643000.0|0.210018586644918
1782420968999543916|1615000.0|-0.279779223417009
1782420969100198843|1615000.0|0.0
1782420969199458233|1639000.0|0.241790726298036
1782420969300266232|1640000.0|0.00991984772954376
1782420969400132119|1635000.0|-0.0500671465522556
1782420969500176261|1635000.0|0.0
1782420969599540706|1653000.0|0.18115131624798
1782420969700174066|1762000.0|1.08313982560058
1782420969800212112|1651000.0|-1.10957785001118
1782420969900334559|1654000.0|0.0299633108247944
1782420970000046253|1658000.0|0.040115655842734
1782420970099465850|0.0|-16.6767926045808
1782420970199710152|1657000.0|16.5296178130903
1782420970300258055|1663000.0|0.0596730495712079
1782420970399510676|1653000.0|-0.100753006814802
1782420970500166835|1665000.0|0.119217742055903
1782420970602524822|1671000.0|0.0586177998987026
1782420970699834623|1687000.0|0.164423314358643
1782420970800209566|1778000.0|0.906600763897819
1782420970899613243|1645000.0|-1.33797867457157
1782420970999748713|1645000.0|0.0
1782420971100040376|1647000.0|0.0199418370398345
1782420971199832245|1652000.0|0.0501042825443023
1782420971299495874|1667000.0|0.150506259409839
1782420971399510000|1671000.0|0.0399943503980628
1782420971499586958|1674000.0|0.0299769303539382
1782420971599547036|1672000.0|-0.0200079875888052
1782420971699487562|1681000.0|0.0900535584533546
1782420971799570920|1759000.0|0.779350349135967
1782420971899481541|1638000.0|-1.21108245338601
1782420971999630372|1654000.0|0.159762224283976
1782420972100029074|1649000.0|-0.0498014406600595
1782420972199718943|1653000.0|0.0401244383218118
1782420972299934157|1646000.0|-0.0698496737231934
1782420972399457994|1649000.0|0.0301435323479339
1782420972500021832|1643000.0|-0.0596635939849472
1782420972599622373|1646000.0|0.0301203183223673
1782420972699863859|1685000.0|0.389060473425145
1782420972799744832|1742000.0|0.570679262405664
1782420972899821773|1637000.0|-1.04919274061344
1782420972999455322|1638000.0|0.0100367798802389
1782420973100190841|1641000.0|0.0297809554145445
1782420973199768837|1634000.0|-0.0702966546946777
1782420973300096083|1643000.0|0.0897064392657604
1782420973399599615|1639000.0|-0.0401995780411091
1782420973500399390|1640000.0|0.00992065706495873
1782420973599588906|1630000.0|-0.100817106517588
1782420973699638552|1685000.0|0.549727082492626
1782420973799458325|1746000.0|0.611101369665507
1782420973900325956|1641000.0|-1.0409682368767
1782420974000007473|1657000.0|0.160511200887924
1782420974100236910|1651000.0|-0.0598626529250084
1782420974199452810|1652000.0|0.0100790296716554
1782420974300020056|1660000.0|0.0795487628248267
1782420974399735605|1647000.0|-0.130370841161392
1782420974499756546|1652000.0|0.0499895316921683
1782420974603967479|1662000.0|0.0959592214763109
1782420974699633387|1691000.0|0.303138292483462
1782420974800385722|1753000.0|0.615370353451362
1782420974900072454|1657000.0|-0.963016823542776
1782420974999457090|1662000.0|0.050309587087485
1782420975099736863|1671000.0|0.0897489067910036
1782420975200125693|1666000.0|-0.0498063380158928
1782420975299611336|1661000.0|-0.0502585081547897
1782420975400406263|1673000.0|0.119053610704039
1782420975499549458|1660000.0|-0.131123472468282
1782420975602776149|1662000.0|0.0193748339758367
1782420975699461164|1700000.0|0.393028847334822
1782420975799532200|1749000.0|0.489652170684033
1782420975899593749|1662000.0|-0.869464853077579
1782420975999526050|1661000.0|-0.0100067744862595
1782420976099524190|1665000.0|0.0400007440138387
1782420976199503467|1664000.0|-0.0100020727295317
1782420976299507592|1663000.0|-0.00999958751701492
1782420976400407046|1672000.0|0.0891977076506281
1782420976500132609|1659000.0|-0.130357749898088
1782420976599575757|1663000.0|0.040223988082115
1782420976699602953|1706000.0|0.429883088995117
1782420976800380247|1736000.0|0.297686103776511
1782420976900187539|1644000.0|-0.921776336743011
1782420976999731935|1648000.0|0.0401830757002132
1782420977099881548|1657000.0|0.0898655494554931
1782420977199457304|1666000.0|0.0903834463481251
1782420977299976389|1659000.0|-0.0696385169045261
1782420977399632912|1646000.0|-0.130448059079886
1782420977499600172|1663000.0|0.170055676228397
1782420977601961581|1665000.0|0.0195386134241274
1782420977699520085|1717000.0|0.533013503364094
1782420977799670289|1709000.0|-0.0798800170192364
1782420977900109470|1649000.0|-0.59737643619376
1782420977999627641|1654000.0|0.050242080916057
1782420978099461845|1648000.0|-0.060099642803783
1782420978200331347|1663000.0|0.148706989749984
1782420978299541933|1654000.0|-0.0907161257973015
1782420978399477289|1655000.0|0.0100064685815499
1782420978499485221|1647000.0|-0.0799936549032931
1782420978599777762|1644000.0|-0.029912493691829
1782420978699544206|1695000.0|0.511193924081327
1782420978799506954|1723000.0|0.280104344470402
1782420978899547750|1664000.0|-0.58975940175446
1782420978999461202|1662000.0|-0.0200173245940897
1782420979099583294|1652000.0|-0.0998780568827907
1782420979199571210|1646000.0|-0.0600072512762442
1782420979299617110|1654000.0|0.0799632968467473
1782420979399682882|1730000.0|0.759500461356557
1782420979500168542|1628000.0|-1.01507021001803
1782420979600299354|1673000.0|0.449412115024095
1782420979699646101|1715000.0|0.422761703511037
1782420979800028257|1673000.0|-0.418401055263248
1782420979899802412|1643000.0|-0.300679068642576
1782420979999455847|1637000.0|-0.0602086621499801
1782420980100377541|1647000.0|0.0990867236136563
1782420980199493455|1653000.0|0.0605351830786729
1782420980299507258|1663000.0|0.0999861989049651
1782420980399613541|1660000.0|-0.0299681489522491
1782420980499499392|1644000.0|-0.160182847118157
1782420980599465244|1653000.0|0.0900307436983581
1782420980700128904|1758000.0|1.04307751178529
1782420980799833443|1637000.0|-1.21358567236342
1782420980899743103|1633000.0|-0.0400361686747808
1782420980999525274|1636000.0|0.0300654913591728
1782420981099515125|1649000.0|0.130013195039165
1782420981199508544|1637000.0|-0.120007897719749
1782420981299677163|1647000.0|0.0998316648450549
1782420981399548886|1652000.0|0.050064220880619
1782420981499535618|1652000.0|0.0
1782420981599719757|1649000.0|-0.0299448598345493
1782420981699798168|1651000.0|0.0199843300869355
1782420981800305013|1737000.0|0.855663114288385
1782420981899613711|1653000.0|-0.845847359714655
1782420981999527561|1651000.0|-0.0200172448564438
1782420982099464708|1650000.0|-0.0100062892529842
1782420982200245825|1650000.0|0.0
1782420982300332956|1651000.0|0.0099912944852021
1782420982399896775|1665000.0|0.140613328622921
1782420982499907810|1670000.0|0.0499944831087889
1782420982599601980|1655000.0|-0.150460152283729
1782420982699563959|1686000.0|0.310117909930535
1782420982800505444|1730000.0|0.43589610356931
1782420982899711853|1631000.0|-0.99791939853402
1782420982999461272|1648000.0|0.17042705782577
1782420983099472658|1654000.0|0.0599931691777574
1782420983199456589|1656000.0|0.0200032143165085
1782420983300312713|1661000.0|0.0495755716331117
1782420983399561843|1651000.0|-0.100756550712334
1782420983499457406|1641000.0|-0.100104546184899
1782420983599467897|1676000.0|0.349963285351734
1782420983699589556|1705000.0|0.289647617604898
1782420983800119280|1746000.0|0.407839575885039
1782420983899457769|1652000.0|-0.946259611418088
1782420983999450260|1657000.0|0.0500037547819466
1782420984099730399|1657000.0|0.0
1782420984199964362|1658000.0|0.00997665831091603
1782420984299458147|1651000.0|-0.0703561534019436
1782420984399584174|1695000.0|0.439446179163785
1782420984499460840|1672000.0|-0.230284018491366
1782420984599586659|1659000.0|-0.129836640836865
1782420984699534637|1692000.0|0.330171761954004
1782420984800249577|1737000.0|0.446805607986263
1782420984899454850|1624000.0|-1.13905235662221
1782420985000489055|1631000.0|0.0692834669209304
1782420985099903352|1637000.0|0.0603534922145051
1782420985199456193|1639000.0|0.0200898334985739
1782420985299456443|1638000.0|-0.0099999750000625
1782420985400440999|1633000.0|-0.049512521498832
1782420985500065073|1633000.0|0.0
1782420985599540122|1632000.0|-0.0100527721278127
1782420985700571446|1690000.0|0.574079381558931
1782420985799993519|1755000.0|0.653778361672262
1782420985899428585|1654000.0|-1.01573825072938
1782420985999462483|1678000.0|0.239918672368441
1782420986100267614|1665000.0|-0.128961689460034
1782420986200213224|1656000.0|-0.0900489776389378
1782420986300098450|1675000.0|0.190218321175946
1782420986399486827|1670000.0|-0.0503076934237491
1782420986499457797|1663000.0|-0.0700203269008993
1782420986599453071|1669000.0|0.0600028357340168
1782420986700326874|1669000.0|0.0
1782420986800147476|1665000.0|-0.0400718881659319
1782420986899469565|1663000.0|-0.0201365076000365
1782420986999457095|1668000.0|0.0500062357776015
1782420987099452001|1656000.0|-0.120006113111402
1782420987200174284|1662000.0|0.059569737909932
1782420987299591924|1654000.0|-0.0804686170381836
1782420987400081935|1660000.0|0.0597074270396886
1782420987499457800|1653000.0|-0.070439638437361
1782420987599560881|1655000.0|0.0199794050295015
1782420987699939996|1651000.0|-0.0398489267413844
1782420987799899910|1659000.0|0.0800320816602543
1782420987899602815|1653000.0|-0.0601787881707158
1782420987999461865|0.0|-16.5533319213431
1782420988100395875|1659000.0|16.4364816180394
1782420988199521627|1657000.0|-0.0201763917009174
1782420988299578181|1668000.0|0.109937825762019
1782420988399949791|1656000.0|-0.119555718992651
1782420988500200377|1657000.0|0.00997500403638538
1782420988599539825|1651000.0|-0.060398966581735
1782420988700026236|1655000.0|0.039806377401617
1782420988799623557|1746000.0|0.913679194242584
1782420988899542254|1652000.0|-0.940764870062307
1782420988999503815|1652000.0|0.0
1782420989099488672|1668000.0|0.160024232469523
1782420989199478666|1655000.0|-0.130013009101691
1782420989299819507|1660000.0|0.0498301583898425
1782420989399827564|1648000.0|-0.11999033237892
1782420989500168759|1650000.0|0.0199319930363596
1782420989599543359|1658000.0|0.0805034686932073
1782420989699590984|1649000.0|-0.0899571579035484
1782420989800382291|1774000.0|1.24018631884593
1782420989900462620|1664000.0|-1.09911709023259
1782420989999985636|1662000.0|-0.0200958540082829
1782420990100268494|1663000.0|0.00997179398297563
1782420990200078887|1654000.0|-0.0901709704719828
1782420990300327377|1646000.0|-0.0798017007537969
1782420990399870506|1648000.0|0.0200917935782388
1782420990499989891|1650000.0|0.0199761514715657
1782420990599771403|1650000.0|0.0
1782420990699450611|1659000.0|0.0902896419481985
1782420990799870509|1741000.0|0.81657123372103
1782420990900079606|1648000.0|-0.928059455520291
1782420991000198512|1648000.0|0.0
1782420991100577481|1654000.0|0.0597734770517517
1782420991279057171|3323000.0|9.35120405016391
1782420991299498633|0.0|-162.561758058205
1782420991399758466|1656000.0|16.5170831672939
1782420991499482042|1668000.0|0.120332628264353
1782420991599818963|1653000.0|-0.149496315518791
1782420991701037966|1660000.0|0.0691569744072662
1782420991800095541|1760000.0|1.00951391148027
1782420991899466509|1649000.0|-1.11702645384314
1782420992000154311|1658000.0|0.0893852067601992
1782420992099845967|1665000.0|0.070216508390632
1782420992199984888|1668000.0|0.029958381516813
1782420992300284641|1651000.0|-0.169491942816649
1782420992400023145|1658000.0|0.0701835271160674
1782420992499886945|1656000.0|-0.0200272771514803
1782420992599461353|1654000.0|-0.0200854822054277
1782420992699657106|1647000.0|-0.0698632406106075
1782420992799539034|1752000.0|1.05124122153509
1782420992899566707|1658000.0|-0.939739945764808
1782420992999573211|1653000.0|-0.0499967482114963
1782420993099535524|1659000.0|0.0600226207250727
1782420993199644796|1650000.0|-0.0899017625460307
1782420993299758725|1652000.0|0.0199772401300922
1782420993399486877|1662000.0|0.10027258902782
1782420993499579749|1659000.0|-0.0299721642516162
1782420993599557805|1656000.0|-0.0300065846449345
1782420993699634550|1656000.0|0.0
1782420993799486557|1680000.0|0.240355709625346
1782420993899842615|1724000.0|0.438438903210009
1782420993999486990|1651000.0|-0.732605327696621
1782420994099653815|1655000.0|0.0399333811369183
1782420994199679727|1648000.0|-0.0699818662988047
1782420994300186936|1652000.0|0.0397981402508152
1782420994399566783|1661000.0|0.0905616206070432
1782420994499556951|1665000.0|0.0400039331867109
1782420994599460479|1658000.0|-0.0700675956108377
1782420994699973224|1660000.0|0.0198979741325341
1782420994799898159|1687000.0|0.270202827752653
1782420994899649127|1741000.0|0.541348130075289
1782420995000296801|1665000.0|-0.755109353048735
1782420995099638615|1670000.0|0.0503312733951083
1782420995199691823|1662000.0|-0.0799574562366856
1782420995299754727|1666000.0|0.0399748542177029
1782420995399448878|1654000.0|-0.120368144767089
1782420995499979543|1657000.0|0.0298416408565486
1782420995599891007|1659000.0|0.0200177228911389
1782420995699763766|1649000.0|-0.10012740310899
1782420995799435197|1700000.0|0.511681225887085
1782420995899681686|1733000.0|0.329188586345403
1782420996000050814|1650000.0|-0.826947505212958
1782420996099456084|1660000.0|0.100598288199408
1782420996199460220|1662000.0|0.0199991728342116
1782420996299455540|1653000.0|-0.0900042121971308
1782420996399539068|1658000.0|0.0499582708555198
1782420996499616547|1645000.0|-0.129899355278524
1782420996599541659|1655000.0|0.100074944124156
1782420996699541810|1655000.0|0.0
1782420996799550026|1711000.0|0.559953994179838
1782420996899773809|1706000.0|-0.049888358335067
1782420996999488856|1653000.0|-0.531514566703258
1782420997099432400|1655000.0|0.0200112975781607
1782420997199781544|1661000.0|0.0597912424644101
1782420997299538270|1663000.0|0.0200487734531304
1782420997399772694|1656000.0|-0.0698362869826039
1782420997499815134|1663000.0|0.0699703046027266
1782420997599441204|1668000.0|0.0501876667422493
1782420997699795020|1655000.0|-0.129541660877151
1782420997799487875|1748000.0|0.932865248968946
1782420997899614363|1681000.0|-0.669153600993176
1782420997999459234|1655000.0|-0.260403962062308
1782420998100013562|1672000.0|0.169062837354947
1782420998199930833|1656000.0|-0.160132475996067
1782420998299451879|1678000.0|0.221058769820406
1782420998399706270|1661000.0|-0.169568632659691
1782420998499876422|1653000.0|-0.079864109620199
1782420998599757213|1663000.0|0.100119351277464
1782420998699596660|1664000.0|0.0100160811187185
1782420998799780123|1728000.0|0.638827987010192
1782420998899513410|1695000.0|-0.330882506659988
1782420998999547129|1657000.0|-0.379871910990333
1782420999099720720|1659000.0|0.0199653419632326
1782420999199578791|1660000.0|0.0100142130724716
1782420999299809263|1664000.0|0.0399080231808147
1782420999399508245|1663000.0|-0.0100301926854178
1782420999499594076|1658000.0|-0.0499571213032142
1782420999599793940|1667000.0|0.0898204811934675
1782420999699486522|1657000.0|-0.100308365972505
1782420999799578145|1800000.0|1.42869099045382
1782420999899538216|1652000.0|-1.48059118525436
1782420999999484510|1672000.0|0.200107469717687
1782421000099450213|1662000.0|-0.100034308766878
1782421000199469099|1666000.0|0.0399924470264546
1782421000299736291|1655000.0|-0.109706872014527
1782421000399487833|1657000.0|0.0200498153702727
1782421000499526768|1655000.0|-0.0199922160306885
1782421000599550470|1664000.0|0.0899786732548651
1782421000699501740|1674000.0|0.100048753757706
1782421000799720563|1761000.0|0.868100396668997
1782421000899806538|1630000.0|-1.30887469498099
1782421000999476608|1626000.0|-0.0401324088565404
1782421001099439654|1624000.0|-0.0200073935322059
1782421001199512396|1627000.0|0.0299781932626569
1782421001299708835|1612000.0|-0.149705919189404
1782421001399735177|1628000.0|0.159957863899492
1782421001500262577|1632000.0|0.0397901467659563
1782421001600184263|1625000.0|-0.070054862765226
1782421001699516780|1644000.0|0.191276739720589
1782421001800697540|1781000.0|1.35401236361538
1782421001899682217|1644000.0|-1.38405260442482
1782421001999513663|1654000.0|0.100168838584187
1782421002099886582|1656000.0|0.0199256933037884
1782421002199601499|1654000.0|-0.0200571796093457
1782421002299535105|1655000.0|0.0100066438110919
1782421002399618664|1651000.0|-0.0399666043051087
1782421002499520989|1640000.0|-0.110107547547067
1782421002599517236|1647000.0|0.0700026271985988
1782421002699500586|1641000.0|-0.060009991663612
1782421002799489264|1768000.0|1.27014380568168
1782421002899515942|1662000.0|-1.05971728862174
1782421002999939293|1632000.0|-0.298735301115375
1782421003099897507|1624000.0|-0.0800334427743977
1782421003200490842|1656000.0|0.318112527037701
1782421003299569006|1651000.0|-0.0504652064404423
1782421003399612211|1668000.0|0.16992658321972
1782421003499862042|1615000.0|-0.528679195479143
1782421003599496831|1631000.0|0.160586479487601
1782421003699817045|1659000.0|0.279106262672047
1782421003799634971|1764000.0|1.05191526419814
1782421003899481264|1658000.0|-1.06163180239451
1782421003999677446|1667000.0|0.0898237819081769
1782421004099536988|1652000.0|-0.150210983342984
1782421004199642529|1665000.0|0.129862941353067
1782421004299508311|1676000.0|0.11014783822551
1782421004399552637|1668000.0|-0.07996455491139
1782421004499498578|1664000.0|-0.0400216352958246
1782421004599541576|1654000.0|-0.0999570204803339
1782421004699527165|1671000.0|0.170024502231017
1782421004799981588|1773000.0|1.01538585314456
1782421004899888265|1617000.0|-1.56145719870154
1782421004999556494|1640000.0|0.230765613383177
1782421005099707028|1657000.0|0.16974447684922
1782421005199563961|1661000.0|0.0400573087899665
1782421005299552270|1663000.0|0.0200023384733909
1782421005399551395|1657000.0|-0.0600005250045938
1782421005499986170|1669000.0|0.119480528532075
1782421005599620718|1673000.0|0.0401467169801383
1782421005699518755|1643000.0|-0.300306201211942
1782421005799722889|1775000.0|1.31731092052549
1782421005899748526|0.0|-17.74545059883
1782421005999821939|1662000.0|16.6078077101258
1782421006099530056|1652000.0|-0.100292737450854
1782421006200097294|1655000.0|0.0298307884323123
1782421006299465282|1661000.0|0.0603816190783696
1782421006399632855|1658000.0|-0.0299498122012001
1782421006499929261|1658000.0|0.0
1782421006600191219|1654000.0|-0.0398954905708105
1782421006699537415|1660000.0|0.0603948640368676
1782421006799460588|1649000.0|-0.110084574676186
1782421006899449217|1770000.0|1.21013760474704
1782421007000152967|1664000.0|-1.05259238111788
1782421007099719467|1664000.0|0.0
1782421007200288977|1663000.0|-0.0099433715049422
1782421007300226166|1674000.0|0.110069135524714
1782421007399903642|1672000.0|-0.0200647135166224
1782421007499892478|1660000.0|-0.120013398295786
1782421007599992196|1661000.0|0.00999003813377376
1782421007699975672|1670000.0|0.0900148740577893
1782421007799478028|1662000.0|-0.0804001063050206
1782421007900250291|1741000.0|0.783945876059169
1782421008000096151|1657000.0|-0.841296774848752
1782421008099895884|1658000.0|0.0100200668873533
1782421008200238961|1646000.0|-0.119589715192808
1782421008299558404|1649000.0|0.0302055660944454
1782421008399505513|1664000.0|0.150079378484074
1782421008500002158|1658000.0|-0.0597034856238236
1782421008599518242|1658000.0|0.0
1782421008699526887|1665000.0|0.0699939490231069
1782421008799669132|1658000.0|-0.069900569934297
1782421008899543008|1739000.0|0.811022894515479
1782421009000070725|1657000.0|-0.815695436513295
1782421009100373162|1661000.0|0.0398793899693584
1782421009199459533|1668000.0|0.0706454372014492
1782421009300069427|1662000.0|-0.0596362818948999
1782421009399924423|1654000.0|-0.0801161716535445
1782421009499515626|1676000.0|0.220903045020954
1782421009599517807|1667000.0|-0.0899980371428099
1782421009699730659|1655000.0|-0.119745120116929
1782421009799566887|1658000.0|0.0300492121957973
1782421009900273389|1737000.0|0.784457790024322
1782421009999914689|1620000.0|-1.17421189807841
1782421010100189333|1621000.0|0.00997261082273202
1782421010199516312|1635000.0|0.14094861376988
1782421010299702252|1663000.0|0.279480334266465
1782421010399517232|1668000.0|0.0500926814792729
1782421010499548660|1683000.0|0.149952872811133
1782421010599548360|1662000.0|-0.21000063000189
1782421010699752173|1668000.0|0.0598779609314867
1782421010799659489|1664000.0|-0.0400371079931724
1782421010899457861|1739000.0|0.751515265198915
1782421010999993834|1660000.0|-0.785788386411698
1782421011099620621|1664000.0|0.0401498444389259
1782421011199560321|1664000.0|0.0
1782421011299796517|1665000.0|0.00997643605709059
1782421011399541769|1674000.0|0.0902298587605954
1782421011499848061|1671000.0|-0.0299083929849585
1782421011599467552|1658000.0|-0.130496551121708
1782421011699965077|1657000.0|-0.00995049380569323
1782421011799595768|1667000.0|0.100370677947019
1782421011899943053|1764000.0|0.966642993878708
1782421011999623344|1669000.0|-0.953046976959568
1782421012099634660|1657000.0|-0.119986422336448
1782421012199761464|1659000.0|0.0199746713177822
1782421012299666427|1662000.0|0.0300285382218699
1782421012399655935|1653000.0|-0.0900094437908425
1782421012499644194|1657000.0|0.0400046969514691
1782421012599652982|1658000.0|0.00999912127722216
1782421012699550345|1659000.0|0.010010274245177
1782421012799463309|1651000.0|-0.080069689454914
1782421012899499808|1757000.0|1.05961325175924
1782421012999723541|1643000.0|-1.13745513749722
1782421013099638440|1673000.0|0.300255520450459
1782421013199467019|1667000.0|-0.0601030292137084
1782421013299720799|1673000.0|0.0598481174475416
1782421013399457490|1665000.0|-0.0802112033173429
1782421013499509317|1663000.0|-0.0199896399692931
1782421013599583081|1669000.0|0.0599557742227024
1782421013699519948|1659000.0|-0.100063172882936
1782421013799496783|1640000.0|-0.19004402369809
1782421013899459890|1734000.0|0.940346922190004
1782421013999459654|1655000.0|-0.7900018644044
1782421014099512777|1655000.0|0.0
1782421014199509468|1662000.0|0.0700023163766489
1782421014299546416|1664000.0|0.019992613129301
1782421014399479075|1673000.0|0.0900606477407951
1782421014499479110|1655000.0|-0.179999937000022
1782421014599657481|1655000.0|0.0
1782421014699502028|1650000.0|-0.0500778475162995
1782421014799575183|1657000.0|0.0699488289341932
1782421014899511859|1772000.0|1.15072868743403
1782421014999504278|1659000.0|-1.13008567179478
1782421015099466040|1660000.0|0.010003825262704
1782421015199508747|1657000.0|-0.0299871933693278
1782421015299507390|1652000.0|-0.0500006785092074
1782421015400343907|1664000.0|0.119004507067613
1782421015499547892|1663000.0|-0.0100802402242208
1782421015599479831|1656000.0|-0.0700476751481826
1782421015699457418|1654000.0|-0.0200044836049104
1782421015799579997|1658000.0|0.0399510284288622
1782421015900137345|1779000.0|1.2032934679224
1782421015999692435|1668000.0|-1.11496057107678
1782421016099600917|1659000.0|-0.0900824416489483
1782421016199931656|1653000.0|-0.0598022107661342
1782421016299750539|1647000.0|-0.0601088673773278
1782421016399721774|1648000.0|0.0100028773276633
1782421016499771600|1651000.0|0.0299850596441817
1782421016599492035|1655000.0|0.040112139502801
1782421016699476837|1656000.0|0.0100015200310143
1782421016799936457|1655000.0|-0.00995424828403691
1782421016899558635|1767000.0|1.12424765497498
1782421017000277855|1668000.0|-0.982930566777622
1782421017099493391|1666000.0|-0.0201581332988011
1782421017200051299|1661000.0|-0.0497225936720959
1782421017299611380|1654000.0|-0.0703093039870066
1782421017399609143|1653000.0|-0.0100002237050043
1782421017499534249|1647000.0|-0.0600449700798916
1782421017600227597|1663000.0|0.158898281940134
1782421017700213279|1667000.0|0.0400057280201379
1782421017799566929|1677000.0|0.100650554861346
1782421017899489779|1763000.0|0.860664002277757
1782421017999874246|1661000.0|-1.01609345597263
1782421018099618776|1664000.0|0.0300768372962407
1782421018199491274|1661000.0|-0.0300382994325425
1782421018299527260|1663000.0|0.0199928053890527
1782421018399517534|1656000.0|-0.0700068088622299
1782421018499624465|1650000.0|-0.0599359099321504
1782421018599546979|1657000.0|0.0700542822611529
1782421018699502485|1650000.0|-0.070031159664181
1782421018799506327|1689000.0|0.389985016775656
1782421018899716105|1754000.0|0.648639297454586
1782421018999516891|1646000.0|-1.0821558058671
1782421019099621869|1661000.0|0.149842698132355
1782421019199503935|1658000.0|-0.0300354219745515
1782421019299475057|1661000.0|0.0300086659025393
1782421019399460803|1658000.0|-0.0300042768096164
1782421019499633109|1660000.0|0.0199655980765782
1782421019599659879|1668000.0|0.0799785897315289
1782421019699632585|1661000.0|-0.0700191110161607
1782421019799675163|1654000.0|-0.0699702080848017
1782421019899514364|1776000.0|1.22196490735137
1782421019999462366|1663000.0|-1.13058788308745
1782421020100066065|1661000.0|-0.0198799847309789
1782421020199505314|1664000.0|0.030169173944586
1782421020299743124|1657000.0|-0.0698339279359755
1782421020399466661|1652000.0|-0.050138614718409
1782421020500102648|1651000.0|-0.00993680322328433
1782421020599646505|1655000.0|0.0401832932794637
1782421020700222588|1652000.0|-0.029828165012153
1782421020799470444|1642000.0|-0.100757844078768
1782421020899623230|1765000.0|1.22812359907791
1782421020999532832|1625000.0|-1.40126671708691
1782421021099521425|1628000.0|0.0300034224904035
1782421021199509842|1657000.0|0.290033594591261
1782421021299465268|1652000.0|-0.0500222969386374
1782421021399513429|1646000.0|-0.0599711173101922
1782421021499557703|1650000.0|0.0399822982372784
1782421021599500280|1659000.0|0.0900517103936593
1782421021699514346|1658000.0|-0.00999859359782453
1782421021799502699|1653000.0|-0.0500058241783421
1782421021899836525|1757000.0|1.03653976077818
1782421021999689358|1641000.0|-1.16170965324539
1782421022099507023|1661000.0|0.200365336135643
1782421022200471474|1665000.0|0.0396179047217322
1782421022299777378|1630000.0|-0.352446315779976
1782421022399675939|1671000.0|0.41041632221309
1782421022499502212|1669000.0|-0.0200348058671889
1782421022599461942|1677000.0|0.0800322289786097
1782421022700274872|1626000.0|-0.505887488836997
1782421022799614680|1656000.0|0.301993738502092
1782421022899685866|1746000.0|0.899359781745766
1782421022999949899|1657000.0|-0.887656294456059
1782421023099464747|1658000.0|0.0100487517199443
1782421023199462556|1655000.0|-0.0300006573144018
1782421023299551566|1662000.0|0.0699377484101401
1782421023399647679|1653000.0|-0.0899135813595479
1782421023499835984|1662000.0|0.0898308440291509
1782421023599642289|1656000.0|-0.0601164425433844
1782421023699597202|0.0|-16.5674697750975
1782421023799559827|1648000.0|16.4861617029365
1782421023899551812|1656000.0|0.080006412513963
1782421023999734533|1728000.0|0.718686808277048
1782421024099867670|1652000.0|-0.758989504143868
1782421024199961351|1638000.0|-0.139868969350822
1782421024299535975|1640000.0|0.0200854386354499
1782421024399598808|1624000.0|-0.159899530328109
1782421024499557225|1617000.0|-0.0700291202090565
1782421024599784474|1641000.0|0.23945583900043
1782421024699447322|1602000.0|-0.391319340984516
1782421024799474986|1635000.0|0.329908734047813
1782421024899922860|1650000.0|0.149331184450952
1782421024999621436|1753000.0|1.03311405370524
1782421025099725997|1638000.0|-1.14879880448205
1782421025199808237|1676000.0|0.379687744798678
1782421025299761934|1666000.0|-0.10004632444961
1782421025400095279|1648000.0|-0.179401972494787
1782421025500377888|1667000.0|0.189464556112616
1782421025599829456|1688000.0|0.211158058362639
1782421025699967361|1670000.0|-0.179752112848776
1782421025799964305|1673000.0|0.0300009168280183
1782421025900152258|1666000.0|-0.0698686797204051
1782421025999452913|1758000.0|0.926479286566639
1782421026099884002|1673000.0|-0.846351471903287
1782421026199736002|1680000.0|0.0701037535552618
1782421026299527442|1675000.0|-0.0501044979409056
1782421026399605667|1677000.0|0.0199843672287353
1782421026499709555|1680000.0|0.0299688659445475
1782421026599734659|1683000.0|0.0299924706901579
1782421026699484627|1682000.0|-0.0100250658727028
1782421026799442579|1676000.0|-0.0600252394126682
1782421026899518468|1683000.0|0.0699469179834116
1782421026999505124|1756000.0|0.730097424200285
1782421027099640292|1667000.0|-0.8887986286696
1782421027199715620|1656000.0|-0.109917201570401
1782421027299446980|1665000.0|0.0902424272565821
1782421027399440884|1662000.0|-0.0300018289114904
1782421027500255829|1656000.0|-0.0595149856005972
1782421027599514500|1659000.0|0.0302240597196793
1782421027699486228|1667000.0|0.0800226239962562
1782421027799483844|1653000.0|-0.14000333767957
1782421027899539556|1700000.0|0.469738299398639
1782421027999474148|1762000.0|0.620405795022408
1782421028099507940|1656000.0|-1.05964192580043
1782421028199579972|1672000.0|0.159884831757988
1782421028299841988|1666000.0|-0.0598432012378447
1782421028399923028|1665000.0|-0.00999190256216362
1782421028499551044|1666000.0|0.0100373372887401
1782421028599490419|1659000.0|-0.0700424632433413
1782421028699592051|1662000.0|0.0299695413557293
1782421028799545011|1656000.0|-0.0600282372828178
1782421028900219556|1643000.0|-0.129128967009486
1782421028999671123|1749000.0|1.06584544816674
1782421029100045251|1642000.0|-1.06601175155415
1782421029200122707|1658000.0|0.159876166316618
1782421029299700161|1624000.0|-0.341442752693798
1782421029399824337|1665000.0|0.409491509822763
1782421029499515313|1677000.0|0.120371978302229
1782421029600408914|1670000.0|-0.0693800194523734
1782421029699511904|1667000.0|-0.030271538729558
1782421029799666047|1669000.0|0.0199692188469927
1782421029899784783|1675000.0|0.0599288428891072
1782421029999753583|1740000.0|0.650202863293348
1782421030099519102|1642000.0|-0.98230331463519
1782421030199616797|1679000.0|0.369638881294919
1782421030299468524|1659000.0|-0.200296986350572
1782421030399554348|1656000.0|-0.0299742748783284
1782421030499794124|1671000.0|0.1496411963251
1782421030600063419|1671000.0|0.0
1782421030699674298|1662000.0|-0.0903515769597817
1782421030799964858|1674000.0|0.119652338166224
1782421030899648953|1665000.0|-0.090285215510057
1782421030999482136|1732000.0|0.67111954148552
1782421031099556519|1651000.0|-0.809397945526179
1782421031199482726|1658000.0|0.070051693245997
1782421031299469718|1689000.0|0.310040330046132
1782421031399957990|1689000.0|0.0
1782421031499814965|1666000.0|-0.230329428665349
1782421031599901684|1655000.0|-0.109904691750361
1782421031699563442|1653000.0|-0.0200678779918773
1782421031799641057|1642000.0|-0.109914689713579
1782421031899955185|1653000.0|0.109655541241409
1782421031999834511|1752000.0|0.991196116001023
1782421032099790078|1647000.0|-1.05046675389276
1782421032199521068|1664000.0|0.170458550546826
1782421032300124908|1654000.0|-0.0993997843422279
1782421032399534858|1651000.0|-0.0301780656765243
1782421032500259802|1652000.0|0.00992802736132571
1782421032599934312|1647000.0|-0.0501632764485123
1782421032699563815|1651000.0|0.0401487499139688
1782421032799543269|1638000.0|-0.130026715288923
1782421032900085173|1693000.0|0.547035592244205
1782421032999684531|1727000.0|0.341367662229309
1782421033099547122|1676000.0|-0.510701750167888
1782421033199768833|1681000.0|0.0498893897351244
1782421033300051520|1683000.0|0.0199436219733522
1782421033399912366|1676000.0|-0.0700975435357317
1782421033499622700|1671000.0|-0.0501452537507296
1782421033599812363|1671000.0|0.0
1782421033699951946|1671000.0|0.0
1782421033799940697|1679000.0|0.0800090002124339
1782421033899469847|1714000.0|0.351655771198689
1782421033999710630|1708000.0|-0.0598558772231458
1782421034099747205|1637000.0|-0.709740412444149
1782421034199757299|1634000.0|-0.0299969721056357
1782421034300118162|1626000.0|-0.0797123476309685
1782421034399557407|1638000.0|0.120676700632633
1782421034499812318|1638000.0|0.0
1782421034599751132|1632000.0|-0.0600367340761118
1782421034699666363|1632000.0|0.0
1782421034799686137|1630000.0|-0.0199960459818675
1782421034899535144|1615000.0|-0.150226832000442
1782421034999542214|1752000.0|1.36990314784745
1782421035099551412|1661000.0|-0.909916305898184
1782421035199544114|1659000.0|-0.0200014597065294
1782421035299464368|1661000.0|0.0200159619289999
1782421035399532031|1651000.0|-0.0999323827518586
1782421035499649549|1654000.0|0.0299647859828087
1782421035599646683|1650000.0|-0.0400011464328568
1782421035700126971|1653000.0|0.0298566023218405
1782421035799782776|1664000.0|0.110379922173124
1782421035899546342|1657000.0|-0.0701658960346305
1782421035999779509|1748000.0|0.907883116174509
1782421036099463794|1650000.0|-0.983103806181686
1782421036199652209|1650000.0|0.0
1782421036299736719|1660000.0|0.0999155613590954
1782421036399788973|1675000.0|0.149921659935817
1782421036499645835|1651000.0|-0.240344023628541
1782421036599455801|1662000.0|0.110209435398465
1782421036700337016|1656000.0|-0.0594758895399902
1782421036799644341|1653000.0|-0.0302092519358466
1782421036899475331|1644000.0|-0.0901523665146464
1782421037000075906|1751000.0|1.063612210964
1782421037099650431|1660000.0|-0.913888366527483
1782421037199564813|1688000.0|0.280239935828257
1782421037299661307|1655000.0|-0.32968187676983
1782421037399478488|1653000.0|-0.0200366307680038
1782421037499934279|1651000.0|-0.0199092554056938
1782421037599665060|1654000.0|0.0300809837235708
1782421037699672578|1645000.0|-0.0899932343086447
1782421037799755552|1648000.0|0.0299751284369307
1782421037899695086|1650000.0|0.0200121005166984
1782421037999803916|1662000.0|0.119869545973117
1782421038099944521|1660000.0|-0.0199719184840156
1782421038199775639|1656000.0|-0.0400676670775138
1782421038299582884|1646000.0|-0.100193127262455
1782421038399547489|1649000.0|0.0300106222597488
1782421038499570351|1644000.0|-0.0499885716127579
1782421038599452668|1668000.0|0.240282771974543
1782421038699533850|1653000.0|-0.149878325777567
1782421038799653943|1642000.0|-0.109868056155321
1782421038899449509|1655000.0|0.130266308625375
1782421039000165107|1663000.0|0.0794315891367691
1782421039099989648|1652000.0|-0.110193344139694
1782421039199450700|1660000.0|0.0804334947110754
1782421039300286539|1656000.0|-0.039668435743367
1782421039399541335|1652000.0|-0.0403003195936245
1782421039500147365|1660000.0|0.0795180964799029
1782421039599647650|1655000.0|-0.0502511123460601
1782421039699559535|1670000.0|0.150132289066511
1782421039799989773|1645000.0|-0.248929012793936
1782421039899473961|1647000.0|0.0201036972830295
1782421040000017416|1660000.0|0.129297327210409
1782421040099547332|1669000.0|0.0904250738039405
1782421040199466113|1661000.0|-0.0800650280151036
1782421040299496814|1661000.0|0.0
1782421040399538908|1662000.0|0.00999579237115928
1782421040499534745|1650000.0|-0.120004995807975
1782421040599519110|1663000.0|0.130020328678389
1782421040699553235|1653000.0|-0.0999658866411837
1782421040799541072|1655000.0|0.0200024328959131
1782421040899541630|1660000.0|0.0499997210015568
1782421040999522859|1667000.0|0.0700131421669161
1782421041099540359|1654000.0|-0.129977253980553
1782421041199522660|1659000.0|0.0500088510665503
1782421041299510369|1648000.0|-0.11001352176196
1782421041399503870|0.0|-16.4810711048111
1782421041499501867|1652000.0|16.520330902228
1782421041599471383|1655000.0|0.0300091479886729
1782421041699629429|1658000.0|0.0299526610173685
1782421041799486865|1663000.0|0.0500713837675544
1782421041899472142|1653000.0|-0.100014725167986
1782421041999480571|1656000.0|0.0299974715131262
1782421042099460536|1652000.0|-0.0400080156059267
1782421042199559829|1660000.0|0.0799206443945613
1782421042299510289|1657000.0|-0.0300148693662841
1782421042399482526|1659000.0|0.0200055541419964
1782421042499482490|1654000.0|-0.0500000180000065
1782421042599560391|1662000.0|0.0799377277107361
1782421042699501220|1656000.0|-0.060035523619681
1782421042799484240|1652000.0|-0.0400067931534775
1782421042899530109|1644000.0|-0.0799633216240043
1782421042999697066|1646000.0|0.0199666642563575
1782421043099483798|1657000.0|0.110235096184932
1782421043199793811|1660000.0|0.0299072835331005
1782421043299452351|1654000.0|-0.0602055779665245
1782421043399440443|1651000.0|-0.0300035728254521
1782421043499598104|1652000.0|0.00998425871786283
1782421043600012789|1657000.0|0.0497935137674335
1782421043699558113|1652000.0|-0.0502283763725557
1782421043799508509|1644000.0|-0.0800397028942236
1782421043899670714|1660000.0|0.159740892285668
1782421043999563638|1655000.0|-0.0500535953877974
1782421044099603602|1662000.0|0.0699720363753829
1782421044199503630|1663000.0|0.0100100072044024
1782421044299727547|1660000.0|-0.0299329749804131
1782421044399598215|1652000.0|-0.0801035995874184
1782421044499746708|1664000.0|0.11982207260972
1782421044599575199|1653000.0|-0.110188984024611
1782421044699575372|1652000.0|-0.00999998270002993
1782421044799475175|1655000.0|0.0300300892485243
1782421044899474819|1666000.0|0.110000391601394
1782421044999441808|1667000.0|0.010003302190086
1782421045099936508|1657000.0|-0.0995077352337984
1782421045199584071|1655000.0|-0.0200707367023115
1782421045299451043|1654000.0|-0.0100133205200214
1782421045399438415|1658000.0|0.0400050518379461
1782421045499456347|1651000.0|-0.0699874498504928
1782421045599480087|1656000.0|0.0499881328172692
1782421045699482195|1657000.0|0.00999978920444357
1782421045799454319|1643000.0|-0.140039037282033
1782421045899448923|1650000.0|0.0700037774038287
1782421046000045432|1654000.0|0.0397628112522274
1782421046099881507|1645000.0|-0.0901477747397421
1782421046199624206|1655000.0|0.100257964745871
1782421046299581306|1644000.0|-0.110047210253199
1782421046399644806|1651000.0|0.069955578207838
1782421046499837362|1650000.0|-0.00998078140655479
1782421046600042367|1646000.0|-0.0399181657642749
1782421046699417897|1652000.0|0.0603770364797048
1782421046799624789|1651000.0|-0.00997935351592383
1782421046899630465|1650000.0|-0.00999943243221515
1782421046999535180|1645000.0|-0.0500476879394531
1782421047099594424|1648000.0|0.0299822373233202
1782421047199594004|1653000.0|0.050000210000882
1782421047299837200|1641000.0|-0.119708872809682
1782421047399594987|1657000.0|0.160388481753309
1782421047499561878|1658000.0|0.0100033119965689
1782421047600084515|1652000.0|-0.0596880481756562
1782421047699639758|1653000.0|0.0100446743924878
1782421047799486889|1653000.0|0.0
1782421047899570404|1645000.0|-0.0799332437514809
1782421047999478992|1655000.0|0.100091495637993
1782421048099810187|1644000.0|-0.109636888108429
1782421048199562182|1653000.0|0.0902237594345857
1782421048299838450|1645000.0|-0.0797795945098396
1782421048399568668|1647000.0|0.0200541023584246
1782421048499514551|1642000.0|-0.0500270731511772
1782421048599471011|1650000.0|0.0800348471724589
1782421048699543390|1631000.0|-0.189862579363682
1782421048799557194|1641000.0|0.0999861979052412
1782421048899596997|1661000.0|0.199920425672969
1782421048999503440|1652000.0|-0.0900842801499799
1782421049099569323|1650000.0|-0.0199868320754238
1782421049199563126|1652000.0|0.0200012394768104
1782421049299607649|1647000.0|-0.0499777484070767
1782421049399577132|1642000.0|-0.0500152631578579
1782421049499574151|1648000.0|0.0600017886533198
1782421049599566131|1650000.0|0.0200016041286511
1782421049699437982|1643000.0|-0.0700898194026663
1782421049799569385|1651000.0|0.0798950155527133
1782421049899560532|1643000.0|-0.0800070830270604
1782421049999488240|1653000.0|0.100072344299141
1782421050099473642|1650000.0|-0.0300043800393982
1782421050199484101|1648000.0|-0.0199979084187585
1782421050299567392|1660000.0|0.119900133979407
1782421050399436475|1653000.0|-0.0700917620320996
1782421050499570774|1654000.0|0.00998658811203142
1782421050599564161|1657000.0|0.030001984031204
1782421050699568620|1659000.0|0.0199991082397636
1782421050799564183|1649000.0|-0.100004437196878
1782421050899565777|1653000.0|0.0399993624101632
1782421050999436716|1649000.0|-0.0400516911130674
1782421051099596823|1663000.0|0.139776208505848
1782421051199603618|1648000.0|-0.149989808192533
1782421051299428956|1653000.0|0.0500874838009564
1782421051399449111|1647000.0|-0.059987909436853
1782421051499458898|1660000.0|0.129987278145088
1782421051599440396|1673000.0|0.130024057051036
1782421051699442391|1634000.0|-0.389992219655218
1782421051799644866|1617000.0|-0.16965648802587
1782421051899438444|1617000.0|0.0
1782421051999561223|1670000.0|0.529350069278441
1782421052099874498|1669000.0|-0.00996877033473386
1782421052199963196|1668000.0|-0.00999113806036322
1782421052300070631|1742000.0|0.739205834212014
1782421052399797313|1672000.0|-0.70191846952253
1782421052499828283|1655000.0|-0.169947367300347
1782421052599598709|1655000.0|0.0
1782421052699523743|1709000.0|0.540405120102336
1782421052799800042|1612000.0|-0.967327284386513
1782421052900662662|1605000.0|-0.0694013302450402
1782421052999888735|1612000.0|0.0705459743428524
1782421053099664185|1605000.0|-0.0701575387532705
1782421053199656691|1666000.0|0.610045716826019
1782421053299913262|1754000.0|0.877747953298742
1782421053399507879|1659000.0|-0.953866813906217
1782421053499944546|1656000.0|-0.0298695694471821
1782421053600057036|1664000.0|0.0799101091182529
1782421053700171110|1660000.0|-0.0399544223922003
1782421053799466879|1644000.0|-0.161134760938303
1782421053899780522|1668000.0|0.239249610344627
1782421053999939957|1643000.0|-0.249602046976403
1782421054099452014|1665000.0|0.22107873822767
1782421054199644824|1688000.0|0.229557390395578
1782421054299532050|1767000.0|0.790891920454373
1782421054399451036|1660000.0|-1.07086755263909
1782421054499664262|1649000.0|-0.109765950454484
1782421054599726080|1655000.0|0.0599629321146254
1782421054699650090|1647000.0|-0.0800608382309717
1782421054799452180|1665000.0|0.180356944428719
1782421054899443470|1643000.0|-0.220019163669156
1782421055000091929|1658000.0|0.149033578348179
1782421055099974386|1654000.0|-0.0400470725304645
1782421055200039516|1700000.0|0.459700597001173
1782421055299503797|1756000.0|0.563016184674376
1782421055399524063|1654000.0|-1.01979332868401
1782421055499531144|1653000.0|-0.00999929195013701
1782421055599897634|1663000.0|0.0996348482446681
1782421055699508316|1655000.0|-0.080312671687159
1782421055799651910|1642000.0|-0.129813595465727
1782421055899652384|1641000.0|-0.00999995260022467
1782421055999715210|1652000.0|0.109930934790908
1782421056099596515|1656000.0|0.040047534420981
1782421056201390048|1683000.0|0.265242783154014
1782421056299461814|1734000.0|0.520027344057412
1782421056399629632|1626000.0|-1.07819060209538
1782421056499720074|1621000.0|-0.0499548198618206
1782421056599802515|1606000.0|-0.1498764403638
1782421056699906349|1612000.0|0.0599377642218978
1782421056799459542|1607000.0|-0.0502244061624422
1782421056900294177|1609000.0|0.0198344546990228
1782421056999509690|1614000.0|0.0503953449295777
1782421057099448739|1617000.0|0.0300182964518704
1782421057199551085|1674000.0|0.569417224247671
1782421057299542406|1749000.0|0.750065098149868
1782421057399587967|1654000.0|-0.949567367611643
1782421057499817209|1656000.0|0.0199542564633982
1782421057599601298|1657000.0|0.0100216378184301
1782421057699568507|1650000.0|-0.0700229612292167
1782421057799759093|1654000.0|0.0399239106157139
1782421057899820943|1648000.0|-0.0599629129383476
1782421057999702472|1645000.0|-0.0300355834560762
1782421058099560337|1658000.0|0.130185038504478
1782421058201722510|1672000.0|0.137037022499512
1782421058299616659|1761000.0|0.909145244216792
1782421058399511100|1663000.0|-0.98103557133875
1782421058499562566|1677000.0|0.139927984663413
1782421058599513087|1676000.0|-0.0100049503493834
1782421058700159337|1631000.0|-0.447110548083014
1782421058799959090|1678000.0|0.470943049327988
1782421058899960763|1659000.0|-0.189996821353179
1782421058999451763|1676000.0|0.170869726909972
1782421059099919181|1667000.0|-0.0895812809681244
1782421059200108182|1673000.0|0.0598868133239496
1782421059299778622|1741000.0|0.682248417885985
1782421059399950312|1644000.0|-0.968337461412501
1782421059500009681|1679000.0|0.349792331790539
1782421059599874442|0.0|-16.8127373779025
1782421059699518146|1673000.0|16.7898214622772
1782421059799810571|1675000.0|0.0199416855261003
1782421059899448275|1672000.0|-0.030109084006994
1782421059999457020|1667000.0|-0.0499956278823417
1782421060099655365|1671000.0|0.0399208190514524
1782421060199676574|1673000.0|0.0199957590994526
1782421060299800903|1708000.0|0.3495653888477
1782421060399941872|1772000.0|0.639099068434219
1782421060499469591|1647000.0|-1.25593152597017
1782421060599888145|1644000.0|-0.0298749571717593
1782421060700042842|1650000.0|0.0599073251651892
1782421060799758546|1650000.0|0.0
1782421060899475642|1645000.0|-0.0501418533086844
1782421060999506867|1653000.0|0.0799750277975702
1782421061099500107|1683000.0|0.300020281371021
1782421061203450618|1666000.0|-0.163539359609305
1782421061299609580|1682000.0|0.166391147192292
1782421061399810373|1736000.0|0.538917890599928
1782421061499943774|1610000.0|-1.25832138668695
1782421061599800358|1621000.0|0.110157984174584
1782421061700221887|1618000.0|-0.0298740721225226
1782421061800190599|1623000.0|0.0500156488962267
1782421061900303584|1607000.0|-0.159819428019252
1782421061999999496|1621000.0|0.140427021721813
1782421062099925185|1619000.0|-0.0200148732524626
1782421062200834266|1619000.0|0.0
1782421062299521712|1662000.0|0.435719047790537
1782421062400013113|1758000.0|0.955305618636962
1782421062499819137|1672000.0|-0.861671435784277
1782421062599669465|1660000.0|-0.120179875623443
1782421062699457729|1664000.0|0.0400848741090435
1782421062799733546|1651000.0|-0.129642424154968
1782421062899706402|1653000.0|0.0200054302739936
1782421062999460858|1652000.0|-0.0100246148402634
1782421063099454610|1661000.0|0.0900056235513595
1782421063201458893|1655000.0|-0.0588210595039426
1782421063300092675|1708000.0|0.537341252918802
1782421063399523626|1742000.0|0.341945839379531
1782421063499881507|1661000.0|-0.807111501288075
1782421063599715546|1663000.0|0.0200332473776805
1782421063699534258|1675000.0|0.120217940700337
1782421063799501914|1654000.0|-0.210067944375929
1782421063899941971|1658000.0|0.039824748406903
1782421063999716154|1654000.0|-0.0400905312349188
1782421064099646402|1665000.0|0.110076780756113
1782421064199616410|1660000.0|-0.0500150004989496
1782421064299620386|1696000.0|0.359985686969086
1782421064399648569|1747000.0|0.509856307196943
1782421064499648609|1668000.0|-0.789999684000126
1782421064599805801|1650000.0|-0.179717498469805
1782421064699640592|1645000.0|-0.0500827411959023
1782421064799768009|1642000.0|-0.0299618235432958
1782421064899582224|1640000.0|-0.0200372261606225
1782421064999658504|1646000.0|0.05995426688522
1782421065099830752|1646000.0|0.0
1782421065199521095|1660000.0|0.14043486639423
1782421065299481390|1700000.0|0.400158883084529
1782421065399501126|1721000.0|0.20995856257809
1782421065499504349|1649000.0|-0.719976795147892
1782421065599603733|1644000.0|-0.0499503573368643
1782421065699784189|1654000.0|0.0998198690570943
1782421065799589268|1648000.0|-0.0601171810103973
1782421065899500860|1635000.0|-0.130115032097577
1782421065999450819|1634000.0|-0.0100050066053554
1782421066100041212|1644000.0|0.0994130721807598
1782421066199576322|1643000.0|-0.0100467061321377
1782421066299598377|1642000.0|-0.00999779498631577
1782421066399749009|1646000.0|0.0399398378234897
1782421066499455752|1651000.0|0.0501470597630493
1782421066599455919|1653000.0|0.0199999666000558
1782421066700139496|1651000.0|-0.0198642128099998
1782421066800065919|1640000.0|-0.110080994293171
1782421066899580342|1643000.0|0.0301463839065821
1782421066999454749|1649000.0|0.0600754505606226
1782421067099666868|1645000.0|-0.0399153319969215
1782421067199585035|1650000.0|0.0500409500106222
1782421067299444370|1659000.0|0.0901267768306288
1782421067399448569|1657000.0|-0.0199991602352617
1782421067499899553|1657000.0|0.0
1782421067599589224|1648000.0|-0.0902801655349028
1782421067699586687|1652000.0|0.0400010148257461
1782421067799592406|1693000.0|0.409976553440909
1782421067899506173|1654000.0|-0.390336598959381
1782421067999613876|1656000.0|0.0199784825749123
1782421068099806396|1655000.0|-0.00998078499273199
1782421068199580578|1662000.0|0.07015843036428
1782421068299530457|1662000.0|0.0
1782421068399540976|1665000.0|0.0299968446319132
1782421068499499719|1667000.0|0.0200082548056852
1782421068599493294|1665000.0|-0.0200012850825666
1782421068699495621|1657000.0|-0.0799981384433184
1782421068799519227|1659000.0|0.0199952799142234
1782421068899550786|1662000.0|0.0299905352869688
1782421068999507881|1664000.0|0.0200085846832584
1782421069099503840|1653000.0|-0.110004445279634
1782421069199508567|1660000.0|0.0699966912564043
1782421069299507565|1654000.0|-0.0600006012060241
1782421069399495236|1652000.0|-0.020002466104046
1782421069499558443|1655000.0|0.0299810498778037
1782421069599528913|1667000.0|0.120035446467342
1782421069699495400|1662000.0|-0.0500167621174884
1782421069799502927|1652000.0|-0.0999924735665147
1782421069899497061|1649000.0|-0.0300017599032359
1782421069999487788|1657000.0|0.080007419087972
1782421070099565267|1653000.0|-0.0399690323933919
1782421070199446745|1660000.0|0.070083063848935
1782421070299458672|1661000.0|0.00999880744223636
1782421070399577670|1669000.0|0.0799049147495463
1782421070499663469|1666000.0|-0.0299742823654732
1782421070599459539|1657000.0|-0.0901839120518473
1782421070699471017|1658000.0|0.00999885233172936
1782421070799489424|1649000.0|-0.0899834367487976
1782421070899503671|1651000.0|0.0199971510058962
1782421070999554029|1652000.0|0.00999496673465176
1782421071099551091|1670000.0|0.180005288555378
1782421071199536761|1659000.0|-0.110015765259162
1782421071299652880|1659000.0|0.0
1782421071399496886|1660000.0|0.0100156237721471
1782421071499493036|1658000.0|-0.0200007700296461
1782421071599593378|1651000.0|-0.069929831008969
1782421071699535257|1649000.0|-0.0200116309600303
1782421071799511183|1649000.0|0.0
1782421071899508021|1672000.0|0.230007272829967
1782421071999516955|1728000.0|0.559949974069317
1782421072099562481|1653000.0|-0.749658710375514
1782421072199502231|1655000.0|0.0200120572645019
1782421072299524669|1706000.0|0.509885591870896
1782421072399610948|1647000.0|-0.589491392721274
1782421072499492697|1690000.0|0.430509081293721
1782421072599468064|1653000.0|-0.370091164556565
1782421072699831222|1652000.0|-0.00996381560651968
1782421072800158365|1655000.0|0.029902177120702
1782421072899521826|1679000.0|0.241537480261482
1782421072999566936|1758000.0|0.789643791685571
1782421073099553790|1665000.0|-0.930122273874123
1782421073199488883|1660000.0|-0.0500324745782745
1782421073299534505|1643000.0|-0.169922477967102
1782421073399963408|1657000.0|0.139402100210136
1782421073500223174|1659000.0|0.0199481814070861
1782421073599509514|1660000.0|0.0100718789714678
1782421073699550928|1662000.0|0.0199917206288188
1782421073800078391|1650000.0|-0.11937036548908
1782421073899550172|1760000.0|1.10584126366452
1782421073999567730|1663000.0|-0.969829717298237
1782421074099687176|1677000.0|0.139832975104557
1782421074199514525|1654000.0|-0.230397784078189
1782421074299453970|1648000.0|-0.0600363550147792
1782421074399677688|1650000.0|0.0199553562760464
1782421074500156799|1640000.0|-0.0995231735280779
1782421074599500483|1651000.0|0.110726717161002
1782421074699706153|1634000.0|-0.169651078626589
1782421074799838479|1667000.0|0.329563901272003
1782421074899560596|1723000.0|0.561560481111728
1782421074999499754|1706000.0|-0.170103494368043
1782421075099525455|1672000.0|-0.339912639052637
1782421075199523317|1668000.0|-0.0400008552182846
1782421075299591578|1664000.0|-0.0399727142255425
1782421075399919808|1654000.0|-0.0996728438247141
1782421075499513908|1656000.0|0.0200815108525505
1782421075599508634|1666000.0|0.100005274278165
1782421075699501055|1670000.0|0.0400030318297824
1782421075799509364|1664000.0|-0.0599950150142025
1782421075899633434|1708000.0|0.439454768468761
1782421075999528159|1713000.0|0.0500526929725268
1782421076099469252|1666000.0|-0.470277026087758
1782421076199451689|1658000.0|-0.0800140528681052
1782421076299611182|1662000.0|0.0399363043900392
1782421076399640644|1773000.0|1.10967306812067
1782421076499981801|1656000.0|-1.16602203420875
1782421076599457133|1667000.0|0.110580178812572
1782421076699443827|1644000.0|-0.230030607872684
1782421076799785928|1624000.0|-0.199318130681756
1782421076899568381|1706000.0|0.821787774650118
1782421076999962835|1714000.0|0.0796856766609837
1782421077099659256|1645000.0|-0.692101073517975
1782421077199519132|1662000.0|0.170238545058878
1782421077299507537|1662000.0|0.0
1782421077399596759|0.0|-16.6051845222655
1782421077499520203|1646000.0|16.4726107719025
1782421077599455152|1655000.0|0.090058584009484
1782421077699492901|1645000.0|-0.0999622652444929
1782421077799523338|1647000.0|0.0199939144522582
1782421077899582751|1644000.0|-0.0299821866834258
1782421077999559444|1798000.0|1.5403590114748
1782421078099501145|1683000.0|-1.15067082958694
1782421078199508622|1666000.0|-0.169987290050323
1782421078299500258|1652000.0|-0.140011710579473
1782421078399535815|1657000.0|0.0499822278192543
1782421078499527260|1660000.0|0.0300025667195829
1782421078599544433|1791000.0|1.30977507232683
1782421078699569942|1664000.0|-1.26967611831898
1782421078799559322|1678000.0|0.140014869579149
1782421078899527231|1736000.0|0.580186187549447
1782421078999466916|1861000.0|1.25075439251184
1782421079099569865|1727000.0|-1.33862190213797
1782421079199616621|1710000.0|-0.169920551946732
1782421079299468034|1730000.0|0.200297616219011
1782421079399651286|1714000.0|-0.159707333117915
1782421079499562491|1561000.0|-1.53135977090858
1782421079599736079|1620000.0|0.588977605554071
1782421079699551780|1706000.0|0.861587897879914
1782421079799462776|1660000.0|-0.460409783123371
1782421079899554669|1712000.0|0.519522595101683
1782421079999579777|1892000.0|1.79954816944562
1782421080099492437|1725000.0|-1.67145985303564
1782421080199481498|1776000.0|0.510055795003415
1782421080299474222|1782000.0|0.0600043659176642
1782421080399473378|1777000.0|-0.0500004220035617
1782421080499524023|1787000.0|0.0999493806361768
1782421080599502107|1803000.0|0.160035073286662
1782421080699541983|1790000.0|-0.129948181863
1782421080799540260|1785000.0|-0.0500008615148439
1782421080899581624|1784000.0|-0.00999586531027306
1782421080999514572|1762000.0|-0.220147613377722
1782421081099512272|1576000.0|-1.86004278098396
1782421081199532453|1550000.0|-0.259947539986955
1782421081300074570|1547000.0|-0.0298382418186003
1782421081400174974|1542000.0|-0.0499498483542584
1782421081499650337|1546000.0|0.0402109615825177
1782421081599687349|1550000.0|0.0399852006775252
1782421081699546841|1551000.0|0.0100140705702769
1782421081799712861|1540000.0|-0.109817680686524
1782421081899639826|1539000.0|-0.0100073088380098
1782421082000049990|1696000.0|1.56358673012425
1782421082100812556|1549000.0|-1.45887511439516
1782421082199459037|1546000.0|-0.0304116271517075
1782421082300072434|1547000.0|0.00993903426200787
1782421082400155782|1546000.0|-0.00999167214110383
1782421082500339994|1544000.0|-0.0199632253433305
1782421082599641181|1558000.0|0.14098522306687
1782421082700017937|1579000.0|0.209211782058388
1782421082799473685|1570000.0|-0.0904925072807255
1782421082899596361|1631000.0|0.609252593288657
1782421082999515437|1766000.0|1.35109335878967
1782421083099702929|1809000.0|0.429195293160947
1782421083199629844|1713000.0|-0.96070212915109
1782421083299471112|1690000.0|-0.230365664025821
1782421083399641452|1688000.0|-0.0199659899327486
1782421083499844080|1673000.0|-0.149696672626191
1782421083599609763|1663000.0|-0.100234867334091
1782421083699534438|1675000.0|0.120090458137592
1782421083799547354|1662000.0|-0.12998321136842
1782421083899692782|1675000.0|0.129811218141681
1782421083999495841|1778000.0|1.03203249511621
1782421084100056454|1632000.0|-1.45186068028444
1782421084199527881|1640000.0|0.0804251053923254
1782421084299446588|1652000.0|0.120097630967142
1782421084399879936|1649000.0|-0.0298705565406423
1782421084500053988|1656000.0|0.0698783752902398
1782421084600019559|1642000.0|-0.1400482172007
1782421084699491482|1675000.0|0.33175190551006
1782421084799832990|1656000.0|-0.189353343184757
1782421084899492016|1643000.0|-0.130444782793683
1782421084999457172|1754000.0|1.11038690321256
1782421085100393337|1661000.0|-0.921374415205888
1782421085199510555|1656000.0|-0.0504453222244393
1782421085299661518|1647000.0|-0.0898643380992752
1782421085399864386|1659000.0|0.119757051265239
1782421085499468612|1654000.0|-0.0501986732972555
1782421085600001017|1656000.0|0.0198940829078942
1782421085699453227|1651000.0|-0.0502754036335643
1782421085799487599|1641000.0|-0.0999656398102844
1782421085899489954|1652000.0|0.109997409561005
1782421085999769846|1779000.0|1.26645529295145
1782421086099571945|1651000.0|-1.28253815583578
1782421086199924220|1645000.0|-0.0597893769722709
1782421086299612847|1643000.0|-0.0200624691119479
1782421086399459906|1641000.0|-0.0200306350535573
1782421086499512261|1654000.0|0.129931974114952
1782421086599905961|1659000.0|0.0498039219592464
1782421086699467579|1647000.0|-0.120528374699575
1782421086799454734|1651000.0|0.0400051386600609
1782421086899524737|1646000.0|-0.0499650229849598
1782421086999688837|1796000.0|1.49754253270383
1782421087099643176|1664000.0|-1.32060300053607
1782421087199531771|1671000.0|0.070078070474412
1782421087299815918|1671000.0|0.0
1782421087399449952|1664000.0|-0.0702571171613909
1782421087499634259|1655000.0|-0.0898344288592025
1782421087599606437|1658000.0|0.0300083489228373
1782421087699647945|1656000.0|-0.0199917018443984
1782421087799580523|1645000.0|-0.110074214236723
1782421087899716862|1670000.0|0.249659616575357
1782421087999473841|1847000.0|1.77431195064558
1782421088099626068|1705000.0|-1.41784166217292
1782421088199550759|1636000.0|-0.690520023724667
1782421088299544569|1649000.0|0.13000804749814
1782421088399506380|1655000.0|0.0600229221537413
1782421088499456606|1653000.0|-0.0200099597573696
1782421088599566145|1658000.0|0.0499452904283177
1782421088699828228|1657000.0|-0.0099738602079512
1782421088799598758|1649000.0|-0.0801839982207171
1782421088899490121|1659000.0|0.10010875514833
1782421088999464715|1757000.0|0.980249042071629
1782421089099910094|1663000.0|-0.935832000793187
1782421089199700833|1656000.0|-0.0701467898739581
1782421089300292164|1661000.0|0.0497060725839287
1782421089400011318|1663000.0|0.0200563273932308
1782421089499499976|1660000.0|-0.030154191043566
1782421089599654346|1654000.0|-0.0599075207602025
1782421089700003085|1650000.0|-0.0398609891849264
1782421089799620543|1659000.0|0.0903456099030353
1782421089899512753|1682000.0|0.230248184518092
1782421089999511043|1746000.0|0.640010944187146
1782421090099868022|1659000.0|-0.866905330021941
1782421090199568120|1661000.0|0.0200601608235129
1782421090299531466|1661000.0|0.0
1782421090399529005|1657000.0|-0.0400009844242267
1782421090499517886|1667000.0|0.100011120236459
1782421090599520864|1660000.0|-0.0699979154620775
1782421090699549075|1647000.0|-0.129963336043269
1782421090799525797|1652000.0|0.0500116417099572
1782421090899580631|1674000.0|0.219879431312634
1782421090999678394|1763000.0|0.889130759095985
1782421091099528059|1662000.0|-1.01152066959864
1782421091199545054|1668000.0|0.0599898047326857
1782421091300039857|1665000.0|-0.0298522899736417
1782421091399679506|1660000.0|-0.0501808271123075
1782421091500032597|1659000.0|-0.00996481513459311
1782421091600255639|1655000.0|-0.0399109817480894
1782421091699449527|1649000.0|-0.0604875977842506
1782421091800035162|1657000.0|0.079534219772038
1782421091899483260|1683000.0|0.261442908641651
1782421092000126815|1751000.0|0.675651809000586
1782421092100195184|1675000.0|-0.759480750605618
1782421092199500209|1657000.0|-0.18125970966726
1782421092299523091|1658000.0|0.00999771232346615
1782421092399495141|1664000.0|0.0600167746885254
1782421092499500359|1659000.0|-0.0499973911361305
1782421092599510745|1665000.0|0.0599937690471468
1782421092699509371|1657000.0|-0.0800010992151032
1782421092799540557|1663000.0|0.0599812942335803
1782421092899550943|1680000.0|0.169982345633582
1782421092999729265|1757000.0|0.768629364744201
1782421093099519154|1667000.0|-0.90189498056261
1782421093199530099|1654000.0|-0.129985773057139
1782421093299485045|1659000.0|0.0500225371538893
1782421093399562070|1668000.0|0.0899307308545593
1782421093499650104|1678000.0|0.0999120434316853
1782421093599534521|1673000.0|-0.0500578583744449
1782421093699534571|1660000.0|-0.129999935000033
1782421093799531053|1656000.0|-0.040001407249507
1782421093899517951|1676000.0|0.200026207433698
1782421093999636048|1748000.0|0.719150704592397
1782421094099461026|1646000.0|-1.02178835441366
1782421094199966068|1646000.0|0.0
1782421094299543429|1652000.0|0.0602546596911722
1782421094399564534|1640000.0|-0.119974679343924
1782421094499542472|1664000.0|0.240052960484142
1782421094599842810|1658000.0|-0.059820336796871
1782421094699528107|1633000.0|-0.250789241265941
1782421094799513213|1635000.0|0.0200029792437286
1782421094899797662|1630000.0|-0.0498581789086761
1782421094999584384|1744000.0|1.14243656585893
1782421095100012865|1691000.0|-0.527738739770444
1782421095199545138|0.0|-16.9894643117414
1782421095299511859|1651000.0|16.5154961919777
1782421095399525557|1715000.0|0.639912344807008
1782421095499509062|1698000.0|-0.170028046126209
1782421095599898776|1660000.0|-0.378524835721715
1782421095699960377|1668000.0|0.0799507495387766
1782421095799545146|1649000.0|-0.190792228478232
1782421095899976236|1659000.0|0.099570760408953
1782421095999523180|1659000.0|0.0
1782421096099523085|1800000.0|1.41000133950127
1782421096199561519|1685000.0|-1.14955817880956
1782421096299544640|1681000.0|-0.0400067527397949
1782421096399687841|1671000.0|-0.0998570037720284
1782421096499627474|1680000.0|0.0900543631173831
1782421096599464147|1670000.0|-0.100163594193488
1782421096699468292|1693000.0|0.229990466895147
1782421096799838165|1655000.0|-0.378599662071905
1782421096899523990|1670000.0|0.15047274775526
1782421096999526903|1653000.0|-0.16999504804425
1782421097099532920|1750000.0|0.969941638611605
1782421097199533129|1740000.0|-0.0999997910004368
1782421097299604698|1649000.0|-0.909349187879726
1782421097399517147|1648000.0|-0.0100087627718944
1782421097499531531|1652000.0|0.0399942472274788
1782421097599485324|1653000.0|0.0100046228360739
1782421097699505709|1654000.0|0.00999796191546353
1782421097799523278|1642000.0|-0.119978920903386
1782421097899502815|1641000.0|-0.0100020467188201
1782421097999504944|1633000.0|-0.0799982968362603
1782421098099448624|1786000.0|1.53086218158067
1782421098199452433|1706000.0|-0.799969529160634
1782421098299483346|1668000.0|-0.379882566902094
1782421098399487090|1665000.0|-0.029998876842051
1782421098499582755|1660000.0|-0.0499522132152277
1782421098599591796|1661000.0|0.00999909598173229
1782421098700049301|1662000.0|0.00995445785757869
1782421098799520517|1657000.0|-0.050265797494624
1782421098899618422|1624000.0|-0.32967722950845
1782421098999644823|1625000.0|0.00999736059682883
1782421099099571159|1772000.0|1.47108365906661
1782421099199533912|1654000.0|-1.180439678367
1782421099299958441|1657000.0|0.0298731796889981
1782421099399538937|1652000.0|-0.0502106356248718
1782421099500011386|1727000.0|0.746473294385409
1782421099599513770|1662000.0|-0.653250679903308
1782421099699616907|1662000.0|0.0
1782421099799572843|1646000.0|-0.160070533479873
1782421099899647708|1647000.0|0.00999251910057535
1782421099999652092|1655000.0|0.0799964929537489
1782421100099966525|1785000.0|1.29592518356755
1782421100199604477|1693000.0|-0.923342944664298
1782421100299494317|1693000.0|0.0
1782421100399534989|1692000.0|-0.00999593445353906
1782421100499485901|1687000.0|-0.0500245560540758
1782421100600047022|1702000.0|0.14916301499861
1782421100699880559|1692000.0|-0.100166740561341
1782421100799436750|1692000.0|0.0
1782421100899576463|1684000.0|-0.0798883855399106
1782421101001518946|1693000.0|0.0882850773803499
1782421101099511503|1782000.0|0.908232244618334
1782421101199513519|1660000.0|-1.21997540529583
1782421101299497471|1668000.0|0.0800128404606371
1782421101399503696|1658000.0|-0.0999937753874821
1782421101499496480|1668000.0|0.100007216520744
1782421101599522080|1648000.0|-0.199948813103845
1782421101699503712|1661000.0|0.13002388278679
1782421101799613536|1649000.0|-0.119868355776952
1782421101899661056|1649000.0|0.0
1782421101999576496|1649000.0|0.0
1782421102099700896|1777000.0|1.27840965838497
1782421102199597488|1653000.0|-1.24128358653116
1782421102299437935|1651000.0|-0.0200319615956848
1782421102399441551|1653000.0|0.01999927682615
1782421102499545215|1664000.0|0.109886087686061
1782421102599604766|1666000.0|0.019988096888422
1782421102700201151|1663000.0|-0.0298221451993528
1782421102800257567|1657000.0|-0.0599661694858229
1782421102899655038|1654000.0|-0.0301818544256523
1782421103010034862|1647000.0|-0.0634173868586708
1782421103099504285|1750000.0|1.15123129831742
1782421103199560973|1694000.0|-0.559682727055687
1782421103299812573|1700000.0|0.0598494188621429
1782421103399991453|1691000.0|-0.0898392954682664
1782421103500148269|1687000.0|-0.0399373718110208
1782421103599779164|1693000.0|0.0602222834593627
1782421103699451915|1693000.0|0.0
1782421103799437211|1677000.0|-0.160023529859831
1782421103900156907|1683000.0|0.0595712679672901
1782421103999453386|1686000.0|0.0302125516454617
1782421104099439305|1758000.0|0.720101397477779
1782421104199773449|1667000.0|-0.906969416114219
1782421104299604873|1650000.0|-0.170287063119524
1782421104399861273|1666000.0|0.1595908091653
1782421104499587320|1658000.0|-0.0802197644513073
1782421104599819112|1665000.0|0.069838120822982
1782421104699950968|1664000.0|-0.00998683176311043
1782421104799448055|1658000.0|-0.0603032729993392
1782421104899588934|1652000.0|-0.0599155915138312
1782421105003072475|1647000.0|-0.0483168622921398
1782421105099572613|1778000.0|1.35751101205679
1782421105199706549|1653000.0|-1.24832803935721
1782421105299715812|1669000.0|0.159985180572724
1782421105399907652|1652000.0|-0.169674496446018
1782421105499557762|1650000.0|-0.020070223705724
1782421105599693730|1661000.0|0.109850638284138
1782421105699655505|1663000.0|0.0200076479234187
1782421105800439698|1657000.0|-0.0595331452423298
1782421105899994864|1654000.0|-0.0301340464843381
1782421106002604996|1655000.0|0.00974562628961436
1782421106099510782|1775000.0|1.23831615173113
1782421106199964733|1618000.0|-1.56290517632303
1782421106299837596|1634000.0|0.16020367815029
1782421106399872571|1638000.0|0.0399860148912918
1782421106500119803|1642000.0|0.039901351091669
1782421106599598937|1644000.0|0.0201047186438113
1782421106699722265|1643000.0|-0.00998768239106075
1782421106799635832|1599000.0|-0.440380634193553
1782421106899459623|1627000.0|0.280494256123773
1782421106999620502|1646000.0|0.189694820869134
1782421107099550005|1771000.0|1.25088183416663
1782421107199702276|1705000.0|-0.658996539379521
1782421107299621826|1701000.0|-0.0400322059096543
1782421107400126514|1692000.0|-0.0895480616784761
1782421107499984993|1694000.0|0.0200283443131554
1782421107599556879|1690000.0|-0.0401719818784993
1782421107699650414|1691000.0|0.00999065524062069
1782421107799748141|1691000.0|0.0
1782421107899655004|1691000.0|0.0
1782421107999614619|1688000.0|-0.0300121203948214
1782421108099577898|1775000.0|0.870319590056665
1782421108199535192|1651000.0|-1.24052978064812
1782421108299455751|1655000.0|0.0400318016635595
1782421108399663509|1639000.0|-0.159668276382354
1782421108500082149|1658000.0|0.189207900047242
1782421108599535843|1653000.0|-0.0502746534482671
1782421108699528769|1647000.0|-0.0600042447002701
1782421108799677616|1669000.0|0.219673023295016
1782421108899519951|1645000.0|-0.240378993540165
1782421108999564142|1652000.0|0.0699690799638732
1782421109099959021|1760000.0|1.0757520809403
1782421109199447594|1615000.0|-1.45745381230868
1782421109300334666|1616000.0|0.00991207277776879
1782421109399736888|1625000.0|0.0905412355872689
1782421109499470070|1612000.0|-0.130347791369978
1782421109599457124|1614000.0|0.0200025895352412
1782421109699690611|1606000.0|-0.0798136455134999
1782421109799507249|1611000.0|0.0500918494169279
1782421109899554576|1630000.0|0.189910121236922
1782421109999665662|1634000.0|0.0399556149056259
1782421110100050285|1765000.0|1.30498074391334
1782421110199980651|1649000.0|-1.16080831726364
1782421110300112698|1644000.0|-0.0499340635670816
1782421110399454263|1649000.0|0.0503313995506312
1782421110499791014|1652000.0|0.0298993137619136
1782421110599860900|1649000.0|-0.0299790488419263
1782421110699639347|1647000.0|-0.0200444089894484
1782421110799679041|1644000.0|-0.0299880965249654
1782421110899454959|1644000.0|0.0
1782421110999656733|1651000.0|0.0698590426153533
1782421111099476411|1786000.0|1.35243874459303
1782421111199924698|1655000.0|-1.30415364873271
1782421111299536727|1663000.0|0.0803115856620088
1782421111399455397|1649000.0|-0.140113954679341
1782421111499973140|1655000.0|0.0596909542626718
1782421111600005106|1663000.0|0.079974435371989
1782421111699521743|1659000.0|-0.0401942842984133
1782421111799979598|1657000.0|-0.0199088463515372
1782421111900224317|1640000.0|-0.169584993300246
1782421111999530666|1645000.0|0.0503492480626793
1782421112099448888|1773000.0|1.28104761511869
1782421112199797670|1635000.0|-1.3752035375975
1782421112299952341|1616000.0|-0.189706578937292
1782421112399995458|1603000.0|-0.129943972057568
1782421112499647920|1626000.0|0.230802125089494
1782421112600417151|1611000.0|-0.148854961491172
1782421112699832908|1630000.0|0.191116585271287
1782421112799618874|1622000.0|-0.080171594470509
1782421112899528151|1628000.0|0.0600544832288197
1782421112999464885|0.0|-16.2903062251364
1782421113099662579|1627000.0|16.2378986486455
1782421113199541712|1771000.0|1.44174259101749
1782421113299943359|1652000.0|-1.185239521021
1782421113399637132|1645000.0|-0.0702150173411533
1782421113499770954|1654000.0|0.0898797211595499
1782421113599548215|1642000.0|-0.120267883480987
1782421113700280054|1648000.0|0.0595640867829287
1782421113799840803|1649000.0|0.0100441188926773
1782421113900094465|1638000.0|-0.109721677797665
1782421114006732745|1647000.0|0.0843974602741154
1782421114100238844|1673000.0|0.278056728684618
1782421114199674937|1747000.0|0.744196576589147
1782421114299906967|1642000.0|-1.04756932489545
1782421114399646804|1625000.0|-0.170443430742723
1782421114500214018|1626000.0|0.00994359851710718
1782421114599587951|1633000.0|0.0704410079049603
1782421114699679820|1616000.0|-0.169843966046832
1782421114799469130|1631000.0|0.150316702259992
1782421114899480599|1629000.0|-0.0199977064630458
1782421115005758127|1637000.0|0.0752746149684626
1782421115099573330|1642000.0|0.0532962658514953
1782421115199538144|1734000.0|0.920323825141114
1782421115299487709|1653000.0|-0.810408729642795
1782421115399588250|1643000.0|-0.0998995599833971
1782421115499557784|1654000.0|0.11003352281306
1782421115599550245|1656000.0|0.0200015079136816
1782421115699570706|1653000.0|-0.0299938629557006
1782421115799535823|1687000.0|0.340118643586442
1782421115899535309|1679000.0|-0.0800004112021136
1782421116000293723|1685000.0|0.0595483767737749
1782421116099703863|1650000.0|-0.352076759976397
1782421116199544868|1777000.0|1.27202245209771
1782421116299747410|1688000.0|-0.888201019890294
1782421116399785135|1682000.0|-0.0599773735358336
1782421116499541771|1651000.0|-0.310756268886212
1782421116599782649|1684000.0|0.329207012731872
1782421116699504006|1685000.0|0.0100279421588697
1782421116799634515|1640000.0|-0.449413474967954
1782421116899514672|1697000.0|0.570683924735921
1782421116999728414|1656000.0|-0.409125526916259
1782421117099598122|1654000.0|-0.020026092396305
1782421117199640087|1780000.0|1.25947146280064
1782421117299526788|1656000.0|-1.24140650115174
1782421117399492049|1680000.0|0.24008340257322
1782421117499475838|1703000.0|0.2300372913453
1782421117599714971|1690000.0|-0.129689868726219
1782421117699656776|1681000.0|-0.0900524059976704
1782421117799525460|1643000.0|-0.380499656929494
1782421117899526209|1635000.0|-0.079999400804488
1782421117999471582|1639000.0|0.0400218627429606
1782421118099657211|1671000.0|0.319407087816956
1782421118199549640|1814000.0|1.43153992180929
1782421118299657109|1674000.0|-1.39849704920619
1782421118399538417|1735000.0|0.610724881576441
1782421118499615742|1688000.0|-0.469636853303183
1782421118599480554|1678000.0|-0.100135371005355
1782421118699596775|1701000.0|0.229733002007737
1782421118799580452|1691000.0|-0.100016325664838
1782421118899597473|1668000.0|-0.229960858362298
1782421118999639469|1677000.0|0.0899622194663129
1782421119099540698|1675000.0|-0.0200197737307116
1782421119199861479|1788000.0|1.1263867652705
1782421119300188148|1665000.0|-1.22599505421634
1782421119399502255|1673000.0|0.0805525039861658
1782421119499654732|1679000.0|0.0599086530830386
1782421119599602985|1681000.0|0.0200103547582768
1782421119699521637|1695000.0|0.140113979920386
1782421119799467425|1715000.0|0.200108482810701
1782421119899467358|1691000.0|-0.240000160800108
1782421119999746267|1680000.0|-0.109694053412568
1782421120099535159|1682000.0|0.0200423109217407
1782421120199701235|1760000.0|0.778706754969617
1782421120299457407|1642000.0|-1.18288420289423
1782421120399451100|1638000.0|-0.040002522959123
1782421120499456216|1649000.0|0.109994372687893
1782421120599669380|1656000.0|0.069851102595663
1782421120699520225|1648000.0|-0.0801195022435714
1782421120799525101|1647000.0|-0.00999951242377422
1782421120899520345|1641000.0|-0.0600028537357237
1782421120999559350|1643000.0|0.0199922020415937
1782421121099542914|1648000.0|0.0500082193509325
1782421121199522606|1757000.0|1.09022140216235
1782421121299515018|1665000.0|-0.920069814897554
1782421121399513846|1683000.0|0.180002109624725
1782421121500058419|1671000.0|-0.119350051842181
1782421121599458350|1672000.0|0.0100603691565943
1782421121699551818|1664000.0|-0.0799252954248723
1782421121799641975|1652000.0|-0.119891909051556
1782421121899515811|1662000.0|0.100126323374622
1782421121999485599|1655000.0|-0.0700211547912855
1782421122099633755|1667000.0|0.119822475812735
1782421122199503414|1788000.0|1.21157918442477
1782421122299872803|1652000.0|-1.35499479826464
1782421122399622718|1657000.0|0.050125355996544
1782421122499455754|1653000.0|-0.0400668972943986
1782421122599585670|1657000.0|0.0399481010250723
1782421122699575538|1665000.0|0.0800081064213426
1782421122799551934|1652000.0|-0.130030692444645
1782421122899917898|1641000.0|-0.109598907454324
1782421122999536214|1652000.0|0.110421461049392
1782421123099580929|1654000.0|0.0199910609970752
1782421123199590845|1756000.0|1.01989886682837
1782421123299745561|1648000.0|-1.07833164840685
1782421123399498084|1651000.0|0.0300744272904255
1782421123499457584|1641000.0|-0.100040516409146
1782421123599495212|1648000.0|0.0699736703073368
1782421123699792552|1654000.0|0.0598221248938407
1782421123799746340|1648000.0|-0.0600277400192177
1782421123899645807|1640000.0|-0.0800805073364405
1782421123999752907|1647000.0|0.0699251102069683
1782421124099562646|1654000.0|0.0701334365777672
1782421124199542706|1750000.0|0.960191462177558
1782421124299566013|1674000.0|-0.759822908074815
1782421124399525929|1657000.0|-0.170068170125313
1782421124499516356|1671000.0|0.140013403483115
1782421124599495136|1654000.0|-0.170036081656528
1782421124699489451|1649000.0|-0.0500028426616053
1782421124799487927|1649000.0|0.0
1782421124899497106|1653000.0|0.0399963287369852
1782421124999516350|1662000.0|0.0899826837323425
1782421125099551833|1682000.0|0.199929059171934
1782421125199748405|1754000.0|0.718587458261546
1782421125299719392|1655000.0|-0.990287312057847
1782421125399474555|1653000.0|-0.0200490875845694
1782421125499488678|1654000.0|0.00999858789943096
1782421125599525634|1649000.0|-0.049981528826207
1782421125699532621|1656000.0|0.0699951094417033
1782421125799546905|1724000.0|0.679902882672239
1782421125899687956|1686000.0|-0.379464761159737
1782421125999558847|1665000.0|-0.210271479404344
1782421126099537466|1673000.0|0.0800171084579594
1782421126199519285|1754000.0|0.810147292879318
1782421126299463809|1662000.0|-0.920510662495126
1782421126399527228|1672000.0|0.0999366211942048
1782421126499485831|1652000.0|-0.200082828288427
1782421126599484434|1657000.0|0.0500006985097582
1782421126699467629|1657000.0|0.0
1782421126799506856|1657000.0|0.0
1782421126899491619|1645000.0|-0.120018287186419
1782421126999480558|1645000.0|0.0
1782421127099476457|1649000.0|0.0400016404672756
1782421127199530452|1768000.0|1.18935780625251
1782421127299453263|1657000.0|-1.11085745976462
1782421127399898043|1659000.0|0.0199114379064796
1782421127499542693|1646000.0|-0.130463602411168
1782421127599572000|1649000.0|0.0299912104759458
1782421127699563179|1653000.0|0.0400035287112676
1782421127799553798|1653000.0|0.0
1782421127899478209|1643000.0|-0.100075646180191
1782421127999506428|1651000.0|0.0799774311686985
1782421128099591415|1676000.0|0.249787712916424
1782421128199655473|1780000.0|1.03933422328325
1782421128299533612|1708000.0|-0.720878469711976
1782421128399546311|1709000.0|0.00999873026124412
1782421128499453233|1703000.0|-0.0600558988295125
1782421128599508252|1704000.0|0.0099945011254258
1782421128699500615|1700000.0|-0.0400030550333129
1782421128800080771|1651000.0|-0.487173632938092
1782421128899513068|1646000.0|-0.0502854721338681
1782421128999633095|1659000.0|0.129844151959727
1782421129099533138|1663000.0|0.0400400228055958
1782421129199643948|1779000.0|1.15871602677074
1782421129299623959|1663000.0|-1.16023191875824
1782421129399681362|1652000.0|-0.109936892925354
1782421129500043117|1657000.0|0.0498197744748485
1782421129599702343|1654000.0|-0.0301025817720077
1782421129699553233|1649000.0|-0.0500746663349721
1782421129799769676|1652000.0|0.0299352073391789
1782421129899508422|1651000.0|-0.010026193832435
1782421129999635345|1644000.0|-0.0699112665231908
1782421130099508987|1650000.0|0.0600759107192666
1782421130199700453|1754000.0|1.03801255887403
1782421130299814880|1639000.0|-1.14868559353588
1782421130399585642|1640000.0|0.0100229764708021
1782421130499848165|1633000.0|-0.0698167150651096
1782421130599500046|1637000.0|0.0401397340407453
1782421130699671257|1627000.0|-0.0998290816310487
1782421130799453491|0.0|-16.3055078522295
1782421130899570398|1628000.0|16.2609897646958
1782421130999813433|1622000.0|-0.0598545325368491
1782421131099693011|1638000.0|0.160192907503073
1782421131199676477|1642000.0|0.0400066146936735
1782421131299735079|1724000.0|0.819519745039012
1782421131399463329|1648000.0|-0.76207092774615
1782421131499450395|1653000.0|0.05000646783655
1782421131599487365|1657000.0|0.0399852174651032
1782421131699497775|1650000.0|-0.0699927137584977
1782421131799512233|1647000.0|-0.0299956632270106
1782421131899876324|1662000.0|0.149455844720399
1782421131999449454|1649000.0|-0.130557309989151
1782421132099449416|1644000.0|-0.0500000190000072
1782421132199576498|1644000.0|0.0
1782421132299755260|1747000.0|1.02816203697945
1782421132399523286|1650000.0|-0.972255379694492
1782421132499608240|1658000.0|0.0799320944884483
1782421132599493706|1650000.0|-0.080091732264632
1782421132699764628|1656000.0|0.0598378860024843
1782421132799751214|1654000.0|-0.0200026831599191
1782421132899700472|1659000.0|0.0500253838802885
1782421132999598273|1644000.0|-0.150153455329813
1782421133099693708|1650000.0|0.0599427935949327
1782421133199504901|1656000.0|0.0601134984930999
1782421133299493871|1731000.0|0.750082734125574
1782421133399528025|1648000.0|-0.829716618586088
1782421133499533267|1651000.0|0.0299984274824314
1782421133599496636|1645000.0|-0.0600219866539312
1782421133699625302|1662000.0|0.169781548872328
1782421133799563008|1649000.0|-0.130081032678497
1782421133899619946|1650000.0|0.009994309440091
1782421133999586276|1662000.0|0.120040417608609
1782421134099510429|1651000.0|-0.110083495028474
1782421134199467911|1654000.0|0.0300127608256478
1782421134299541904|1742000.0|0.879349343040604
1782421134399544042|1650000.0|-0.919980330820527
1782421134499745092|1659000.0|0.0898194180599904
1782421134599459149|1644000.0|-0.150430144467996
1782421134699765303|1649000.0|0.049847390220943
1782421134799582784|1653000.0|0.0400731410963977
1782421134899534970|1654000.0|0.0100047836872722
1782421134999529347|1661000.0|0.0700039363213393
1782421135099528573|1661000.0|0.0
1782421135199538262|1652000.0|-0.0899912807448086
1782421135299510592|1765000.0|1.13031275754001
1782421135399557401|1658000.0|-1.06949937803614
1782421135499609603|1657000.0|-0.00999478252362702
1782421135599580732|1658000.0|0.0100028879337754
1782421135699629750|1653000.0|-0.0499755030079356
1782421135799777967|1663000.0|0.0998520023576655
1782421135899589704|1663000.0|0.0
1782421135999658626|1661000.0|-0.0199862250939408
1782421136099452955|1660000.0|-0.0100206094877395
1782421136199551252|1663000.0|0.0299705398584354
1782421136299521806|1664000.0|0.0100029454673223
1782421136399625511|1661000.0|-0.0299689207307562
1782421136499506032|1651000.0|-0.100119621923077
1782421136599725241|1660000.0|0.0898031434273244
1782421136699662690|1656000.0|-0.0400250360603061
1782421136800059932|1680000.0|0.23905039144402
1782421136899939829|1663000.0|-0.170204420615292
1782421136999999023|1660000.0|-0.0299822523055702
1782421137099605943|1661000.0|0.0100394631216385
1782421137199649056|1655000.0|-0.0599741433475786
1782421137299605417|1651000.0|-0.0400174632207749
1782421137399475362|1654000.0|0.0300390673089887
1782421137499480299|1650000.0|-0.0399980252974911
1782421137599608724|1658000.0|0.0798973917746135
1782421137699832013|1660000.0|0.0199554416937963
1782421137799893510|1649000.0|-0.109932394875124
1782421137899589823|1659000.0|0.100304612067249
1782421137999515992|1659000.0|0.0
1782421138099584977|1671000.0|0.119917275067794
1782421138199605242|1655000.0|-0.159967582569392
1782421138299596723|1662000.0|0.0700059638080568
1782421138399457291|1666000.0|0.0400558506737114
1782421138499760629|1660000.0|-0.0598185476140385
1782421138599501133|1650000.0|-0.100260171133685
1782421138699516902|1660000.0|0.0999842334862216
1782421138799463535|1661000.0|0.0100053395495574
1782421138899842008|1659000.0|-0.0199245908034485
1782421138999495713|1680000.0|0.210729746575905
1782421139099526473|1666000.0|-0.139956949242413
1782421139199825298|1664000.0|-0.0199404130606714
1782421139299617835|1666000.0|0.0200415788607519
1782421139399557299|1668000.0|0.0200121145336541
1782421139499655068|1662000.0|-0.0599413958966458
1782421139599549477|1663000.0|0.0100105702612446
1782421139699610429|1665000.0|0.0199878170257665
1782421139799756006|1661000.0|-0.0399418538474245
1782421139899582991|1663000.0|0.0200346629721413
1782421139999757176|1665000.0|0.0199652235753153
1782421140099920928|1677000.0|0.119803818850556
1782421140199475048|1664000.0|-0.130582240092123
1782421140299811537|1667000.0|0.029899391835407
1782421140399807242|1663000.0|-0.0400017180737913
1782421140499518898|1668000.0|0.0501445889134566
1782421140599612362|1657000.0|-0.109897285600986
1782421140699528867|1654000.0|-0.030025069431722
1782421140799528859|1654000.0|0.0
1782421140899481764|1672000.0|0.180084810941713
1782421140999615692|1679000.0|0.0699063757890333
1782421141099523172|1664000.0|-0.150138908518161
1782421141199538541|1664000.0|0.0
1782421141299591141|1664000.0|0.0
1782421141399597661|1657000.0|-0.0699954362975534
1782421141499511190|1657000.0|0.0
1782421141599561534|1662000.0|0.049974840666215
1782421141707689731|1651000.0|-0.101731096098828
1782421141799519918|1776000.0|1.36120816132063
1782421141899454951|1654000.0|-1.2207931126615
1782421141999487487|1664000.0|0.0999674745824699
1782421142099971272|1673000.0|0.0895666897898004
1782421142200021232|1658000.0|-0.149925097421328
1782421142299990648|1661000.0|0.0300091780070017
1782421142399518367|1665000.0|0.0401898088310454
1782421142499924664|1660000.0|-0.0497976735463115
1782421142599908112|1661000.0|0.0100016554740141
1782421142699466167|1649000.0|-0.120532688188816
1782421142799554351|1760000.0|1.10902202002186
1782421142899506439|1660000.0|-1.00047934966601
1782421142999592720|1657000.0|-0.0299741380139802
1782421143099460407|1664000.0|0.0700927418094704
1782421143199506623|1665000.0|0.00999538053493198
1782421143299823320|1661000.0|-0.0398737211214201
1782421143399833087|1655000.0|-0.0599941403723098
1782421143500060024|1654000.0|-0.00997735768379313
1782421143599533871|1663000.0|0.090476042411429
1782421143699491959|1655000.0|-0.0800335436588183
1782421143799546911|1751000.0|0.959472750534127
1782421143899607511|1664000.0|-0.869473099301823
1782421143999593935|1655000.0|-0.0900122200589952
1782421144099640614|1648000.0|-0.0699673399453869
1782421144199504926|1656000.0|0.080108697889993
1782421144299544453|1640000.0|-0.159936781788263
1782421144399501325|1640000.0|0.0
1782421144499860965|1642000.0|0.0199283297548696
1782421144599510700|1654000.0|0.120421795401664
1782421144699557428|1657000.0|0.0299859881474585
1782421144799551563|1760000.0|1.03006041304322
1782421144899650179|1651000.0|-1.08892614459325
1782421144999507083|1652000.0|0.0100143301058082
1782421145099453042|1654000.0|0.0200108140440175
1782421145199546826|1658000.0|0.0399625215487907
1782421145299541809|1649000.0|-0.090004515526544
1782421145399655273|1648000.0|-0.00998866645948841
1782421145499464176|1649000.0|0.0100191462879819
1782421145599557272|1652000.0|0.0299720971764126
1782421145699564223|1679000.0|0.269981233604452
1782421145799821463|1736000.0|0.568537494150048
1782421145899493598|1641000.0|-0.953124963160466
1782421145999444309|1643000.0|0.0200098626612071
1782421146099908845|1638000.0|-0.0497688059794553
1782421146200092021|1638000.0|0.0
1782421146299804507|1613000.0|-0.250720857566424
1782421146399465586|1636000.0|0.230782169235796
1782421146499462170|1617000.0|-0.19000649062172
1782421146599812386|1608000.0|-0.089685905608813
1782421146709495128|1634000.0|0.23704731962299
1782421146799440512|1721000.0|0.967253639163962
1782421146900195272|1648000.0|-0.724531525855453
1782421147000046448|1645000.0|-0.0300447137447835
1782421147099497638|1656000.0|0.110607022399631
1782421147199473837|1684000.0|0.280066658665429
1782421147299638404|1680000.0|-0.0399342813512088
1782421147399560795|1689000.0|0.0900699023505152
1782421147499960547|1686000.0|-0.029880551896184
1782421147599503817|1675000.0|-0.11050470815355
1782421147703467543|1725000.0|0.4809369760372
1782421147799448424|1734000.0|0.0937686746176043
1782421147899774383|1637000.0|-0.966848470394387
1782421147999517526|1653000.0|0.160412029526681
1782421148099923582|1652000.0|-0.00995955861467161
1782421148199840965|1648000.0|-0.0400330741248497
1782421148299447227|1650000.0|0.0200790588848721
1782421148399539250|1651000.0|0.00999080616044697
1782421148499925657|1655000.0|0.0398460321425788
1782421148599942784|1660000.0|0.0499914379664195
1782421148699501110|0.0|-16.6736431466315
1782421148799450781|1680000.0|16.8084595295967
1782421148899901893|1741000.0|0.607260574676366
1782421148999578379|1652000.0|-0.892888619689101
1782421149099575058|1654000.0|0.0200006642220588
1782421149199869929|1669000.0|0.1495589938991
1782421149299496271|1649000.0|-0.200750118879202
1782421149399540951|1652000.0|0.0299866019862326
1782421149499786014|1657000.0|0.0498777680452952
1782421149599807700|1653000.0|-0.0399913274807225
1782421149699588155|1656000.0|0.0300660084181817
1782421149799572722|1701000.0|0.450069459219641
1782421149899516632|1700000.0|-0.0100056121478537
1782421149999680112|1644000.0|-0.559086006197069
1782421150099604806|1644000.0|0.0
1782421150199828973|1668000.0|0.239463202522801
1782421150299813923|1650000.0|-0.180027094077659
1782421150399549786|1637000.0|-0.130344287490649
1782421150499592320|1643000.0|0.0599744904502319
1782421150599764967|1642000.0|-0.00998276505561443
1782421150699443165|1645000.0|0.0300968522725501
1782421150799501524|1671000.0|0.259848355098448
1782421150899527579|1733000.0|0.619838501078544
1782421150999615170|1655000.0|-0.779317388106584
1782421151099445448|1654000.0|-0.0100170010545298
1782421151200300319|1661000.0|0.0694066625696244
1782421151299495909|1666000.0|0.0504054666139896
1782421151399505275|1663000.0|-0.0299971904631412
1782421151499526386|1676000.0|0.129972561492543
1782421151599760264|1669000.0|-0.0698366673990205
1782421151704218806|1664000.0|-0.0478658796520442
1782421151799475189|1708000.0|0.461911303098712
1782421151899448747|1711000.0|0.0300079346980929
1782421151999936595|1652000.0|-0.58713567037479
1782421152099776200|1662000.0|0.100160652678864
1782421152200294639|1650000.0|-0.119381081912742
1782421152299568308|1660000.0|0.100731645165648
1782421152399512346|1656000.0|-0.0400223973339961
1782421152499971585|1662000.0|0.0597257162180972
1782421152599651399|1652000.0|-0.100321214483807
1782421152699514493|1650000.0|-0.0200274187378973
1782421152799458596|1705000.0|0.550307605442214
1782421152900245179|1693000.0|-0.119063467009294
1782421152999518928|1646000.0|-0.473438350756754
1782421153099511526|1633000.0|-0.130009623312318
1782421153199557500|1629000.0|-0.0399816188505496
1782421153299554002|1642000.0|0.130004547559074
1782421153399541880|1723000.0|0.810098200103817
1782421153499449662|1702000.0|-0.210193836552192
1782421153600425494|1641000.0|-0.604104950578669
1782421153699600651|1635000.0|-0.0604990219476033
1782421153800059921|1746000.0|1.10492540907375
1782421153899939399|1694000.0|-0.520627470640165
1782421153999757501|1660000.0|-0.340619580203999
1782421154099491010|1659000.0|-0.0100267203072139
1782421154200002617|1654000.0|-0.0497454985472474
1782421154299612718|1654000.0|0.0
1782421154399616564|1649000.0|-0.0499980770739557
1782421154499609562|1653000.0|0.0400028009961257
1782421154599533744|1654000.0|0.0100075875527307
1782421154699506710|1659000.0|0.0500135206551739
1782421154799540811|1781000.0|1.21958410962278
1782421154899456465|1646000.0|-1.3511396322342
1782421154999521991|1678000.0|0.319790454107042
1782421155099598605|1693000.0|0.149885166978171
1782421155199508947|1695000.0|0.0200179476915413
1782421155299624777|1685000.0|-0.0998843040106644
1782421155399637103|1691000.0|0.0599926053114693
1782421155499947749|1693000.0|0.0199380632041787
1782421155599658298|1693000.0|0.0
1782421155699624816|1694000.0|0.0100033493214198
1782421155799536597|1708000.0|0.140123615652492
1782421155899869259|1760000.0|0.518275893048666
1782421155999610961|1642000.0|-1.18305580949481
1782421156099924999|1652000.0|0.0996869451113113
1782421156199986253|1655000.0|0.0299816350492669
1782421156299490049|1660000.0|0.050249339231239
1782421156399638743|1648000.0|-0.11982183212494
1782421156499535580|1665000.0|0.170175558211117
1782421156599889810|1646000.0|-0.189329338683581
1782421156700083912|1642000.0|-0.039922509610396
1782421156799567629|1640000.0|-0.0201037924628409
1782421156899645906|1740000.0|0.999217842249622
1782421156999802584|1653000.0|-0.868639033734725
1782421157099839693|1651000.0|-0.0199925809531341
1782421157199448786|1657000.0|0.0602354646477907
1782421157299585176|1647000.0|-0.0998637957689507
1782421157399597261|1660000.0|0.129984291398384
1782421157499586851|1662000.0|0.0200020822167588
1782421157599818040|1660000.0|-0.019953868850144
1782421157699658877|1646000.0|-0.140223183425435
1782421157799593906|1677000.0|0.310201541043231
1782421157899639832|1752000.0|0.749655713117194
1782421157999543693|1650000.0|-1.02098156146338
1782421158099531794|1645000.0|-0.0500059502080153
1782421158199620967|1666000.0|0.209812903539527
1782421158299585965|1649000.0|-0.170059524234673
1782421158399529586|1646000.0|-0.0300169232411541
1782421158499511415|1689000.0|0.430078149500546
1782421158599529004|1694000.0|0.0499912070465926
1782421158699492161|1698000.0|0.0400147426316278
1782421158799504855|1727000.0|0.289963192072398
1782421158899572044|1721000.0|-0.0599597136679836
1782421158999551457|1652000.0|-0.690142079549917
1782421159099894902|1671000.0|0.189349687964171
1782421159199533739|1658000.0|-0.130471213749715
1782421159299651056|1660000.0|0.0199765640943015
1782421159399515749|1656000.0|-0.0400541961311592
1782421159499452553|1659000.0|0.0300189707887797
1782421159599441326|1651000.0|-0.0800089826084775
1782421159699551076|1651000.0|0.0
1782421159803449695|1666000.0|0.144371505072652
1782421159899519758|1757000.0|0.94722535989177
1782421159999524755|1660000.0|-0.96995153152197
1782421160099552583|1660000.0|0.0
1782421160199450396|1657000.0|-0.0300306874585933
1782421160299461057|1652000.0|-0.049994670068224
1782421160399798534|1666000.0|0.139529121307286
1782421160499639291|1655000.0|-0.110175446686567
1782421160599582543|1660000.0|0.0500283901108201
1782421160699678148|1670000.0|0.0999044863158577
1782421160799651177|1699000.0|0.290078237001302
1782421160899577934|1769000.0|0.700513076792835
1782421160999623203|1669000.0|-0.999547514835509
1782421161099576039|1663000.0|-0.0600283117529552
1782421161199648220|1657000.0|-0.0599567226380326
1782421161299626641|1658000.0|0.0100021583657537
1782421161399558917|1660000.0|0.0200135539792969
1782421161499505818|1660000.0|0.0
1782421161599439006|1660000.0|0.0
1782421161699471123|1658000.0|-0.019993578662341
1782421161799460840|1675000.0|0.170017482897766
1782421161899442396|1770000.0|0.95017525032317
1782421161999443761|1654000.0|-1.15998416621613
1782421162099460406|1661000.0|0.0699883504390694
1782421162199443706|1653000.0|-0.0800133622314927
1782421162299467775|1647000.0|-0.0599855620750642
1782421162399492483|1702000.0|0.549864139568395
1782421162499465944|1794000.0|0.920244223614505
1782421162599427916|1621000.0|-1.73065813467545
1782421162700246946|1608000.0|-0.12894391068829
1782421162799477093|1577000.0|-0.31240505972444
1782421162900500363|1691000.0|1.12845288021265
1782421163000419711|1562000.0|-1.29104125058943
1782421163100165011|1558000.0|-0.0401021401509645
1782421163199487174|1560000.0|0.0201364925973269
1782421163299448139|1560000.0|0.0
1782421163399485487|1553000.0|-0.0699738661604664
1782421163499521491|1684000.0|1.30952851735261
1782421163599528824|1752000.0|0.679950139256288
1782421163699541996|1610000.0|-1.41981298223398
1782421163800828754|1573000.0|-0.365299479720735
1782421163900241413|1860000.0|2.88695627787202
1782421163999630729|1738000.0|-1.22749612242024
1782421164099591021|1713000.0|-0.25009930943379
1782421164199548641|1721000.0|0.0800339183746072
1782421164299661733|1721000.0|0.0
1782421164399458809|1717000.0|-0.0400813346475201
1782421164499489405|1729000.0|0.119963296029947
1782421164599515218|1715000.0|-0.139963871125946
1782421164699594934|1604000.0|-1.10911585720327
1782421164800663099|1596000.0|-0.0791544993421024
1782421164899460558|1693000.0|0.981806627233196
1782421164999535394|1587000.0|-1.05920733160132
1782421165099536006|1548000.0|-0.389997613214607
1782421165199483626|1570000.0|0.22011529639225
1782421165299559070|1549000.0|-0.209841687037631
1782421165399965074|1585000.0|0.35854429581721
1782421165499508597|1556000.0|-0.291329853776624
1782421165599461209|1550000.0|-0.0600284462801232
1782421165699815758|1541000.0|-0.0896820332479398
1782421165803753336|1591000.0|0.48105796731188
1782421165899451398|1684000.0|0.971806513699306
1782421165999884938|1552000.0|-1.31430197521665
1782421166099837534|1554000.0|0.0200094852964099
1782421166199503058|1548000.0|-0.0602013590978561
1782421166299619237|1554000.0|0.0599303734913814
1782421166399588745|1592000.0|0.380115904941735
1782421166499610253|1580000.0|-0.119974195949935
1782421166599499136|0.0|-15.8175760159416
1782421166699523732|1697000.0|16.9658270851701
1782421166799456600|1704000.0|0.0700470239681303
1782421166899517212|1775000.0|0.709569915482828
1782421166999517728|1786000.0|0.109999432402929
1782421167099470052|1722000.0|-0.640305271941451
1782421167199897944|1718000.0|-0.0398295724458699
1782421167299505211|1716000.0|-0.0200788562946918
1782421167399553054|1717000.0|0.00999521798785807
1782421167499454354|1582000.0|-1.35133376642746
1782421167599816470|1552000.0|-0.298917571646257
1782421167699772298|1545000.0|-0.0700309340641948
1782421167799617309|1577000.0|0.32049673468412
1782421167899502448|1614000.0|0.370425474404155
1782421167999489828|1670000.0|0.560070680919932
1782421168099984728|1546000.0|-1.23389346126022
1782421168199456891|1545000.0|-0.0100530637903189
1782421168299548415|1548000.0|0.0299725679069488
1782421168399563698|1547000.0|-0.0099984719335344
1782421168499450229|1563000.0|0.160181756637439
1782421168600292089|1575000.0|0.118998201738841
1782421168699881532|1551000.0|-0.240989398846221
1782421168799463999|1538000.0|-0.13054506874187
1782421168899454979|1621000.0|0.830074872753522
1782421168999731879|1629000.0|0.0797790916950963
1782421169099703658|1556000.0|-0.730206071455425
1782421169199548957|1584000.0|0.280433833945452
1782421169299458800|1597000.0|0.130117309863053
1782421169400413493|1549000.0|-0.475460808939313
1782421169499526247|1559000.0|0.100895188524375
1782421169599536362|1591000.0|0.319967635273692
1782421169699517325|1562000.0|-0.290055217811815
1782421169799464832|1731000.0|1.69088759762662
1782421169899964052|1748000.0|0.169155541704702
1782421170000165431|1581000.0|-1.66664372952392
1782421170099446857|1559000.0|-0.221592304687485
1782421170199638332|1545000.0|-0.139732447296539
1782421170299975264|1557000.0|0.119597039303534
1782421170399762866|1576000.0|0.190404415169732
1782421170499506309|1553000.0|-0.23059159888836
1782421170599636089|1551000.0|-0.0199740776420362
1782421170699619052|1548000.0|-0.0300051119709265
1782421170799600415|1549000.0|0.0100018640474025
1782421170899783458|1554000.0|0.0499086457176191
1782421170999828677|1575000.0|0.209905083020509
1782421171099570072|1547000.0|-0.280725971398335
1782421171199708075|1552000.0|0.049931093592909
1782421171299735358|1550000.0|-0.0199945448883181
1782421171400019969|1553000.0|0.0299148590205929
1782421171499891412|1563000.0|0.100128722481761
1782421171599549638|1587000.0|0.240823070641454
1782421171699487913|1712000.0|1.2507720390411
1782421171799586044|1711000.0|-0.00999019652025271
1782421171899672751|1712000.0|0.00999133681159077
1782421171999756322|1723000.0|0.109908148661082
1782421172099526309|1726000.0|0.0300691629838541
1782421172199474632|1713000.0|-0.13006721483461
1782421172299584667|1715000.0|0.0199780171887863
1782421172399727630|1715000.0|0.0
1782421172499461520|1596000.0|-1.19317515841406
1782421172600884613|1551000.0|-0.443685936495745
1782421172699531782|1581000.0|0.304114150503397
1782421172799507288|1545000.0|-0.360088200003709
1782421172900092732|1542000.0|-0.029825389049334
1782421172999505230|1614000.0|0.724255012684622
1782421173099513040|1567000.0|-0.469963295866593
1782421173199500307|1570000.0|0.0300038203864498
1782421173299450358|1578000.0|0.0800399791691952
1782421173400002569|1545000.0|-0.328187711357237
1782421173499540203|1554000.0|0.090418062378296
1782421173599510094|1627000.0|0.730219861898219
1782421173699518720|1617000.0|-0.0999913747440146
1782421173799492707|1543000.0|-0.740192546287066
1782421173899605781|1585000.0|0.419525625594116
1782421173999511672|1613000.0|0.280263753415702
1782421174099532474|1544000.0|-0.689856496051691
1782421174199691101|1607000.0|0.629002232628448
1782421174299569039|1732000.0|1.25152763966753
1782421174399559553|1736000.0|0.0400037947599709
1782421174499568963|1728000.0|-0.0799924727083181
1782421174599606790|1738000.0|0.0999621873034087
1782421174699480520|1730000.0|-0.0801011437141679
1782421174799543674|1718000.0|-0.119924263030925
1782421174899523581|1660000.0|-0.580116562820968
1782421174999534719|1544000.0|-1.15987081358878
1782421175100217954|1544000.0|0.0
1782421175199449300|1551000.0|0.0705422256390637
1782421175299476406|1541000.0|-0.0999729013453613
1782421175399451448|1653000.0|1.12027959938241
1782421175499554762|1563000.0|-0.899071133648982
1782421175599501021|1739000.0|1.76094635017805
1782421175699546799|1766000.0|0.269876455955992
1782421175799519681|1782000.0|0.160043400569366
1782421175899539475|1744000.0|-0.379924797685546
1782421175999523749|1752000.0|0.0800125827787678
1782421176099519031|1751000.0|-0.0100004718222606
1782421176199476281|1736000.0|-0.150064152425162
1782421176299452011|1750000.0|0.140033986248462
1782421176399594477|1676000.0|-0.738947251408808
1782421176499487631|1662000.0|-0.140149744395897
1782421176599763314|1673000.0|0.109697582413874
1782421176699523347|1707000.0|0.340817850371
1782421176799800214|1761000.0|0.538509046159171
1782421176899481879|1633000.0|-1.28408770058165
1782421176999524665|1647000.0|0.139940125218024
1782421177099458395|1667000.0|0.200132627892504
1782421177199453949|1628000.0|-0.390017340170944
1782421177299523823|1631000.0|0.0299790524369002
1782421177399876785|1625000.0|-0.059788967663954
1782421177499544739|1633000.0|0.0802665217748927
1782421177599557173|1672000.0|0.38995151342882
1782421177699583959|1678000.0|0.059983932703786
1782421177799563064|1791000.0|1.13023616284623
1782421177899509018|1681000.0|-1.10059482748046
1782421177999518540|1650000.0|-0.309970484610455
1782421178099507182|1666000.0|0.160018174864301
1782421178199555823|1663000.0|-0.0299854147943899
1782421178299518913|1695000.0|0.320118155611236
1782421178399709683|1703000.0|0.0798476745911824
1782421178499516740|1693000.0|-0.10019331598967
1782421178599486790|1680000.0|-0.130038946664526
1782421178699923000|1751000.0|0.70691636014541
1782421178799592745|1752000.0|0.0100331349297623
1782421178899522971|1654000.0|-0.980684262637413
1782421178999482044|1689000.0|0.35014330314968
1782421179099522494|1661000.0|-0.279886785795146
1782421179200335889|1664000.0|0.0297579503199947
1782421179299991522|1647000.0|-0.170587446873174
1782421179399500946|1666000.0|0.190936689574246
1782421179499540564|1660000.0|-0.059976238613786
1782421179600108022|1660000.0|0.0
1782421179699485431|1699000.0|0.392443316770313
1782421179799472600|1758000.0|0.590075712614686
1782421179899890346|1665000.0|-0.926131124273592
1782421179999930204|1657000.0|-0.0799681263042177
1782421180099905133|1685000.0|0.280070216403955
1782421180200175103|1663000.0|-0.219407665126458
1782421180299545264|1656000.0|-0.070443681780892
1782421180399486785|1654000.0|-0.0200117026435889
1782421180499466066|1651000.0|-0.0300062169880978
1782421180600058724|1667000.0|0.159057333985548
1782421180699993974|1651000.0|-0.160103667124463
1782421180799676999|1670000.0|0.190604167560124
1782421180899538184|1670000.0|0.0
1782421180999533833|1685000.0|0.15000652678398
1782421181099511658|1676000.0|-0.0900199619265572
1782421181199929052|1675000.0|-0.00995843409359936
1782421181299538988|1658000.0|-0.170665705477413
1782421181399632750|1656000.0|-0.0199812651661549
1782421181499751503|1655000.0|-0.009988138785548
1782421181599455488|1641000.0|-0.140415651390463
1782421181699572209|1767000.0|1.25853102999648
1782421181799466834|1883000.0|1.16122363941003
1782421181899597284|1699000.0|-1.83760284708598
1782421181999524645|1603000.0|-0.960697841304946
1782421182099503285|1549000.0|-0.540115368642742
1782421182199607943|1554000.0|0.0499477257092272
1782421182299542552|1583000.0|0.290189757984644
1782421182400221610|1556000.0|-0.268178909659643
1782421182499446298|1588000.0|0.322500384178583
1782421182599459371|1550000.0|-0.379950329093478
1782421182699595996|1637000.0|0.868812984260254
1782421182800141710|1646000.0|0.0895115230869016
1782421182899945438|1551000.0|-0.951868250853315
1782421182999458687|1592000.0|0.412005440602186
1782421183100019424|1556000.0|-0.357992603017617
1782421183199570080|1552000.0|-0.0401805488855844
1782421183299463633|1549000.0|-0.0300319681291144
1782421183399819122|1553000.0|0.0398583080991215
1782421183499906531|1585000.0|0.319720535477145
1782421183599939652|1543000.0|-0.419860937858772
1782421183699578548|1686000.0|1.43518250141993
1782421183799455173|1545000.0|-1.41174173636724
1782421183899676710|1543000.0|-0.0199557905403107
1782421183999450039|1592000.0|0.49111321122702
1782421184099905608|1545000.0|-0.467868535989279
1782421184199460952|1546000.0|0.0100446642020543
1782421184299563417|1542000.0|-0.0399590559533174
1782421184399616025|1688000.0|1.45923232705738
1782421184500136219|1554000.0|-1.33306547339135
1782421184599463514|0.0|-15.645246354489
1782421184699553307|1591000.0|15.8957267500793
1782421184799800460|1739000.0|1.47635115383277
1782421184899515740|1567000.0|-1.7249111670749
1782421185000154702|1590000.0|0.228539718046774
1782421185099449181|1564000.0|-0.261847388312496
1782421185199457982|1560000.0|-0.0399964799098031
1782421185299553311|1564000.0|0.0399619047158534
1782421185399606447|1743000.0|1.78904937072637
1782421185499564927|1794000.0|0.51021183995595
1782421185599637232|1761000.0|-0.329761565899776
1782421185699675681|1791000.0|0.299884697332723
1782421185799536897|1934000.0|1.43198736935068
1782421185900108434|1742000.0|-1.90908885085449
1782421186000134979|1598000.0|-1.4396178534408
1782421186099523122|1758000.0|1.60984997979085
1782421186199509395|1631000.0|-1.27017435683396
1782421186299996868|1564000.0|-0.666749774869948
1782421186399889924|1554000.0|-0.100107058492634
1782421186499917364|1595000.0|0.409887526862629
1782421186599469300|1552000.0|-0.431935346792251
1782421186699470484|1583000.0|0.309996329643457
1782421186799997301|1724000.0|1.40261080782056
1782421186899511509|1560000.0|-1.64800588072811
1782421186999545877|1647000.0|0.869701101125565
1782421187099552085|1606000.0|-0.409974548780012
1782421187199541397|1579000.0|-0.27002886068463
1782421187299650518|1553000.0|-0.259716594654747
1782421187399452470|1553000.0|0.0
1782421187500288567|1587000.0|0.337180841102963
1782421187599500566|1557000.0|-0.302382779324908
1782421187699498454|1559000.0|0.0200004224089213
1782421187799590662|1695000.0|1.35874712644964
1782421187899618951|1545000.0|-1.49957578500618
1782421187999798407|1579000.0|0.339390942590066
1782421188099516039|1552000.0|-0.270764552451466
1782421188199507223|1624000.0|0.720063480796467
1782421188299623143|1553000.0|-0.70917792095403
1782421188399500535|1554000.0|0.0100122758511756
1782421188499436342|1590000.0|0.360231243241974
1782421188599478214|1555000.0|-0.34985350933857
1782421188699573974|1553000.0|-0.0199808663224097
1782421188799509734|1725000.0|1.72110563826202
1782421188899503174|1610000.0|-1.15007544494919
1782421188999492886|1541000.0|-0.690070994503915
1782421189099499510|1558000.0|0.169988739945866
1782421189199503686|1551000.0|-0.0699970769220677
1782421189299514085|1547000.0|-0.0399958408325118
1782421189399510837|1550000.0|0.0300009744316495
1782421189499544565|1551000.0|0.00999662833719443
1782421189599565973|1550000.0|-0.00999785965820437
1782421189699572533|1547000.0|-0.0299980321290923
1782421189799493508|1778000.0|2.3118269212245
1782421189899489076|1754000.0|-0.240010637271444
1782421189999622132|1794000.0|0.399468483214973
1782421190099673284|1800000.0|0.0599693244911363
1782421190199579619|1817000.0|0.170159379783074
1782421190299559651|1792000.0|-0.250049929970016
1782421190399556562|1806000.0|0.140004324733591
1782421190499506786|1784000.0|-0.220109561735449
1782421190599678946|1800000.0|0.159725017410027
1782421190699523617|1713000.0|-0.871353464623064
1782421190799544961|1773000.0|0.599871963328147
1782421190899501888|1643000.0|-1.30056019029076
1782421190999553600|1650000.0|0.0699638203092417
1782421191099505280|1655000.0|0.0500241716797557
1782421191199516991|1657000.0|0.0199976580742629
1782421191299549230|1655000.0|-0.0199935542780363
1782421191399824142|1694000.0|0.38893078260692
1782421191499608397|1805000.0|1.11239994726623
1782421191599520413|1774000.0|-0.310272990588039
1782421191699487164|1677000.0|-0.970322622568778
1782421191799488875|1646000.0|-0.309994695990752
1782421191899678651|1694000.0|0.479090800642173
1782421191999651259|1593000.0|-1.01027673500325
1782421192099514697|1553000.0|-0.400546994987295
1782421192199461993|1559000.0|0.0600316390750581
1782421192299880617|1556000.0|-0.029874936346469
1782421192399686840|1547000.0|-0.0901747379018641
1782421192499522726|1583000.0|0.360591781596449
1782421192599526118|1554000.0|-0.289990163533653
1782421192699538581|1557000.0|0.029996261565921
1782421192799632724|1789000.0|2.31781793665989
1782421192899674660|1555000.0|-2.33901910894647
1782421192999704435|1596000.0|0.409877958837756
1782421193099545634|1563000.0|-0.330524876809622
1782421193199757393|1562000.0|-0.00997886884711803
1782421193299468112|1558000.0|-0.040116048105119
1782421193399672735|1559000.0|0.00997957948507026
1782421193499647934|1596000.0|0.370091786463961
1782421193599461229|1556000.0|-0.400748216958472
1782421193699533852|1551000.0|-0.0499637148513635
1782421193799650284|1713000.0|1.61811599518449
1782421193899616235|1542000.0|-1.71058243621371
1782421193999504522|1711000.0|1.69189006114401
1782421194099567224|1727000.0|0.159899739665235
1782421194200112744|1887000.0|1.59131903639267
1782421194299577974|1795000.0|-0.924946335518452
1782421194399525397|1789000.0|-0.0600315627947706
1782421194499525556|1787000.0|-0.0199999682000506
1782421194599617107|1803000.0|0.159853652382707
1782421194705068122|1791000.0|-0.113796913192348
1782421194799526417|1861000.0|0.741067790817101
1782421194899538064|1637000.0|-2.23973913758265
1782421194999567455|1662000.0|0.249926544089427
1782421195099545693|1642000.0|-0.200043533473755
1782421195199517516|1636000.0|-0.0600169109650026
1782421195299504363|1652000.0|0.160021047568387
1782421195399518138|1654000.0|0.019997245379449
1782421195499507592|1659000.0|0.0500052735561492
1782421195599506183|1661000.0|0.0200002818039706
1782421195699509798|1656000.0|-0.0499981925653388
1782421195799465637|1772000.0|1.16051249392244
1782421195899441555|1647000.0|-1.2503010975103
1782421195999655618|1700000.0|0.528867889529636
1782421196099520465|1689000.0|-0.110148869501597
1782421196199569295|1698000.0|0.0899560744488466
1782421196299538126|1696000.0|-0.0200062357436189
1782421196399610925|1684000.0|-0.119912704750069
1782421196499453659|1684000.0|0.0
1782421196599872298|1694000.0|0.0995831062797017
1782421196699565912|1690000.0|-0.040122931043507
1782421196800021255|1796000.0|1.05519524232773
1782421196899796406|1646000.0|-1.50338033565091
1782421196999642116|1670000.0|0.240370868212565
1782421197099555362|1665000.0|-0.0500434146639576
1782421197200090161|1661000.0|-0.0397872183541144
1782421197299499807|1652000.0|-0.0905344738879766
1782421197399495293|1650000.0|-0.0200009028407542
1782421197499517052|1651000.0|0.00999782457335108
1782421197599837947|1663000.0|0.11961615773065
1782421197699516121|1653000.0|-0.10032286506372
1782421197799491399|1796000.0|1.43035361201996
1782421197899461957|1654000.0|-1.4204181995263
1782421198000709078|1641000.0|-0.128398712690309
1782421198099597442|1634000.0|-0.0707868925812141
1782421198199737009|1647000.0|0.12981881577339
1782421198299637007|1732000.0|0.850850867884902
1782421198399461101|1823000.0|0.911603565367696
1782421198499511627|1743000.0|-0.799595996126997
1782421198599482729|1630000.0|-1.13032664179295
1782421198699525176|1547000.0|-0.829647839381618
1782421198799533734|1773000.0|2.25980660575068
1782421198899518948|1724000.0|-0.490072462114248
1782421198999540322|1570000.0|-1.53967091073954
1782421199099523696|1766000.0|1.96032592378809
1782421199199718911|1758000.0|-0.0798441322771751
1782421199299470764|1782000.0|0.240597034322761
1782421199399545291|1782000.0|0.0
1782421199499666297|1752000.0|-0.299637420742656
1782421199599598663|1758000.0|0.0600406078647232
1782421199699584005|1738000.0|-0.200029320297769
1782421199799464483|1858000.0|1.20143598031239
1782421199899587601|1710000.0|-1.47818009423158
1782421199999490255|1729000.0|0.190185137624072
1782421200099586909|1712000.0|-0.169835846860575
1782421200199507467|1729000.0|0.170135158772832
1782421200299515081|1730000.0|0.00999923865796858
1782421200399463815|1679000.0|-0.510261590707092
1782421200499585909|1551000.0|-1.27843910256212
1782421200599699299|1591000.0|0.399546953709189
1782421200699519777|1555000.0|-0.360647441499929
1782421200799455854|1707000.0|1.52097225109207
1782421200900023533|1553000.0|-1.53130709121765
1782421200999658138|1571000.0|0.180660123056643
1782421201099455576|1582000.0|0.110223270461111
1782421201199556453|1562000.0|-0.199798449318281
1782421201299766723|1611000.0|0.488971838914315
1782421201399695537|1550000.0|-0.610434543934445
1782421201499447198|1563000.0|0.130323644435354
1782421201599534348|1612000.0|0.489573336836947
1782421201706748548|1593000.0|-0.177215331551231
1782421201799593464|1854000.0|2.81113938430404
1782421201899524678|1783000.0|-0.710488716768716
1782421201999526179|1742000.0|-0.409993845992372
1782421202099511937|1678000.0|-0.640091161783261
1782421202199491486|1631000.0|-0.470096139361461
1782421202299500892|1631000.0|0.0
1782421202399489082|0.0|-16.3119264385124
1782421202499753432|1698000.0|16.9352317149615
1782421202599555013|1704000.0|0.0601192880902358
1782421202699515363|1633000.0|-0.710281626664973
1782421202799556288|1631000.0|-0.0199918183483409
1782421202899517982|1760000.0|1.29049433676064
1782421202999554267|1666000.0|-0.939659044715625
1782421203099516553|1730000.0|0.640241460664475
1782421203199526758|1732000.0|0.0199979592082628
1782421203299550724|1729000.0|-0.0299928119226946
1782421203399548961|1704000.0|-0.250004407577706
1782421203499490606|1843000.0|1.39081160811391
1782421203599630972|1838000.0|-0.0499299153749847
1782421203699582249|1773000.0|-0.650316853880716
1782421203799557127|1847000.0|0.740185949514237
1782421203899744420|1925000.0|0.778541845621081
1782421203999544050|1782000.0|-1.43287104371028
1782421204099455455|1769000.0|-0.130115275628443
1782421204199483468|1783000.0|0.139960792783118
1782421204299446889|1798000.0|0.150054888577693
1782421204399537575|1774000.0|-0.239782550795985
1782421204499576724|1778000.0|0.0399843465281777
1782421204599548465|1778000.0|0.0
1782421204699555743|1778000.0|0.0
1782421204799564668|1781000.0|0.0299973227389456
1782421204899509273|1895000.0|1.14063185301498
1782421204999497654|1777000.0|-1.18013712013199
1782421205099506435|1778000.0|0.00999912197709919
1782421205199491056|1811000.0|0.330050758506151
1782421205299761438|1763000.0|-0.478705666046031
1782421205399545291|1736000.0|-0.270584861059635
1782421205499660904|1767000.0|0.309642013578841
1782421205599830405|1771000.0|0.0399323143278911
1782421205699909506|1799000.0|0.279778692256638
1782421205799599071|1771000.0|-0.280871924759628
1782421205899543052|1788000.0|0.170095285678084
1782421205999475369|1798000.0|0.100067728840911
1782421206099839446|1778000.0|-0.19927448742442
1782421206199564275|1585000.0|-1.93532545440614
1782421206299462480|1560000.0|-0.250254746819525
1782421206399561516|1561000.0|0.00999010619842533
1782421206499587049|1568000.0|0.0699821314623737
1782421206599778375|1734000.0|1.65683005333216
1782421206700077124|1822000.0|0.87737883949081
1782421206800096385|1776000.0|-0.459911416462075
1782421206899514589|1794000.0|0.181053361213405
1782421206999477290|1803000.0|0.0900335816256105
1782421207099457207|1804000.0|0.0100020087034079
1782421207199584228|1810000.0|0.0599238840831987
1782421207299626417|1815000.0|0.0499789143958056
1782421207399653917|1803000.0|-0.119967009072505
1782421207499679770|1801000.0|-0.0199948307364097
1782421207599714247|1745000.0|-0.559806995342216
1782421207699804388|1613000.0|-1.31881121038685
1782421207799499600|1575000.0|-0.381161735229572
1782421207899469868|1544000.0|-0.310092196611897
1782421207999742890|1579000.0|0.349047024831864
1782421208099921318|1547000.0|-0.319430047355105
1782421208199969299|1553000.0|0.0599712252064337
1782421208300000928|1554000.0|0.00999683810007733
1782421208399668268|1586000.0|0.321068065025113
1782421208499651064|1722000.0|1.36023401465988
1782421208599567221|1713000.0|-0.0900755220199272
1782421208699651266|1727000.0|0.139882435806826
1782421208799512942|1720000.0|-0.0700969609202233
1782421208899589802|1711000.0|-0.0899308791263035
1782421208999876648|1711000.0|0.0
1782421209099899540|1723000.0|0.119972535887085
1782421209199459728|1722000.0|-0.0100441754891021
1782421209299460892|1719000.0|-0.0299996508040646
1782421209399542985|1731000.0|0.119901569204793
1782421209499898070|1737000.0|0.059787702835387
1782421209599710514|1744000.0|0.0701315359034791
1782421209699456238|1716000.0|-0.280713787791044
1782421209799989547|1632000.0|-0.835543968815351
1782421209899591671|1537000.0|-0.953794921080197
1782421209999506723|1546000.0|0.0900765182006811
1782421210099488544|1557000.0|0.110020000535897
1782421210199732812|1552000.0|-0.0498781636073197
1782421210299579272|1549000.0|-0.0300461328323508
1782421210399499060|1554000.0|0.0500401381956495
1782421210499573408|1593000.0|0.389710258217221
1782421210599567020|1552000.0|-0.410026192473175
1782421210700204761|1557000.0|0.0496831501812029
1782421210799643989|1619000.0|0.623496393194042
1782421210899519393|1747000.0|1.28159681837182
1782421210999497197|1731000.0|-0.160035521484349
1782421211099540585|1606000.0|-1.24945788521276
1782421211200170310|1596000.0|-0.0993742157200569
1782421211299535761|1549000.0|-0.473001425817511
1782421211399445581|1551000.0|0.0200180522795457
1782421211499456329|1585000.0|0.339963460727241
1782421211599446613|1553000.0|-0.320031094221115
1782421211700437203|1552000.0|-0.00990191264354431
1782421211799654830|1542000.0|-0.10078854234238
1782421211899604202|1549000.0|0.0700354575514491
1782421211999454693|1551000.0|0.0200299465728216
1782421212099453489|1588000.0|0.370004454853636
1782421212200302447|1554000.0|-0.337137841325044
1782421212299755418|1550000.0|-0.0402200151466566
1782421212399646118|1564000.0|0.140153187433865
1782421212499600273|1564000.0|0.0
1782421212599441869|1556000.0|-0.0801269242530939
1782421212699546809|1584000.0|0.27970647602406
1782421212799632325|1631000.0|0.469598418216678
1782421212899628721|1606000.0|-0.250009010324732
1782421212999555213|1766000.0|1.60117699318415
1782421213099582809|1738000.0|-0.279922752517215
1782421213199552421|1758000.0|0.200060794474225
1782421213299516672|1738000.0|-0.200071523568961
1782421213399471900|1736000.0|-0.0200089584108597
1782421213499486408|1772000.0|0.359947778776255
1782421213599790708|1671000.0|-1.00693589407433
1782421213699582655|1707000.0|0.360750552346674
1782421213800159100|1635000.0|-0.715873383673483
1782421213899579622|1545000.0|-0.905245699675566
1782421213999566722|1720000.0|1.75022577912551
1782421214099543886|1726000.0|0.0600137047296121
1782421214200199578|1645000.0|-0.804723492437964
1782421214299563429|1588000.0|-0.573649264056805
1782421214399588897|1772000.0|1.83953150811551
1782421214499617596|1695000.0|-0.769779081101515
1782421214599570760|1640000.0|-0.550257718705133
1782421214699566019|1724000.0|0.840039826288164
1782421214799539967|1746000.0|0.220057329335438
1782421214900531596|1715000.0|-0.30695613395839
1782421214999655622|1660000.0|-0.554860433130511
1782421215099554786|1718000.0|0.580585439133405
1782421215199724237|1706000.0|-0.119797002780818
1782421215299664857|1777000.0|0.710421848493636
1782421215399679508|1762000.0|-0.149978026719305
1782421215499754848|1739000.0|-0.229826848452376
1782421215599834203|1734000.0|-0.0499603539611142
1782421215699862327|1733000.0|-0.00999718839073699
1782421215799809906|1748000.0|0.150078672741038
1782421215899754845|1785000.0|0.370203837935206
1782421215999736825|1741000.0|-0.440079302290273
1782421216099525476|1725000.0|-0.160338874608095
1782421216199750096|1742000.0|0.169619001798161
1782421216299646539|1715000.0|-0.27027989374957
1782421216399542358|1706000.0|-0.0900938606850002
1782421216499494145|1615000.0|-0.91043894993093
1782421216599671437|1712000.0|0.968283311151992
1782421216699708840|1759000.0|0.469824271627683
1782421216799806740|1726000.0|-0.329677245976189
1782421216899768767|1710000.0|-0.160060779879944
1782421216999726394|1726000.0|0.160067825539716
1782421217099731797|1724000.0|-0.0199989194583817
1782421217200089233|1728000.0|0.0398575348218342
1782421217299553611|1732000.0|0.0402154025434111
1782421217399704695|1735000.0|0.0299547431758202
1782421217499564722|1739000.0|0.0400560676796132
1782421217599734205|1732000.0|-0.0698815626312057
1782421217699668296|1728000.0|-0.040026380987445
1782421217799700628|1743000.0|0.149951517675305
1782421217899543230|1729000.0|-0.140220704584602
1782421218000030826|1685000.0|-0.437864987833921
1782421218099512708|1593000.0|-0.924791511282426
1782421218199468943|1555000.0|-0.380166379816127
1782421218299747146|1575000.0|0.199445137643721
1782421218399447621|1563000.0|-0.120360509817029
1782421218499557872|1688000.0|1.24862338023705
1782421218599599147|1745000.0|0.569764829566596
1782421218699518966|1747000.0|0.0200160490683035
1782421218799635681|1758000.0|0.109871763171614
1782421218899515100|1708000.0|-0.500603632866547
1782421218999451879|1730000.0|0.220139174187313
1782421219100305443|1730000.0|0.0
1782421219199587933|1722000.0|-0.0805781563294796
1782421219299526887|1662000.0|-0.600366499733427
1782421219399760402|1716000.0|0.538741956719766
1782421219499516365|1719000.0|0.0300733901992405
1782421219599524616|1727000.0|0.0799933997445871
1782421219699523251|1714000.0|-0.130001774524222
1782421219799519661|1717000.0|0.0300010770386657
1782421219899957753|1606000.0|-1.10515838950824
1782421219999527283|0.0|-16.1294323675124
1782421220099513470|1577000.0|15.7721786110315
1782421220199911145|1787000.0|2.09168190398831
1782421220299616083|1779000.0|-0.0802367481538377
1782421220399607326|1773000.0|-0.0600052546601506
1782421220499451944|1784000.0|0.11017118619253
1782421220600113443|1787000.0|0.0298028544160663
1782421220699515613|1729000.0|-0.583488267912059
1782421220799542792|1839000.0|1.09970111223471
1782421220899664723|1766000.0|-0.72911098768161
1782421220999793453|1711000.0|-0.549292895255937
1782421221099474727|1702000.0|-0.0902877705997217
1782421221199848099|1574000.0|-1.27523861607439
1782421221299438061|1563000.0|-0.110452898857417
1782421221399637271|1567000.0|0.0399204744229021
1782421221499637938|1557000.0|-0.0999993330044489
1782421221599451740|1554000.0|-0.0300559636031097
1782421221699528518|1554000.0|0.0
1782421221800294785|1555000.0|0.00992395600007689
1782421221899611275|1550000.0|-0.0503441070057953
1782421221999967990|1564000.0|0.139502374106207
1782421222099639344|1552000.0|-0.12039567557194
1782421222199843978|1558000.0|0.0598774703373499
1782421222300370597|1555000.0|-0.0298428419242867
1782421222400155343|1557000.0|0.0200431436684721
1782421222500214362|1563000.0|0.0599646094871268
1782421222600172548|1566000.0|0.0300125494474259
1782421222699723821|1551000.0|-0.150676124452974
1782421222799767288|1549000.0|-0.0199913103771184
1782421222899440962|1548000.0|-0.0100327394372962
1782421222999435308|1601000.0|0.530029967894385
1782421223099616951|1562000.0|-0.389292876739903
1782421223199758881|1575000.0|0.129815752502473
1782421223299440219|1581000.0|0.0601918084205491
1782421223399493141|1557000.0|-0.23987305438216
1782421223499501024|1560000.0|0.0299976352864104
1782421223599445882|1575000.0|0.150082758634766
1782421223699498868|1557000.0|-0.179904675708529
1782421223799500126|1550000.0|-0.0699991194110778
1782421223899647208|1549000.0|-0.00998531340134304
1782421224000269603|1551000.0|0.0198762909588864
1782421224100756126|1554000.0|0.0298547497757485
1782421224199697926|1562000.0|0.0808556141084961
1782421224299462288|1619000.0|0.571346309015638
1782421224400045546|1597000.0|-0.218724273178743
1782421224500286805|1571000.0|-0.259374236311218
1782421224599521182|1585000.0|0.141080142015705
1782421224699938104|1565000.0|-0.199169618045054
1782421224799952018|1546000.0|-0.189973567077877
1782421224899885132|1543000.0|-0.0300200792301939
1782421224999702582|1551000.0|0.0801463070835811
1782421225100288369|1582000.0|0.308194635888269
1782421225200071594|1577000.0|-0.0501086229674377
1782421225300012804|1561000.0|-0.160094119332756
1782421225400235662|1558000.0|-0.029933291265751
1782421225499981080|1565000.0|0.0701786622419087
1782421225600288210|1556000.0|-0.0897244293601063
1782421225699701387|1577000.0|0.211239602573007
1782421225799523333|1577000.0|0.0
1782421225899451263|1589000.0|0.120086546373972
1782421226000065865|1567000.0|-0.218656135021038
1782421226099455938|1558000.0|-0.090552302944782
1782421226199488764|1559000.0|0.00999671847719268
1782421226299538629|1594000.0|0.349825559484763
1782421226400025792|1557000.0|-0.36820623545716
1782421226499506713|1586000.0|0.291513183718916
1782421226600219396|1560000.0|-0.25816013659372
1782421226699451821|1553000.0|-0.0705414586008555
1782421226799932711|1545000.0|-0.0796171291874505
1782421226899780960|1543000.0|-0.0200303963267298
1782421226999522922|1549000.0|0.0601552233351897
1782421227099827652|1575000.0|0.259210109034738
1782421227199942061|1568000.0|-0.0699200052212264
1782421227300006855|1557000.0|-0.109928772750984
1782421227399862784|1558000.0|0.0100144278864002
1782421227499804842|1561000.0|0.0300173926776653
1782421227599885027|1554000.0|-0.0699439154713793
1782421227699941661|1600000.0|0.459739631057347
1782421227799462742|1537000.0|-0.633031709131053
1782421227900016320|1541000.0|0.0397797878460377
1782421228000207898|1557000.0|0.159694061311221
1782421228100323812|1563000.0|0.0599305321229949
1782421228200223725|1560000.0|-0.0300300561823312
1782421228299820870|1581000.0|0.21084941742055
1782421228399453247|1557000.0|-0.240885550688006
1782421228499973721|1561000.0|0.0397928883622256
1782421228599717761|1587000.0|0.260667203774782
1782421228699520186|1582000.0|-0.0500989830657922
1782421228799971765|1541000.0|-0.408156849381133
1782421228899458205|1568000.0|0.271393769844413
1782421228999906295|1546000.0|-0.219018599557244
1782421229099686256|1561000.0|0.150330786358996
1782421229199948778|1604000.0|0.428874111106042
1782421229299510435|1558000.0|-0.462025255365125
1782421229400275166|1556000.0|-0.0198482145503867
1782421229499460550|1556000.0|0.0
1782421229599919936|1588000.0|0.318536687054806
1782421229700757290|1549000.0|-0.386761437631535
1782421229799614642|1540000.0|-0.0910402698223193
1782421229900416348|1539000.0|-0.00992046702066729
1782421229999829316|1553000.0|0.140826697780515
1782421230099876318|1551000.0|-0.0199906040163003
1782421230199542614|1560000.0|0.0903013391809002
1782421230299650415|1606000.0|0.459504649392908
1782421230399445912|1541000.0|-0.651331993466599
1782421230499498049|1576000.0|0.34981761558976
1782421230599950635|1544000.0|-0.318558249958841
1782421230699457635|1544000.0|0.0
1782421230800012525|1541000.0|-0.0298344516114532
1782421230900203702|1541000.0|0.0
1782421230999526718|1554000.0|0.130886077804967
1782421231099602439|1577000.0|0.229825973474625
1782421231199938801|1552000.0|-0.249161914002822
1782421231299458121|1548000.0|-0.0401932006770143
1782421231399995651|1584000.0|0.358075238172253
1782421231499508219|1568000.0|-0.160783711259466
1782421231599516596|1569000.0|0.00999916237016825
1782421231699583197|1539000.0|-0.299800329982229
1782421231799685910|1577000.0|0.379610091087142
1782421231899474782|1553000.0|-0.240507779264205
1782421231999581975|1570000.0|0.169817967026605
1782421232099457936|1566000.0|-0.0400496772191258
1782421232200527066|1553000.0|-0.128624833319531
1782421232299541122|1551000.0|-0.020199152330453
1782421232399452442|1550000.0|-0.0100088758711225
1782421232500128308|1550000.0|0.0
1782421232599619548|1575000.0|0.251278404008232
1782421232699537765|1549000.0|-0.260212809842273
1782421232800109854|1539000.0|-0.0994311652410839
1782421232900025319|1541000.0|0.0200169213044247
1782421232999456703|1553000.0|0.120686241277704
1782421233099496712|1561000.0|0.0799680056006392
1782421233199656689|1576000.0|0.149760417776454
1782421233299507577|1549000.0|-0.270403203624989
1782421233400006210|1549000.0|0.0
1782421233500185179|1539000.0|-0.0998213507268177
1782421233599658483|1544000.0|0.0502647423875656
1782421233699531771|1538000.0|-0.0600761236578093
1782421233799492164|1556000.0|0.180071320848048
1782421233899798525|1543000.0|-0.129602947115188
1782421233999666421|1551000.0|0.0801058229964112
1782421234099510750|1541000.0|-0.100155913712435
1782421234199452358|1552000.0|0.110064268727796
1782421234299450686|1544000.0|-0.080001337622365
1782421234399754711|1570000.0|0.259211930926999
1782421234499555135|1549000.0|-0.210419947714851
1782421234599615240|1546000.0|-0.0299819793313229
1782421234699447792|1542000.0|-0.0400670915434477
1782421234799674617|1538000.0|-0.0399094753325769
1782421234899551745|1538000.0|0.0
1782421234999949978|1566000.0|0.278889370493204
1782421235099451074|1560000.0|-0.060300843319354
1782421235199453739|1561000.0|0.00999973350710204
1782421235299516643|1553000.0|-0.0799497084354058
1782421235399685867|1545000.0|-0.0798648495070702
1782421235499494291|1545000.0|0.0
1782421235599457676|1569000.0|0.240087908187583
1782421235699487572|1542000.0|-0.2699193049246
1782421235799894093|1541000.0|-0.00995951249022959
1782421235899473765|1542000.0|0.0100422102213793
1782421235999815710|1554000.0|0.119591064335059
1782421236099482566|1559000.0|0.0501671287795012
1782421236199514526|1570000.0|0.109964855232268
1782421236299463926|1560000.0|-0.100050625616562
1782421236400575792|1557000.0|-0.0296701081552585
1782421236499556855|1553000.0|-0.0404117704817941
1782421236599842527|1552000.0|-0.00997151417602307
1782421236699448486|1554000.0|0.0200791199651017
1782421236799562687|1550000.0|-0.0399543717079658
1782421236899554087|1547000.0|-0.0300025802218991
1782421237000291408|1555000.0|0.0794144605056551
1782421237099542136|1558000.0|0.0302264785402884
1782421237200136112|1553000.0|-0.0497047656213529
1782421237299542599|1550000.0|-0.0301791169825768
1782421237399571104|1563000.0|0.129962954059945
1782421237499499271|1552000.0|-0.11007907310058
1782421237599834848|1554000.0|0.0199331090705742
1782421237699541703|1536000.0|-0.180529212359571
1782421237799556239|0.0|-15.3577675949024
1782421237900146824|1544000.0|15.3493490469312
1782421237999495887|1575000.0|0.312031126050982
1782421238099649191|1558000.0|-0.169739782124412
1782421238199904415|1554000.0|-0.0398981702938492
1782421238300054104|1544000.0|-0.0998505347330634
1782421238399467711|1548000.0|0.0402359407399834
1782421238500158120|1548000.0|0.0
1782421238599928463|1545000.0|-0.0300690556912288
1782421238699877223|1558000.0|0.130066646149487
1782421238799458206|1535000.0|-0.230967794322737
1782421238899691190|1536000.0|0.00997675575537091
1782421239000071726|1540000.0|0.0398483626347642
1782421239099897766|1554000.0|0.140243968407442
1782421239199905917|1546000.0|-0.0799934797314671
1782421239299677765|1605000.0|0.591349174969677
1782421239399459004|1541000.0|-0.641403139922927
1782421239500490453|1555000.0|0.138570713758644
1782421239599687099|1551000.0|-0.0403239440172201
1782421239699512883|1549000.0|-0.0200349040083672
1782421239799650651|1533000.0|-0.15977987446255
1782421239900055699|1550000.0|0.169314196234436
1782421239999507418|1537000.0|-0.130716694801424
1782421240099598258|1545000.0|0.079927393955331
1782421240199699914|1543000.0|-0.0199796894468959
1782421240300157218|1596000.0|0.527587322072669
1782421240400279898|1544000.0|-0.519362845660943
1782421240499466528|1543000.0|-0.0100820039959015
1782421240599519464|1544000.0|0.0099947092007375
1782421240699678832|1545000.0|0.00998408855774729
1782421240799789496|1534000.0|-0.109878404162817
1782421240899925519|1551000.0|0.169769075011098
1782421240999509031|1540000.0|-0.110460052864976
1782421241099464958|1546000.0|0.0600264554597148
1782421241199770581|1545000.0|-0.00996953082081949
1782421241299654732|1550000.0|0.0500579916827846
1782421241399534164|1547000.0|-0.030036214062571
1782421241500086908|1564000.0|0.169065500589422
1782421241599559267|1545000.0|-0.191007835654124
1782421241699833242|1551000.0|0.0598360641432635
1782421241799696818|1543000.0|-0.0801092882954642
1782421241899590457|1545000.0|0.0200212948494148
1782421242000097889|1536000.0|-0.0895456168853264
1782421242099547720|1561000.0|0.251383031510632
1782421242199818431|1546000.0|-0.149595029798881
1782421242299457766|1541000.0|-0.0501809852504536
1782421242399457757|1556000.0|0.150000013500001
1782421242499997701|1547000.0|-0.0895166601644417
1782421242599893117|1542000.0|-0.0500523467463212
1782421242699907412|1551000.0|0.0899871363388604
1782421242799563179|1536000.0|-0.150518133085063
1782421242899922595|1532000.0|-0.0398567484689229
1782421242999889258|1536000.0|0.0400133392469047
1782421243100251586|1545000.0|0.0896750820686423
1782421243199961976|1541000.0|-0.0401161804702599
1782421243299463855|1561000.0|0.201001229333569
1782421243399729015|1544000.0|-0.169550420106047
1782421243499453053|1543000.0|-0.0100276725657659
1782421243599504869|1546000.0|0.0299844632505221
1782421243700321773|1544000.0|-0.0198379430497092
1782421243799515779|1533000.0|-0.110893797353038
1782421243899687850|1548000.0|0.149742336863536
1782421243999508481|1535000.0|-0.130233598703659
1782421244099835545|1536000.0|0.00996740022213747
1782421244199813807|1537000.0|0.0100021742726434
1782421244300197559|1542000.0|0.0498088575131163
1782421244399549901|1539000.0|-0.0301955639857991
1782421244500240149|1564000.0|0.248286209405304
1782421244600037580|1541000.0|-0.230466854402294
1782421244700091523|1546000.0|0.0499730430413922
1782421244799462697|1528000.0|-0.181139049439025
1782421244899887584|1525000.0|-0.0298730731954919
1782421244999515175|1547000.0|0.220822362351409
1782421245099994430|1560000.0|0.129379940167749
1782421245200268085|1538000.0|-0.219399602019095
1782421245300161452|1546000.0|0.0800853974618755
1782421245399463858|1536000.0|-0.1007024945599
1782421245499444409|1544000.0|0.0800155622266975
1782421245599492192|1540000.0|-0.0399808959284985
1782421245700098375|1626000.0|0.854818237165404
1782421245799454189|1548000.0|-0.785057228759658
1782421245899450740|1599000.0|0.510017590506697
1782421245999531931|1540000.0|-0.589521361711213
1782421246099647746|1547000.0|0.0699190232831846
1782421246199611272|1546000.0|-0.0100036487308381
1782421246299506943|1559000.0|0.130135769346802
1782421246399828790|1543000.0|-0.159486696850787
1782421246499576396|1544000.0|0.0100253032639199
1782421246599520739|1546000.0|0.0200111375988534
1782421246699471241|1546000.0|0.0
1782421246799505296|1541000.0|-0.049982978296741
1782421246899554743|1551000.0|0.0999505774379742
1782421246999559869|1577000.0|0.259986673083138
1782421247099609172|1552000.0|-0.249876803239699
1782421247199588507|1542000.0|-0.100020669271305
1782421247299621681|1541000.0|-0.00999668370014931
1782421247399509448|1535000.0|-0.0600674154623959
1782421247499604463|1557000.0|0.219791165424172
1782421247599635237|1540000.0|-0.169947700294711
1782421247699938092|1543000.0|0.029909417832623
1782421247799539810|1534000.0|-0.0903598871658017
1782421247899955001|1532000.0|-0.0199173051416095
1782421247999896639|1545000.0|0.130075914905457
1782421248099676645|1585000.0|0.400881916162643
1782421248199724923|1550000.0|-0.34983110853742
1782421248299754706|1548000.0|-0.019994045173526
1782421248399495144|1543000.0|-0.0501301187388008
1782421248499457279|1547000.0|0.0400151517372053
1782421248599794789|1631000.0|0.837174452505349
1782421248699646155|1626000.0|-0.0500744276247558
1782421248800223842|1580000.0|-0.457357902851753
1782421248899650488|1527000.0|-0.533056299616101
1782421248999549998|1538000.0|0.110110650192378
1782421249099803381|1543000.0|0.0498736287033825
1782421249199455242|1543000.0|0.0
1782421249299711825|1564000.0|0.209462554693291
1782421249399709271|1542000.0|-0.220005618943508
1782421249500094526|1530000.0|-0.119539468221702
1782421249599485156|1589000.0|0.59361732589883
1782421249699676682|1560000.0|-0.289445636350523
1782421249800101681|1549000.0|-0.109534479557227
1782421249899457334|1527000.0|-0.22142675666376
1782421249999961277|1545000.0|0.179097450932845
1782421250100000099|1544000.0|-0.00999611930656281
1782421250199681320|1547000.0|0.0300959395350906
1782421250299834046|1562000.0|0.149771260344926
1782421250400092533|1541000.0|-0.209458576808565
1782421250499451178|1543000.0|0.020129098982781
1782421250599594064|1538000.0|-0.0499286589363921
1782421250699540118|1530000.0|-0.0800431800939335
1782421250799503244|1576000.0|0.460169682968898
1782421250900053443|1531000.0|-0.447537652312354
1782421250999824537|1557000.0|0.260596521072526
1782421251100075391|1565000.0|0.0797998189621407
1782421251199660308|1584000.0|0.190791944928769
1782421251299574554|1545000.0|-0.390334727642342
1782421251399457407|1539000.0|-0.0600703706370902
1782421251499499989|1560000.0|0.209910615861554
1782421251599826908|1562000.0|0.0199348292555461
1782421251699521954|1529000.0|-0.331009426486447
1782421251799530872|1553000.0|0.239978598708567
1782421251899640462|1552000.0|-0.00998905299682078
1782421251999704532|1537000.0|-0.149903956535048
1782421252099534985|1562000.0|0.250424587375157
1782421252199699039|1547000.0|-0.149754322044513
1782421252299561508|1540000.0|-0.0700964042857783
1782421252400111067|1559000.0|0.188961544823881
1782421252499496960|1541000.0|-0.181112222838306
1782421252599801734|1539000.0|-0.0199392304099105
1782421252699466155|1536000.0|-0.0301010126773325
1782421252800032642|1527000.0|-0.0894930335987574
1782421252899607751|1530000.0|0.0301280112081022
1782421252999731117|1614000.0|0.838965002435096
1782421253099794243|1539000.0|-0.749526853678347
1782421253199869705|1541000.0|0.019984918980439
1782421253299563518|1538000.0|-0.0300921382152371
1782421253399456228|1540000.0|0.0200214810470153
1782421253499448937|1540000.0|0.0
1782421253599721455|1568000.0|0.279239023398216
1782421253699506004|1537000.0|-0.310669340200155
1782421253799521018|1537000.0|0.0
1782421253900082705|1531000.0|-0.0596648701806285
1782421253999865830|1542000.0|0.110239081006934
1782421254099460251|1545000.0|0.0301221691925896
1782421254199810641|1564000.0|0.189336583544917
1782421254299511910|1545000.0|-0.190569289544349
1782421254399601500|1540000.0|-0.0499552450959186
1782421254499512689|1540000.0|0.0
1782421254599561623|1543000.0|0.0299853269800956
1782421254699498364|1527000.0|-0.160101278467746
1782421254799591425|1544000.0|0.169841943389063
1782421254899549863|1537000.0|-0.0700291054968266
1782421254999646652|1543000.0|0.0599419827543119
1782421255099472161|1541000.0|-0.0200349592006588
1782421255199457223|1545000.0|0.0400059760927087
1782421255299447612|1538000.0|-0.0700067283466614
1782421255399915394|1569000.0|0.308556627636111
1782421255500394936|1552000.0|-0.169188669271602
1782421255599461676|1548000.0|-0.0403768207170237
1782421255699466433|1539000.0|-0.0899957189036518
1782421255800232151|1529000.0|-0.0992401006858305
1782421255899914748|1531000.0|0.0200636827308984
1782421256000158354|0.0|-15.2727945560937
1782421256099467862|1568000.0|15.7890219333279
1782421256199952604|1541000.0|-0.268697510314551
1782421256299669408|1539000.0|-0.0200568000554851
1782421256400219558|1539000.0|0.0
1782421256499663723|1534000.0|-0.0502794708970607
1782421256599960225|1540000.0|0.059822624721249
1782421256699905926|1580000.0|0.400217313999328
1782421256799635898|1538000.0|-0.421137188326895
1782421256900020080|1532000.0|-0.0597703729856562
1782421256999540708|1529000.0|-0.0301445043132164
1782421257100145210|1546000.0|0.168978521458215
1782421257200210863|1538000.0|-0.0799475120599073
1782421257299989764|1571000.0|0.330731243472004
1782421257399977241|1546000.0|-0.250031311421129
1782421257499684590|1545000.0|-0.0100293509959833
1782421257599458242|1632000.0|0.871973695019202
1782421257699515831|1774000.0|1.41918270687094
1782421257799509676|1698000.0|-0.760046780879363
1782421257899528225|1699000.0|0.00999814544400159
1782421257999529078|1685000.0|-0.139998805810186
1782421258099492939|1720000.0|0.350126532227482
1782421258199454960|1608000.0|-1.12042552641068
1782421258299746645|1540000.0|-0.678022310623259
1782421258399718122|1537000.0|-0.0300085593413809
1782421258499572111|1547000.0|0.10014622450386
1782421258599633540|1538000.0|-0.0899447478408488
1782421258699521240|1540000.0|0.0200224852509368
1782421258799576333|1556000.0|0.159911899737078
1782421258899710802|1526000.0|-0.299597134728901
1782421258999581479|1528000.0|0.0200258980921898
1782421259099495963|1537000.0|0.0900770302732084
1782421259199930593|1540000.0|0.0298701752572793
1782421259299588533|1543000.0|0.0301029702199343
1782421259400375531|1560000.0|0.168672550401789
1782421259499447086|1537000.0|-0.232155435533438
1782421259599640787|1536000.0|-0.00998066734754114
1782421259699686168|1585000.0|0.489777733966549
1782421259799474076|1598000.0|0.13027630562212
1782421259899673153|1655000.0|0.568867515615937
1782421259999608678|1732000.0|0.770496777797485
1782421260099598378|1706000.0|-0.260026782758624
1782421260199448959|1712000.0|0.0600897855566809
1782421260299575907|1655000.0|-0.569277313835632
1782421260399665688|1650000.0|-0.0499551497669877
1782421260499532348|1717000.0|0.670894570820732
1782421260599504593|1743000.0|0.260072183034401
1782421260699503029|1744000.0|0.0100001564024461
1782421260799769834|1670000.0|-0.73803089666615
1782421260899779087|1541000.0|-1.2898806473437
1782421260999728804|1533000.0|-0.0800402466372166
1782421261099438631|1559000.0|0.2607566453806
1782421261199501212|1541000.0|-0.179887424650779
1782421261299561600|1577000.0|0.359782734402349
1782421261399612853|1665000.0|0.879549204646143
1782421261499578233|1616000.0|-0.490169696749015
1782421261599441853|1536000.0|-0.801092529992404
1782421261699550770|1559000.0|0.229749763450143
1782421261799500886|1529000.0|-0.300149726689662
1782421261899635019|1530000.0|0.00998660466756126
1782421261999437167|1610000.0|0.801585953841394
1782421262099615348|1548000.0|-0.618897242703978
1782421262199632104|1608000.0|0.59989948084299
1782421262299544108|1569000.0|-0.390343486654517
1782421262399621009|1538000.0|-0.309761790085806
1782421262500032981|1558000.0|0.199179436491896
1782421262599583529|1542000.0|-0.16072236990599
1782421262699655773|1540000.0|-0.0199855616308554
1782421262799680578|1534000.0|-0.0599851206908126
1782421262900274327|1550000.0|0.159055608912637
1782421263000348299|1533000.0|-0.169874340552806
1782421263100072943|1538000.0|0.0501380581514034
1782421263199540786|1540000.0|0.0201070008123128
1782421263299934183|1608000.0|0.67733538292364
1782421263399517162|1541000.0|-0.672805741230135
1782421263499491614|1546000.0|0.0500127772643355
1782421263599616307|1543000.0|-0.0299626386869421
1782421263699670375|1539000.0|-0.0399783844870755
1782421263799772011|1526000.0|-0.129868007352048
1782421263899499231|1550000.0|0.24065646269895
1782421263999568883|1550000.0|0.0
1782421264099504487|1543000.0|-0.0700451062466186
1782421264199453562|1546000.0|0.0300152852840309
1782421264299655662|1566000.0|0.199596615240599
1782421264400030835|1540000.0|-0.259028196145674
1782421264500124167|1566000.0|0.259757563071234
1782421264600040363|1549000.0|-0.170142586293017
1782421264699545822|1539000.0|-0.100496998863148
1782421264799688322|1534000.0|-0.0499288513867738
1782421264899607974|1531000.0|-0.0300241237829771
1782421264999453082|1536000.0|0.0500775661437514
1782421265099831774|1544000.0|0.0796981893328516
1782421265199589058|1576000.0|0.320778580940516
1782421265299528598|1756000.0|1.80108893837214
1782421265399729914|1872000.0|1.15766942621792
1782421265499524589|1737000.0|-1.35277759058787
1782421265599454145|1617000.0|-1.20084592390263
1782421265699429748|1591000.0|-0.26006344767933
1782421265799564105|1528000.0|-0.629154686637674
1782421265899705532|1534000.0|0.0599152636400917
1782421265999947105|1569000.0|0.349156532090732
1782421266099482292|1543000.0|-0.261214157361256
1782421266199512615|1544000.0|0.0099969686192056
1782421266299502235|1544000.0|0.0
1782421266399749263|1546000.0|0.0199507161449215
1782421266499484290|1570000.0|0.240637624733385
1782421266599459222|1733000.0|1.63040871085564
1782421266699514458|1746000.0|0.129928232841308
1782421266799510541|1736000.0|-0.100003917153435
1782421266899653889|1693000.0|-0.429384485927113
1782421266999522293|1716000.0|0.230303069627507
1782421267099936953|1730000.0|0.139421873260339
1782421267199461612|1730000.0|0.0
1782421267299515359|1728000.0|-0.0199892563743765
1782421267399479827|1747000.0|0.190067534796464
1782421267499512614|1719000.0|-0.279908226489781
1782421267599712330|1728000.0|0.0898206138628177
1782421267700282670|1710000.0|-0.178979209973835
1782421267800315506|1574000.0|-1.35955357698746
1782421267899548212|1631000.0|0.574407393465618
1782421267999753640|1621000.0|-0.0997949931414893
1782421268099991995|1606000.0|-0.149643317670167
1782421268199617662|1542000.0|-0.64240473290884
1782421268299489554|1606000.0|0.640820942893522
1782421268399469573|1686000.0|0.800159879945612
1782421268499470664|1639000.0|-0.469994872355943
1782421268599771772|1597000.0|-0.418739142941472
1782421268699940976|1531000.0|-0.658885139987735
1782421268799662915|1579000.0|0.481338414408488
1782421268899518438|1614000.0|0.350506401133165
1782421268999639097|1664000.0|0.49939743205246
1782421269099437212|1631000.0|-0.330667568220101
1782421269200096464|1601000.0|-0.298035197003053
1782421269299516531|1539000.0|-0.62361655821455
1782421269399542662|1640000.0|1.00973614584773
1782421269499514041|1667000.0|0.270077298823696
1782421269599625404|1624000.0|-0.429521671780655
1782421269699775312|1719000.0|0.94857800568324
1782421269799474595|1646000.0|-0.732201855453665
1782421269899490550|1639000.0|-0.0699888332816499
1782421269999617593|1653000.0|0.139822365472233
1782421270099449692|1648000.0|-0.0500840916907898
1782421270199456271|1648000.0|0.0
1782421270299564850|1634000.0|-0.139848154272572
1782421270399904518|1671000.0|0.368747482800122
1782421270501170778|1668000.0|-0.0296248720946147
1782421270599508939|1767000.0|1.00673023568134
1782421270699492206|1639000.0|-1.28021421824514
1782421270799513442|1653000.0|0.139970275912207
1782421270899485684|1651000.0|-0.020005553141441
1782421270999457191|1654000.0|0.0300085503362473
1782421271099450874|1642000.0|-0.120007580878884
1782421271199478333|1649000.0|0.0699807839765279
1782421271299456160|1645000.0|-0.0400088711670039
1782421271399457843|1651000.0|0.0599989902169946
1782421271499465286|1659000.0|0.079994046043153
